#pragma once

#include <stdint.h>

constexpr int ShadowTrainLogoWidth = 301;
constexpr int ShadowTrainLogoHeight = 121;

const uint16_t ShadowTrainLogo[] = {
0xF79E,0xF79E,0xF79E,0xF79E,0xF79E,0xF79E,0xF79E,0xF79E,0xF79E,0xF79E,0xF79E,0xF79E,
0xF79E,0xF79E,0xF79E,0xF79E,0xF79E,0xF79E,0xF79E,0xF79E,0xF79E,0xF79E,0xF79E,0xF79E,
0xF79E,0xF79E,0xF79E,0xF79E,0xF79E,0xF79E,0xF79E,0xF79E,0xF79E,0xF79E,0xF79E,0xF79E,
0xF79E,0xF79E,0xF79E,0xF79E,0xF79E,0xF79E,0xF79E,0xF79E,0xF79E,0xF79E,0xF79E,0xF79E,
0xF79E,0xF79E,0xF79E,0xF79E,0xF79E,0xF79E,0xF79E,0xF79E,0xF79E,0xF79E,0xF79E,0xF79E,
0xF79E,0xF79E,0xF79E,0xF79E,0xF79E,0xF79E,0xF79E,0xF79E,0xF79E,0xF79E,0xF79E,0xF79E,
0xF79E,0xF79E,0xF79E,0xF79E,0xF79E,0xF79E,0xF79E,0xF79E,0xF79E,0xF79E,0xF79E,0xF79E,
0xF79E,0xF79E,0xF79E,0xF79E,0xF79E,0xF79E,0xF79E,0xF79E,0xF79E,0xF79E,0xF79E,0xF79E,
0xF79E,0xF79E,0xF79E,0xF79E,0xF79E,0xF79E,0xF79E,0xF79E,0xF79E,0xF79E,0xF79E,0xF79E,
0xF79E,0xF79E,0xF79E,0xF79E,0xF79E,0xF79E,0xF79E,0xF79E,0xF79E,0xF79E,0xF79E,0xF79E,
0xF79E,0xF79E,0xF79E,0xF79E,0xF79E,0xF79E,0xF79E,0xF79E,0xF79E,0xF79E,0xF79E,0xF79E,
0xF79E,0xF79E,0xF79E,0xF79E,0xF79E,0xF79E,0xF79E,0xF79E,0xF79E,0xF79E,0xF79E,0xF79E,
0xF79E,0xF79E,0xF79E,0xF79E,0xF79E,0xF79E,0xF79E,0xF79E,0xF79E,0xF79E,0xF79E,0xF79E,
0xF79E,0xF79E,0xF79E,0xF79E,0xF79E,0xF79E,0xF79E,0xF79E,0xF79E,0xF79E,0xF79E,0xF79E,
0xF79E,0xF79E,0xF79E,0xF79E,0xF79E,0xF79E,0xF79E,0xF79E,0xF79E,0xF79E,0xF79E,0xF79E,
0xF79E,0xF79E,0xF79E,0xF79E,0xF79E,0xF79E,0xF79E,0xF79E,0xF79E,0xF79E,0xF79E,0xF79E,
0xF79E,0xF79E,0xF79E,0xF79E,0xF79E,0xF79E,0xF79E,0xF79E,0xF79E,0xF79E,0xF79E,0xF79E,
0xF79E,0xF79E,0xF79E,0xF79E,0xF79E,0xF79E,0xF79E,0xF79E,0xF79E,0xF79E,0xF79E,0xF79E,
0xF79E,0xF79E,0xF79E,0xF79E,0xF79E,0xF79E,0xF79E,0xF79E,0xF79E,0xF79E,0xF79E,0xF79E,
0xF79E,0xF79E,0xF79E,0xF79E,0xF79E,0xF79E,0xF79E,0xF79E,0xF79E,0xF79E,0xF79E,0xF79E,
0xF79E,0xF79E,0xF79E,0xF79E,0xF79E,0xF79E,0xF79E,0xF79E,0xF79E,0xF79E,0xF79E,0xF79E,
0xF79E,0xF79E,0xF79E,0xF79E,0xF79E,0xF79E,0xF79E,0xF79E,0xF79E,0xF79E,0xF79E,0xF79E,
0xF79E,0xF79E,0xF79E,0xF79E,0xF79E,0xF79E,0xF79E,0xF79E,0xF79E,0xF79E,0xF79E,0xF79E,
0xF79E,0xF79E,0xF79E,0xF79E,0xF79E,0xF79E,0xF79E,0xF79E,0xF79E,0xF79E,0xF79E,0xF79E,
0xF79E,0xF79E,0xF79E,0xF79E,0xF79E,0xF79E,0xF79E,0xF79E,0xF79E,0xF79E,0xF79E,0xF79E,
0xF79E,0xF79E,0xF79E,0xF79E,0xF79E,0xF79E,0xF79E,0xF79E,0xF79E,0xF79E,0xF79E,0xF79E,
0xF79E,0xF79E,0xF79E,0xF79E,0xF79E,0xF79E,0xF79E,0xF79E,0xF79E,0xF79E,0xF79E,0xF79E,
0xF79E,0xF79E,0xF79E,0xF79E,0xF79E,0xF79E,0xF79E,0xF79E,0xF79E,0xF79E,0xF79E,0xF79E,
0xF79E,0xF79E,0xF79E,0xF79E,0xF79E,0xF79E,0xF79E,0xF79E,0xF79E,0xF79E,0xF79E,0xF79E,
0xF79E,0xF79E,0xEF7D,0xEF7D,0xEF7D,0xEF7D,0xEF7D,0xEF7D,0xEF7D,0xEF7D,0xEF7D,0xEF7D,
0xEF7D,0xEF7D,0xEF7D,0xEF7D,0xEF7D,0xEF7D,0xEF7D,0xEF7D,0xEF7D,0xEF7D,0xEF7D,0xEF7D,
0xEF7D,0xEF7D,0xEF7D,0xEF7D,0xEF7D,0xEF7D,0xEF7D,0xEF7D,0xEF7D,0xEF7D,0xEF7D,0xEF7D,
0xEF7D,0xEF7D,0xEF7D,0xF79E,0xF79E,0xF79E,0xF79E,0xF79E,0xF79E,0xF79E,0xF79E,0xF79E,
0xF79E,0xF79E,0xF79E,0xF79E,0xF79E,0xF79E,0xF79E,0xF79E,0xF79E,0xF79E,0xF79E,0xF79E,
0xF79E,0xF79E,0xF79E,0xF79E,0xF79E,0xF79E,0xF79E,0xF79E,0xF79E,0xF79E,0xF79E,0xF79E,
0xF79E,0xF79E,0xF79E,0xF79E,0xF79E,0xF79E,0xF79E,0xF79E,0xF79E,0xF79E,0xF79E,0xF79E,
0xF79E,0xF79E,0xF79E,0xF79E,0xF79E,0xF79E,0xF79E,0xF79E,0xF79E,0xF79E,0xF79E,0xF79E,
0xF79E,0xF79E,0xF79E,0xF79E,0xF79E,0xF79E,0xF79E,0xF79E,0xF79E,0xF79E,0xF79E,0xF79E,
0xF79E,0xF79E,0xF79E,0xF79E,0xF79E,0xF79E,0xF79E,0xF79E,0xF79E,0xF79E,0xF79E,0xF79E,
0xF79E,0xF79E,0xF79E,0xF79E,0xF79E,0xF79E,0xF79E,0xF79E,0xF79E,0xF79E,0xF79E,0xF79E,
0xF79E,0xF79E,0xF79E,0xF79E,0xF79E,0xF79E,0xF79E,0xF79E,0xF79E,0xF79E,0xF79E,0xF79E,
0xF79E,0xF79E,0xF79E,0xF79E,0xF79E,0xF79E,0xF79E,0xF79E,0xF79E,0xF79E,0xF79E,0xF79E,
0xF79E,0xF79E,0xF79E,0xF79E,0xF79E,0xF79E,0xF79E,0xF79E,0xF79E,0xF79E,0xF79E,0xF79E,
0xF79E,0xF79E,0xF79E,0xF79E,0xF79E,0xF79E,0xF79E,0xF79E,0xF79E,0xF79E,0xF79E,0xF79E,
0xF79E,0xF79E,0xF79E,0xF79E,0xF79E,0xF79E,0xF79E,0xF79E,0xF79E,0xF79E,0xF79E,0xF79E,
0xF79E,0xF79E,0xF79E,0xF79E,0xF79E,0xF79E,0xF79E,0xF79E,0xF79E,0xF79E,0xF79E,0xF79E,
0xF79E,0xF79E,0xF79E,0xF79E,0xF79E,0xF79E,0xF79E,0xF79E,0xF79E,0xF79E,0xF79E,0xF79E,
0xF79E,0xF79E,0xF79E,0xF79E,0xF79E,0xF79E,0xF79E,0xF79E,0xF79E,0xF79E,0xF79E,0xF79E,
0xF79E,0xF79E,0xF79E,0xF79E,0xF79E,0xF79E,0xF79E,0xF79E,0xF79E,0xF79E,0xF79E,0xF79E,
0xF79E,0xF79E,0xF79E,0xF79E,0xF79E,0xF79E,0xF79E,0xF79E,0xF79E,0xF79E,0xF79E,0xF79E,
0xF79E,0xF79E,0xF79E,0xF79E,0xF79E,0xF79E,0xF79E,0xF79E,0xF79E,0xF79E,0xF79E,0xF79E,
0xF79E,0xF79E,0xF79E,0xF79E,0xF79E,0xF79E,0xF79E,0xF79E,0xF79E,0xF79E,0xF79E,0xF79E,
0xF79E,0xF79E,0xF79E,0xF79E,0xF79E,0xF79E,0xF79E,0xF79E,0xF79E,0xF79E,0xF79E,0xF79E,
0xF79E,0xF79E,0xF79E,0xF79E,0xF79E,0xF79E,0xF79E,0xF79E,0xEF7D,0xEF7D,0xEF7D,0xEF7D,
0xEF7D,0xEF7D,0xEF7D,0xEF7D,0xEF7D,0xEF7D,0xEF7D,0xEF7D,0xEF7D,0xEF5D,0xEF5D,0xEF5D,
0xEF5D,0xEF5D,0xEF5D,0xEF5D,0xEF5D,0xEF5D,0xEF5D,0xEF5D,0xEF5D,0xEF5D,0xEF5D,0xEF5D,
0xEF5D,0xEF5D,0xEF5D,0xEF5D,0xEF5D,0xEF5D,0xEF5D,0xEF5D,0xEF5D,0xEF5D,0xEF5D,0xEF5D,
0xEF7D,0xEF7D,0xEF7D,0xEF7D,0xEF7D,0xEF7D,0xEF7D,0xF79E,0xF79E,0xF79E,0xF79E,0xF79E,
0xF79E,0xF79E,0xF79E,0xF79E,0xF79E,0xF79E,0xF79E,0xF79E,0xF79E,0xF79E,0xF79E,0xF79E,
0xF79E,0xF79E,0xF79E,0xF79E,0xF79E,0xF79E,0xF79E,0xF79E,0xF79E,0xF79E,0xF79E,0xF79E,
0xF79E,0xF79E,0xF79E,0xF79E,0xF79E,0xF79E,0xF79E,0xF79E,0xF79E,0xF79E,0xF79E,0xF79E,
0xF79E,0xF79E,0xF79E,0xF79E,0xF79E,0xF79E,0xF79E,0xF79E,0xF79E,0xF79E,0xF79E,0xF79E,
0xF79E,0xF79E,0xF79E,0xF79E,0xF79E,0xF79E,0xF79E,0xF79E,0xF79E,0xF79E,0xF79E,0xF79E,
0xF79E,0xF79E,0xF79E,0xF79E,0xF79E,0xF79E,0xF79E,0xF79E,0xF79E,0xF79E,0xF79E,0xF79E,
0xF79E,0xF79E,0xF79E,0xF79E,0xF79E,0xF79E,0xF79E,0xF79E,0xF79E,0xF79E,0xF79E,0xF79E,
0xF79E,0xF79E,0xF79E,0xF79E,0xF79E,0xF79E,0xF79E,0xF79E,0xF79E,0xF79E,0xF79E,0xF79E,
0xF79E,0xF79E,0xF79E,0xF79E,0xF79E,0xF79E,0xF79E,0xF79E,0xF79E,0xF79E,0xF79E,0xF79E,
0xF79E,0xF79E,0xF79E,0xF79E,0xF79E,0xF79E,0xF79E,0xF79E,0xF79E,0xF79E,0xF79E,0xF79E,
0xF79E,0xF79E,0xF79E,0xF79E,0xF79E,0xF79E,0xF79E,0xF79E,0xF79E,0xF79E,0xF79E,0xF79E,
0xF79E,0xF79E,0xF79E,0xF79E,0xF79E,0xF79E,0xF79E,0xF79E,0xF79E,0xF79E,0xF79E,0xF79E,
0xF79E,0xF79E,0xF79E,0xF79E,0xF79E,0xF79E,0xF79E,0xF79E,0xF79E,0xF79E,0xF79E,0xF79E,
0xF79E,0xF79E,0xF79E,0xF79E,0xF79E,0xF79E,0xF79E,0xF79E,0xF79E,0xF79E,0xF79E,0xF79E,
0xF79E,0xF79E,0xF79E,0xF79E,0xF79E,0xF79E,0xF79E,0xF79E,0xF79E,0xF79E,0xF79E,0xF79E,
0xF79E,0xF79E,0xF79E,0xF79E,0xF79E,0xF79E,0xF79E,0xF79E,0xF79E,0xF79E,0xF79E,0xF79E,
0xF79E,0xF79E,0xF79E,0xF79E,0xF79E,0xF79E,0xF79E,0xF79E,0xF79E,0xF79E,0xF79E,0xF79E,
0xF79E,0xF79E,0xF79E,0xF79E,0xF79E,0xF79E,0xF79E,0xF79E,0xF79E,0xF79E,0xF79E,0xF79E,
0xF79E,0xF79E,0xF79E,0xF79E,0xF79E,0xF79E,0xF79E,0xF79E,0xF79E,0xF79E,0xF79E,0xF79E,
0xF79E,0xF79E,0xF79E,0xF79E,0xF79E,0xF79E,0xF79E,0xF79E,0xF79E,0xF79E,0xF79E,0xF79E,
0xF79E,0xF79E,0xF79E,0xF79E,0xF79E,0xF79E,0xEF7D,0xEF7D,0xEF7D,0xEF7D,0xEF7D,0xEF7D,
0xEF5D,0xEF5D,0xEF5D,0xEF5D,0xEF5D,0xEF5D,0xEF5D,0xEF5D,0xEF5D,0xEF5D,0xEF5D,0xEF5D,
0xEF5D,0xEF5D,0xEF5D,0xEF5D,0xEF5D,0xEF5D,0xEF5D,0xEF5D,0xEF5D,0xEF5D,0xEF5D,0xEF5D,
0xEF5D,0xEF5D,0xEF5D,0xEF5D,0xEF5D,0xEF5D,0xEF5D,0xEF5D,0xEF5D,0xEF5D,0xEF5D,0xEF5D,
0xEF5D,0xEF5D,0xEF5D,0xEF5D,0xEF5D,0xEF5D,0xEF7D,0xEF7D,0xEF7D,0xEF7D,0xEF7D,0xF79E,
0xF79E,0xF79E,0xF79E,0xF79E,0xF79E,0xF79E,0xF79E,0xF79E,0xF79E,0xF79E,0xF79E,0xF79E,
0xF79E,0xF79E,0xF79E,0xF79E,0xF79E,0xF79E,0xF79E,0xF79E,0xF79E,0xF79E,0xF79E,0xF79E,
0xF79E,0xF79E,0xF79E,0xF79E,0xF79E,0xF79E,0xF79E,0xF79E,0xF79E,0xF79E,0xF79E,0xF79E,
0xF79E,0xF79E,0xF79E,0xF79E,0xF79E,0xF79E,0xF79E,0xF79E,0xF79E,0xF79E,0xF79E,0xF79E,
0xF79E,0xF79E,0xF79E,0xF79E,0xF79E,0xF79E,0xF79E,0xF79E,0xF79E,0xF79E,0xF79E,0xF79E,
0xF79E,0xF79E,0xF79E,0xF79E,0xF79E,0xF79E,0xF79E,0xF79E,0xF79E,0xF79E,0xF79E,0xF79E,
0xF79E,0xF79E,0xF79E,0xF79E,0xF79E,0xF79E,0xF79E,0xF79E,0xF79E,0xF79E,0xF79E,0xF79E,
0xF79E,0xF79E,0xF79E,0xF79E,0xF79E,0xF79E,0xF79E,0xF79E,0xF79E,0xF79E,0xF79E,0xF79E,
0xF79E,0xF79E,0xF79E,0xF79E,0xF79E,0xF79E,0xF79E,0xF79E,0xF79E,0xF79E,0xF79E,0xF79E,
0xF79E,0xF79E,0xF79E,0xF79E,0xF79E,0xF79E,0xF79E,0xF79E,0xF79E,0xF79E,0xF79E,0xF79E,
0xF79E,0xF79E,0xF79E,0xF79E,0xF79E,0xF79E,0xF79E,0xF79E,0xF79E,0xF79E,0xF79E,0xF79E,
0xF79E,0xF79E,0xF79E,0xF79E,0xF79E,0xF79E,0xF79E,0xF79E,0xF79E,0xF79E,0xF79E,0xF79E,
0xF79E,0xF79E,0xF79E,0xF79E,0xF79E,0xF79E,0xF79E,0xF79E,0xF79E,0xF79E,0xF79E,0xF79E,
0xF79E,0xF79E,0xF79E,0xF79E,0xF79E,0xF79E,0xF79E,0xF79E,0xF79E,0xF79E,0xF79E,0xF79E,
0xF79E,0xF79E,0xF79E,0xF79E,0xF79E,0xF79E,0xF79E,0xF79E,0xF79E,0xF79E,0xF79E,0xF79E,
0xF79E,0xF79E,0xF79E,0xF79E,0xF79E,0xF79E,0xF79E,0xF79E,0xF79E,0xF79E,0xF79E,0xF79E,
0xF79E,0xF79E,0xF79E,0xF79E,0xF79E,0xF79E,0xF79E,0xF79E,0xF79E,0xF79E,0xF79E,0xF79E,
0xF79E,0xF79E,0xF79E,0xF79E,0xF79E,0xF79E,0xF79E,0xF79E,0xF79E,0xF79E,0xF79E,0xF79E,
0xF79E,0xF79E,0xF79E,0xF79E,0xF79E,0xF79E,0xF79E,0xF79E,0xF79E,0xF79E,0xF79E,0xF79E,
0xF79E,0xF79E,0xF79E,0xF79E,0xF79E,0xF79E,0xF79E,0xF79E,0xF79E,0xF79E,0xF79E,0xF79E,
0xF79E,0xF79E,0xF79E,0xF79E,0xEF7D,0xEF7D,0xEF7D,0xEF7D,0xEF7D,0xEF5D,0xEF5D,0xEF5D,
0xEF5D,0xEF5D,0xEF5D,0xE73D,0xE73C,0xE73C,0xE71C,0xE73C,0xE73C,0xE71C,0xE73C,0xE71C,
0xE73C,0xE73C,0xE73C,0xEF5D,0xEF5D,0xEF5D,0xEF5D,0xEF5D,0xEF5D,0xEF5D,0xEF5D,0xEF5D,
0xEF5D,0xEF5D,0xEF5D,0xEF5D,0xEF5D,0xE73C,0xE73C,0xE73C,0xE73C,0xE73C,0xE71C,0xE71C,
0xE71C,0xE71C,0xE73C,0xE73C,0xE73C,0xE73C,0xE75D,0xEF5D,0xEF5D,0xEF5D,0xEF7D,0xEF7D,
0xEF7D,0xF79E,0xF79E,0xF79E,0xF79E,0xF79E,0xF79E,0xF79E,0xF79E,0xF79E,0xF79E,0xF79E,
0xF79E,0xF79E,0xF79E,0xF79E,0xF79E,0xF79E,0xF79E,0xF79E,0xF79E,0xF79E,0xF79E,0xF79E,
0xF79E,0xF79E,0xF79E,0xF79E,0xF79E,0xF79E,0xF79E,0xF79E,0xF79E,0xF79E,0xF79E,0xF79E,
0xF79E,0xF79E,0xF79E,0xF79E,0xF79E,0xF79E,0xF79E,0xF79E,0xF79E,0xF79E,0xF79E,0xF79E,
0xF79E,0xF79E,0xF79E,0xF79E,0xF79E,0xF79E,0xF79E,0xF79E,0xF79E,0xF79E,0xF79E,0xF79E,
0xF79E,0xF79E,0xF79E,0xF79E,0xF79E,0xF79E,0xF79E,0xF79E,0xF79E,0xF79E,0xF79E,0xF79E,
0xF79E,0xF79E,0xF79E,0xF79E,0xF79E,0xF79E,0xF79E,0xF79E,0xF79E,0xF79E,0xF79E,0xF79E,
0xF79E,0xF79E,0xF79E,0xF79E,0xF79E,0xF79E,0xF79E,0xF79E,0xF79E,0xF79E,0xF79E,0xF79E,
0xF79E,0xF79E,0xF79E,0xF79E,0xF79E,0xF79E,0xF79E,0xF79E,0xF79E,0xF79E,0xF79E,0xF79E,
0xF79E,0xF79E,0xF79E,0xF79E,0xF79E,0xF79E,0xF79E,0xF79E,0xF79E,0xF79E,0xF79E,0xF79E,
0xF79E,0xF79E,0xF79E,0xF79E,0xF79E,0xF79E,0xF79E,0xF79E,0xF79E,0xF79E,0xF79E,0xF79E,
0xF79E,0xF79E,0xEF7D,0xEF7D,0xEF7D,0xEF7D,0xEF7D,0xEF7D,0xEF7D,0xEF7D,0xEF7D,0xEF7D,
0xEF7D,0xEF7D,0xEF7D,0xEF7D,0xEF7D,0xEF7D,0xEF7D,0xEF7D,0xEF7D,0xEF7D,0xEF7D,0xEF7D,
0xEF7D,0xEF7D,0xEF7D,0xEF7D,0xEF7D,0xEF7D,0xEF7D,0xEF7D,0xEF7D,0xF79E,0xF79E,0xF79E,
0xF79E,0xF79E,0xF79E,0xF79E,0xF79E,0xF79E,0xF79E,0xF79E,0xF79E,0xF79E,0xF79E,0xF79E,
0xF79E,0xF79E,0xF79E,0xF79E,0xF79E,0xF79E,0xF79E,0xF79E,0xF79E,0xF79E,0xF79E,0xF79E,
0xF79E,0xF79E,0xF79E,0xF79E,0xF79E,0xF79E,0xF79E,0xF79E,0xF79E,0xF79E,0xF79E,0xF79E,
0xF79E,0xF79E,0xF79E,0xF79E,0xF79E,0xF79E,0xF79E,0xF79E,0xF79E,0xF79E,0xF79E,0xF79E,
0xF79E,0xF79E,0xF79E,0xF79E,0xF79E,0xF79E,0xF79E,0xF79E,0xF79E,0xF79E,0xF79E,0xF79E,
0xF79E,0xF79E,0xF79E,0xF79E,0xF79E,0xF79E,0xF79E,0xF79E,0xF79E,0xF79E,0xF79E,0xF79E,
0xF79E,0xF79E,0xEF7D,0xEF7D,0xEF7D,0xEF7D,0xEF5D,0xEF5D,0xEF5D,0xEF5D,0xEF5D,0xE73C,
0xE71C,0xE73C,0xE73C,0xEF5D,0xF79E,0xF79E,0xF79E,0xF79E,0xF79E,0xF79E,0xF79E,0xF79E,
0xF79E,0xEF7D,0xEF5D,0xEF5D,0xEF5D,0xEF5D,0xEF5D,0xEF5D,0xEF5D,0xEF5D,0xEF5D,0xEF5D,
0xEF5D,0xEF5D,0xEF5D,0xEF5D,0xEF5D,0xEF5D,0xEF5D,0xEF5D,0xEF5D,0xEF5D,0xEF7D,0xF79E,
0xF79E,0xF79E,0xF79E,0xF79E,0xF79E,0xF79E,0xF79E,0xF79E,0xF79E,0xE73C,0xE73C,0xEF5D,
0xEF5D,0xEF7D,0xEF7D,0xF79E,0xF79E,0xF79E,0xF79E,0xF79E,0xF79E,0xF79E,0xF79E,0xF79E,
0xF79E,0xF79E,0xF79E,0xF79E,0xF79E,0xF79E,0xF79E,0xF79E,0xF79E,0xF79E,0xF79E,0xF79E,
0xF79E,0xF79E,0xF79E,0xF79E,0xF79E,0xF79E,0xF79E,0xF79E,0xF79E,0xF79E,0xF79E,0xF79E,
0xF79E,0xF79E,0xF79E,0xF79E,0xF79E,0xF79E,0xF79E,0xF79E,0xF79E,0xF79E,0xF79E,0xF79E,
0xF79E,0xF79E,0xF79E,0xF79E,0xF79E,0xF79E,0xF79E,0xF79E,0xF79E,0xF79E,0xF79E,0xF79E,
0xF79E,0xF79E,0xF79E,0xF79E,0xF79E,0xF79E,0xF79E,0xF79E,0xF79E,0xF79E,0xF79E,0xF79E,
0xF79E,0xF79E,0xF79E,0xF79E,0xF79E,0xF79E,0xF79E,0xF79E,0xF79E,0xF79E,0xF79E,0xF79E,
0xF79E,0xF79E,0xF79E,0xF79E,0xF79E,0xF79E,0xF79E,0xF79E,0xF79E,0xF79E,0xF79E,0xF79E,
0xF79E,0xF79E,0xF79E,0xF79E,0xF79E,0xF79E,0xF79E,0xF79E,0xF79E,0xF79E,0xF79E,0xF79E,
0xF79E,0xF79E,0xF79E,0xF79E,0xF79E,0xF79E,0xF79E,0xF79E,0xF79E,0xF79E,0xF79E,0xF79E,
0xF79E,0xF79E,0xF79E,0xF79E,0xF79E,0xF79E,0xF79E,0xF79E,0xF79E,0xF79E,0xF79E,0xEF7D,
0xEF7D,0xEF7D,0xEF7D,0xEF7D,0xEF7D,0xEF7D,0xEF5D,0xEF7D,0xEF7D,0xEF7D,0xEF7D,0xEF7D,
0xEF5D,0xEF5D,0xEF5D,0xEF5D,0xEF5D,0xEF5D,0xEF5D,0xEF5D,0xEF5D,0xEF5D,0xEF5D,0xEF7D,
0xEF5D,0xEF5D,0xEF5D,0xEF5D,0xEF5D,0xEF7D,0xEF5D,0xEF5D,0xEF7D,0xEF7D,0xEF7D,0xEF7D,
0xEF7D,0xF79E,0xF79E,0xF79E,0xF79E,0xF79E,0xF79E,0xF79E,0xF79E,0xF79E,0xF79E,0xF79E,
0xF79E,0xF79E,0xF79E,0xF79E,0xF79E,0xF79E,0xF79E,0xF79E,0xF79E,0xF79E,0xF79E,0xF79E,
0xF79E,0xF79E,0xF79E,0xF79E,0xF79E,0xF79E,0xF79E,0xF79E,0xF79E,0xF79E,0xF79E,0xF79E,
0xF79E,0xF79E,0xF79E,0xF79E,0xF79E,0xF79E,0xF79E,0xF79E,0xF79E,0xF79E,0xF79E,0xF79E,
0xF79E,0xF79E,0xF79E,0xF79E,0xF79E,0xF79E,0xF79E,0xF79E,0xF79E,0xF79E,0xF79E,0xF79E,
0xF79E,0xF79E,0xF79E,0xF79E,0xF79E,0xF79E,0xF79E,0xF79E,0xF79E,0xF79E,0xF79E,0xF79E,
0xF79E,0xEF7D,0xEF7D,0xEF7D,0xEF7D,0xEF5D,0xEF5D,0xEF5D,0xEF3D,0xE73C,0xE71C,0xEF5D,
0xF79E,0xF79E,0xF79E,0xF79E,0xEF5D,0xE71C,0xE6FC,0xE6DC,0xE6DC,0xE6BD,0xE6BD,0xEEDE,
0xE6DE,0xE6FE,0xE6FE,0xE6DE,0xE6FE,0xE6FE,0xDEFE,0xDF1E,0xDF1E,0xDF1E,0xDF1E,0xDF3E,
0xD73E,0xD73E,0xD75E,0xD75E,0xD77E,0xD77E,0xD77F,0xD79F,0xD79F,0xD79F,0xCFBF,0xD7BF,
0xD7DF,0xD7DF,0xD7DF,0xD7DF,0xD7DF,0xD7DF,0xDFDF,0xD7BE,0xDF7D,0xE73C,0xF79E,0xEF7D,
0xE73C,0xEF5D,0xEF5D,0xEF7D,0xEF7D,0xEF7D,0xF79E,0xF79E,0xF79E,0xF79E,0xF79E,0xF79E,
0xF79E,0xF79E,0xF79E,0xF79E,0xF79E,0xF79E,0xF79E,0xF79E,0xF79E,0xF79E,0xF79E,0xF79E,
0xF79E,0xF79E,0xF79E,0xF79E,0xF79E,0xF79E,0xF79E,0xF79E,0xF79E,0xF79E,0xF79E,0xF79E,
0xF79E,0xF79E,0xF79E,0xF79E,0xF79E,0xF79E,0xF79E,0xF79E,0xF79E,0xF79E,0xF79E,0xF79E,
0xF79E,0xF79E,0xF79E,0xF79E,0xF79E,0xF79E,0xF79E,0xF79E,0xF79E,0xF79E,0xF79E,0xF79E,
0xF79E,0xF79E,0xF79E,0xF79E,0xF79E,0xF79E,0xF79E,0xF79E,0xF79E,0xF79E,0xF79E,0xF79E,
0xF79E,0xF79E,0xF79E,0xF79E,0xF79E,0xF79E,0xF79E,0xF79E,0xF79E,0xF79E,0xF79E,0xF79E,
0xF79E,0xF79E,0xF79E,0xF79E,0xF79E,0xF79E,0xF79E,0xF79E,0xF79E,0xF79E,0xF79E,0xF79E,
0xF79E,0xF79E,0xF79E,0xF79E,0xF79E,0xF79E,0xF79E,0xF79E,0xF79E,0xF79E,0xF79E,0xF79E,
0xF79E,0xF79E,0xF79E,0xF79E,0xF79E,0xF79E,0xF79E,0xF79E,0xF79E,0xF79E,0xF79E,0xF79E,
0xF79E,0xF79E,0xF79E,0xF79E,0xF79E,0xF79E,0xF79E,0xF79E,0xF79E,0xF79E,0xEF7D,0xEF7D,
0xEF7D,0xEF7D,0xEF5D,0xEF7D,0xEF5D,0xEF5D,0xEF5D,0xE73C,0xE73C,0xE73C,0xE73C,0xEF5C,
0xEF5C,0xE73C,0xE73C,0xEF5D,0xEF5D,0xEF5D,0xEF5D,0xEF5D,0xEF5D,0xEF5D,0xE73C,0xE73C,
0xE73C,0xE73C,0xE73C,0xE73C,0xE73C,0xE73C,0xEF5C,0xE73C,0xEF5D,0xEF5D,0xEF5D,0xEF5D,
0xEF7D,0xEF7D,0xEF7D,0xEF7D,0xEF7D,0xF79E,0xF79E,0xF79E,0xF79E,0xF79E,0xF79E,0xF79E,
0xF79E,0xF79E,0xF79E,0xF79E,0xF79E,0xF79E,0xF79E,0xF79E,0xF79E,0xF79E,0xF79E,0xF79E,
0xF79E,0xF79E,0xF79E,0xF79E,0xF79E,0xF79E,0xF79E,0xF79E,0xF79E,0xF79E,0xF79E,0xF79E,
0xF79E,0xF79E,0xF79E,0xF79E,0xF79E,0xF79E,0xF79E,0xF79E,0xF79E,0xF79E,0xF79E,0xF79E,
0xF79E,0xF79E,0xF79E,0xF79E,0xF79E,0xF79E,0xF79E,0xF79E,0xF79E,0xF79E,0xF79E,0xF79E,
0xF79E,0xF79E,0xF79E,0xF79E,0xF79E,0xF79E,0xF79E,0xF79E,0xF79E,0xF79E,0xF79E,0xF79E,
0xEF7D,0xEF7D,0xEF7D,0xEF7D,0xEF5D,0xEF5D,0xEF5D,0xE73C,0xE71C,0xEF7D,0xF79E,0xF79E,
0xEF3D,0xE6FC,0xE6DD,0xEEBD,0xE69D,0xE67D,0xE65C,0xEE9E,0xEEBE,0xEEBE,0xEE9E,0xEE9E,
0xEE9E,0xE69D,0xE69D,0xE69D,0xDE9D,0xDE9D,0xDE9D,0xD69D,0xD6BD,0xD6BD,0xD6DD,0xD6DD,
0xD6DD,0xD6DD,0xD6FD,0xCEFD,0xCEFD,0xCF1D,0xCF1D,0xCF3D,0xCF5E,0xCF5E,0xCF5E,0xCF5E,
0xCF7E,0xCF9E,0xCF9E,0xCF9F,0xCF9E,0xCF9E,0xCF9E,0xCFBE,0xD7DE,0xD7FF,0xCFBE,0xD77D,
0xEF7D,0xF79E,0xE73C,0xEF5D,0xEF5D,0xEF5D,0xEF7D,0xEF7D,0xF79E,0xF79E,0xF79E,0xF79E,
0xF79E,0xF79E,0xF79E,0xF79E,0xF79E,0xF79E,0xF79E,0xF79E,0xF79E,0xF79E,0xF79E,0xF79E,
0xF79E,0xF79E,0xF79E,0xF79E,0xF79E,0xF79E,0xF79E,0xF79E,0xF79E,0xF79E,0xF79E,0xF79E,
0xF79E,0xF79E,0xF79E,0xF79E,0xF79E,0xF79E,0xF79E,0xF79E,0xF79E,0xF79E,0xF79E,0xF79E,
0xF79E,0xF79E,0xF79E,0xF79E,0xF79E,0xF79E,0xF79E,0xF79E,0xF79E,0xF79E,0xF79E,0xF79E,
0xF79E,0xF79E,0xF79E,0xF79E,0xF79E,0xF79E,0xF79E,0xF79E,0xF79E,0xF79E,0xF79E,0xF79E,
0xF79E,0xF79E,0xF79E,0xF79E,0xF79E,0xF79E,0xF79E,0xF79E,0xF79E,0xF79E,0xF79E,0xF79E,
0xF79E,0xF79E,0xF79E,0xF79E,0xF79E,0xF79E,0xF79E,0xF79E,0xF79E,0xF79E,0xF79E,0xF79E,
0xF79E,0xF79E,0xF79E,0xF79E,0xF79E,0xF79E,0xF79E,0xF79E,0xF79E,0xF79E,0xF79E,0xF79E,
0xF79E,0xF79E,0xF79E,0xF79E,0xF79E,0xF79E,0xF79E,0xF79E,0xF79E,0xF79E,0xF79E,0xF79E,
0xF79E,0xF79E,0xF79E,0xF79E,0xF79E,0xF79E,0xF79E,0xF79E,0xF79E,0xEF7D,0xEF7D,0xEF7D,
0xEF5D,0xEF5D,0xEF5D,0xEF5C,0xEF5C,0xE73C,0xEF5D,0xF79E,0xF79E,0xF79E,0xF79E,0xF79E,
0xF79E,0xF79E,0xF79E,0xEF7D,0xE73C,0xE71C,0xE71C,0xE71C,0xE71C,0xE71C,0xE71C,0xE73C,
0xEF7D,0xF79E,0xF79E,0xF79E,0xF79E,0xF79E,0xF79E,0xF79E,0xF79E,0xEF7D,0xE73C,0xE73C,
0xE73C,0xEF5D,0xEF5D,0xEF5D,0xEF7D,0xEF7D,0xEF7D,0xEF7D,0xF79E,0xF79E,0xF79E,0xF79E,
0xF79E,0xF79E,0xF79E,0xF79E,0xF79E,0xF79E,0xF79E,0xF79E,0xF79E,0xF79E,0xF79E,0xF79E,
0xF79E,0xF79E,0xF79E,0xF79E,0xF79E,0xF79E,0xF79E,0xF79E,0xF79E,0xF79E,0xF79E,0xF79E,
0xF79E,0xF79E,0xF79E,0xF79E,0xF79E,0xF79E,0xF79E,0xF79E,0xF79E,0xF79E,0xF79E,0xF79E,
0xF79E,0xF79E,0xF79E,0xF79E,0xF79E,0xF79E,0xF79E,0xF79E,0xF79E,0xF79E,0xF79E,0xF79E,
0xF79E,0xF79E,0xF79E,0xF79E,0xF79E,0xF79E,0xF79E,0xF79E,0xF79E,0xF79E,0xF79E,0xF79E,
0xEF7D,0xEF7D,0xEF7D,0xEF5D,0xEF5D,0xEF5D,0xE73C,0xE73C,0xF79E,0xF79E,0xE71C,0xE6BC,
0xEEBD,0xEE5D,0xEE9D,0xF6BE,0xEE9E,0xE67D,0xDE3C,0xDE3C,0xD61B,0xDE1B,0xDE1B,0xDE1B,
0xDE1B,0xD61B,0xDE1B,0xD61B,0xD61B,0xD63B,0xD63C,0xD65C,0xD67C,0xD67C,0xD67C,0xD69C,
0xD69C,0xCEBC,0xCE9C,0xCEBC,0xCEDC,0xCEDC,0xCEDC,0xCEDC,0xCEFD,0xC6FC,0xC6FC,0xC6FC,
0xC71C,0xC71C,0xC71D,0xC71D,0xC73D,0xC73D,0xC73D,0xC73D,0xC73C,0xC73C,0xC73C,0xC75C,
0xDFFF,0xCFBD,0xE73D,0xF79E,0xE71C,0xE73C,0xEF5D,0xEF5D,0xEF7D,0xEF7D,0xF79E,0xF79E,
0xF79E,0xF79E,0xF79E,0xF79E,0xF79E,0xF79E,0xF79E,0xF79E,0xF79E,0xF79E,0xF79E,0xF79E,
0xF79E,0xF79E,0xF79E,0xF79E,0xF79E,0xF79E,0xF79E,0xF79E,0xF79E,0xF79E,0xF79E,0xF79E,
0xF79E,0xF79E,0xF79E,0xF79E,0xF79E,0xF79E,0xF79E,0xF79E,0xF79E,0xF79E,0xF79E,0xF79E,
0xF79E,0xF79E,0xF79E,0xF79E,0xF79E,0xF79E,0xF79E,0xF79E,0xF79E,0xF79E,0xF79E,0xF79E,
0xF79E,0xF79E,0xF79E,0xF79E,0xF79E,0xF79E,0xF79E,0xF79E,0xF79E,0xF79E,0xF79E,0xF79E,
0xF79E,0xF79E,0xF79E,0xF79E,0xF79E,0xF79E,0xF79E,0xF79E,0xF79E,0xF79E,0xF79E,0xF79E,
0xF79E,0xF79E,0xF79E,0xF79E,0xF79E,0xF79E,0xF79E,0xF79E,0xF79E,0xF79E,0xF79E,0xF79E,
0xF79E,0xF79E,0xF79E,0xF79E,0xF79E,0xF79E,0xF79E,0xF79E,0xF79E,0xF79E,0xF79E,0xF79E,
0xF79E,0xF79E,0xF79E,0xF79E,0xF79E,0xF79E,0xF79E,0xF79E,0xF79E,0xF79E,0xF79E,0xF79E,
0xF79E,0xF79E,0xF79E,0xF79E,0xF79E,0xF79E,0xF79E,0xF79E,0xF79E,0xEF7D,0xEF7D,0xEF5D,
0xEF5D,0xEF5D,0xEF5C,0xE73C,0xEF7D,0xF79E,0xF79E,0xEF7D,0xEF5C,0xEF5C,0xEF7C,0xEF9C,
0xEF9B,0xEF7B,0xEF5C,0xEF5C,0xE73C,0xEF5D,0xF79E,0xF79E,0xF79E,0xF79E,0xF79E,0xF79E,
0xEF5D,0xE73C,0xEF5C,0xEF7C,0xEF9B,0xF7BC,0xF7BC,0xEF9C,0xEF7B,0xEF5C,0xE75C,0xF79E,
0xF79E,0xF79E,0xE73C,0xE73C,0xEF5D,0xEF5D,0xEF5D,0xEF7D,0xEF7D,0xEF7D,0xF79E,0xF79E,
0xF79E,0xF79E,0xF79E,0xF79E,0xF79E,0xF79E,0xF79E,0xF79E,0xF79E,0xF79E,0xF79E,0xF79E,
0xF79E,0xF79E,0xF79E,0xF79E,0xF79E,0xF79E,0xF79E,0xF79E,0xF79E,0xF79E,0xF79E,0xF79E,
0xF79E,0xF79E,0xF79E,0xF79E,0xF79E,0xF79E,0xF79E,0xF79E,0xF79E,0xF79E,0xF79E,0xF79E,
0xF79E,0xF79E,0xF79E,0xF79E,0xF79E,0xF79E,0xF79E,0xF79E,0xF79E,0xF79E,0xF79E,0xF79E,
0xF79E,0xF79E,0xF79E,0xF79E,0xF79E,0xF79E,0xF79E,0xF79E,0xF79E,0xF79E,0xF79E,0xEF7D,
0xEF7D,0xEF7D,0xEF5D,0xEF5D,0xEF5D,0xE73C,0xE71C,0xF79E,0xF79E,0xE6DC,0xF67C,0xF63C,
0xFE9E,0xF67D,0xE61C,0xDDFB,0xDE1B,0xDE1B,0xDE1B,0xDE1B,0xDE1C,0xDE1C,0xDE1C,0xDE1C,
0xDE1C,0xDE1C,0xDE1C,0xDE1C,0xDE1C,0xDE1C,0xDE3C,0xD63C,0xD63C,0xD65C,0xD65C,0xD67C,
0xD67C,0xD67C,0xD69C,0xD69C,0xCEBC,0xCEBC,0xCEBC,0xCEDC,0xCEDC,0xCEDC,0xCEDC,0xCEFD,
0xCEFD,0xCF1D,0xC71D,0xC71D,0xC71D,0xC73D,0xC73D,0xC73D,0xC73D,0xC73D,0xC73D,0xC73D,
0xC73C,0xC73C,0xD7DE,0xD7DE,0xE73C,0xEF5D,0xE71C,0xE73C,0xEF5D,0xEF5D,0xEF7D,0xEF7D,
0xF79E,0xF79E,0xF79E,0xF79E,0xF79E,0xF79E,0xF79E,0xF79E,0xF79E,0xF79E,0xF79E,0xF79E,
0xF79E,0xF79E,0xF79E,0xF79E,0xF79E,0xF79E,0xF79E,0xF79E,0xF79E,0xF79E,0xF79E,0xF79E,
0xF79E,0xF79E,0xF79E,0xF79E,0xF79E,0xF79E,0xF79E,0xF79E,0xF79E,0xF79E,0xF79E,0xF79E,
0xF79E,0xF79E,0xF79E,0xF79E,0xF79E,0xF79E,0xF79E,0xF79E,0xF79E,0xF79E,0xF79E,0xF79E,
0xF79E,0xF79E,0xF79E,0xF79E,0xF79E,0xF79E,0xF79E,0xF79E,0xF79E,0xF79E,0xF79E,0xF79E,
0xF79E,0xF79E,0xF79E,0xF79E,0xF79E,0xF79E,0xF79E,0xF79E,0xF79E,0xF79E,0xF79E,0xF79E,
0xF79E,0xF79E,0xF79E,0xF79E,0xF79E,0xF79E,0xF79E,0xF79E,0xF79E,0xF79E,0xF79E,0xF79E,
0xF79E,0xF79E,0xF79E,0xF79E,0xF79E,0xF79E,0xF79E,0xF79E,0xF79E,0xF79E,0xF79E,0xF79E,
0xF79E,0xF79E,0xF79E,0xF79E,0xF79E,0xF79E,0xF79E,0xF79E,0xF79E,0xF79E,0xF79E,0xF79E,
0xF79E,0xF79E,0xF79E,0xF79E,0xF79E,0xF79E,0xF79E,0xF79E,0xEF7D,0xEF7D,0xEF7D,0xEF5D,
0xEF5D,0xE73C,0xE71C,0xF79E,0xF79E,0xEF5C,0xEF9C,0xF7FC,0xFFFB,0xFFFB,0xFFFB,0xFFFC,
0xFFFC,0xFFFC,0xFFFC,0xFFFC,0xF7FB,0xFFFB,0xFFFB,0xFFFC,0xFFFC,0xF7DC,0xF7BB,0xF7DC,
0xFFFC,0xFFFB,0xF7FB,0xFFFC,0xFFFC,0xFFFC,0xFFFC,0xFFFC,0xFFFC,0xFFFC,0xFFFC,0xFFFB,
0xFFFC,0xF7DC,0xE75C,0xF79E,0xF79E,0xEF5C,0xE73C,0xEF5D,0xEF5D,0xEF5D,0xEF7D,0xEF7D,
0xEF7D,0xF79E,0xF79E,0xF79E,0xF79E,0xF79E,0xF79E,0xF79E,0xF79E,0xF79E,0xF79E,0xF79E,
0xF79E,0xF79E,0xF79E,0xF79E,0xF79E,0xF79E,0xF79E,0xF79E,0xF79E,0xF79E,0xF79E,0xF79E,
0xF79E,0xF79E,0xF79E,0xF79E,0xF79E,0xF79E,0xF79E,0xF79E,0xF79E,0xF79E,0xF79E,0xF79E,
0xF79E,0xF79E,0xF79E,0xF79E,0xF79E,0xF79E,0xF79E,0xF79E,0xF79E,0xF79E,0xF79E,0xF79E,
0xF79E,0xF79E,0xF79E,0xF79E,0xF79E,0xF79E,0xF79E,0xF79E,0xF79E,0xF79E,0xF79E,0xEF7D,
0xEF7D,0xEF7D,0xEF5D,0xEF5D,0xE73C,0xE71C,0xEF7D,0xF79E,0xE6DC,0xFE3C,0xFE5C,0xFE5D,
0xF5DA,0xEDDA,0xE5DB,0xE5FB,0xE5FB,0xE5FB,0xDE1B,0xDE1B,0xDE1B,0xDE1B,0xDE1B,0xDE1C,
0xDE1C,0xDE1C,0xDE1C,0xDE1C,0xDE1C,0xDE1C,0xDE1C,0xDE1C,0xDE1C,0xDE3C,0xD63C,0xD63C,
0xD65C,0xD65C,0xD67C,0xD67C,0xD69C,0xD69C,0xD6BC,0xCEBC,0xCEBC,0xCEBC,0xCEDC,0xCEDC,
0xCEDC,0xCEFD,0xCEFD,0xCEFD,0xC71D,0xC71D,0xC71D,0xC71D,0xC73D,0xC73D,0xC73D,0xC73D,
0xC73D,0xC73D,0xC73D,0xC71C,0xD7FF,0xDFBE,0xF79E,0xDEFB,0xE71C,0xE73C,0xEF5D,0xEF5D,
0xEF7D,0xEF7D,0xF79E,0xF79E,0xF79E,0xF79E,0xF79E,0xF79E,0xF79E,0xF79E,0xF79E,0xF79E,
0xF79E,0xF79E,0xF79E,0xF79E,0xF79E,0xF79E,0xF79E,0xF79E,0xF79E,0xF79E,0xF79E,0xF79E,
0xF79E,0xF79E,0xF79E,0xF79E,0xF79E,0xF79E,0xF79E,0xF79E,0xF79E,0xF79E,0xF79E,0xF79E,
0xF79E,0xF79E,0xF79E,0xF79E,0xF79E,0xF79E,0xF79E,0xF79E,0xF79E,0xF79E,0xF79E,0xF79E,
0xF79E,0xF79E,0xF79E,0xF79E,0xF79E,0xF79E,0xF79E,0xF79E,0xF79E,0xF79E,0xF79E,0xF79E,
0xF79E,0xF79E,0xF79E,0xF79E,0xF79E,0xF79E,0xF79E,0xF79E,0xF79E,0xF79E,0xF79E,0xF79E,
0xF79E,0xF79E,0xF79E,0xF79E,0xF79E,0xF79E,0xF79E,0xF79E,0xF79E,0xF79E,0xF79E,0xF79E,
0xF79E,0xF79E,0xF79E,0xF79E,0xF79E,0xF79E,0xF79E,0xF79E,0xF79E,0xF79E,0xF79E,0xF79E,
0xF79E,0xF79E,0xF79E,0xF79E,0xF79E,0xF79E,0xF79E,0xF79E,0xF79E,0xF79E,0xF79E,0xF79E,
0xF79E,0xF79E,0xF79E,0xF79E,0xF79E,0xF79E,0xF79E,0xEF7D,0xEF7D,0xEF7D,0xEF5D,0xEF5D,
0xE73C,0xE73C,0xE73C,0xF79E,0xE73C,0xF7BB,0xF7FB,0xFFFC,0xFFFC,0xF7FA,0xEFBA,0xEF99,
0xEF9A,0xEF99,0xEF9A,0xEF9A,0xEF9A,0xEF99,0xF7DA,0xF7FB,0xFFFB,0xFFFC,0xFFFC,0xFFFC,
0xFFFC,0xFFFC,0xF7FB,0xEFBA,0xEF99,0xEF9A,0xEF9A,0xEF9A,0xEF9A,0xEF9A,0xEF9A,0xEF9A,
0xEFBA,0xFFFB,0xFFFC,0xFFFC,0xFFFB,0xEF7C,0xF79E,0xF79E,0xE73C,0xE73C,0xEF5D,0xEF5D,
0xEF7D,0xEF7D,0xEF7D,0xF79E,0xF79E,0xF79E,0xF79E,0xF79E,0xF79E,0xF79E,0xF79E,0xF79E,
0xF79E,0xF79E,0xF79E,0xF79E,0xF79E,0xF79E,0xF79E,0xF79E,0xF79E,0xF79E,0xF79E,0xF79E,
0xF79E,0xF79E,0xF79E,0xF79E,0xF79E,0xF79E,0xF79E,0xF79E,0xF79E,0xF79E,0xF79E,0xF79E,
0xF79E,0xF79E,0xF79E,0xF79E,0xF79E,0xF79E,0xF79E,0xF79E,0xF79E,0xF79E,0xF79E,0xF79E,
0xF79E,0xF79E,0xF79E,0xF79E,0xF79E,0xF79E,0xF79E,0xF79E,0xF79E,0xF79E,0xF79E,0xEF7D,
0xEF7D,0xEF5D,0xEF5D,0xE73C,0xE71C,0xE73C,0xF79E,0xE71C,0xF65B,0xFE5D,0xFE3C,0xEDBA,
0xEDBA,0xF5BA,0xF5DA,0xEDDA,0xEDDB,0xE5FB,0xE5FB,0xE5FB,0xE5FB,0xDE1B,0xDE1B,0xDE1B,
0xDE1B,0xDE1B,0xDE1C,0xDE1C,0xDE1C,0xDE1C,0xDE1C,0xDE1C,0xDE1C,0xDE1C,0xDE1C,0xDE1C,
0xDE3C,0xD63C,0xD65C,0xD65C,0xD65C,0xD67C,0xD67C,0xD69C,0xD69C,0xCEBC,0xCEBC,0xCEBC,
0xCEBC,0xCEDC,0xCEDC,0xCEDC,0xCEFD,0xCEFD,0xCEFD,0xC71D,0xC71D,0xC71D,0xC73D,0xC73D,
0xC73D,0xC73D,0xC73D,0xC73D,0xC73C,0xC73C,0xD7DF,0xDF1B,0xEF7D,0xDEFB,0xE71C,0xE73C,
0xEF5D,0xEF5D,0xEF7D,0xEF7D,0xEF7D,0xEF7D,0xEF7D,0xEF7D,0xEF7D,0xEF7D,0xEF7D,0xEF7D,
0xEF7D,0xEF7D,0xEF7D,0xEF7D,0xEF7D,0xEF7D,0xEF7D,0xEF7D,0xEF7D,0xEF7D,0xEF7D,0xEF7D,
0xEF7D,0xEF7D,0xEF7D,0xEF7D,0xEF7D,0xEF7D,0xEF7D,0xEF7D,0xEF7D,0xEF7D,0xEF7D,0xEF7D,
0xEF7D,0xEF7D,0xEF7D,0xEF7D,0xEF7D,0xEF7D,0xEF7D,0xEF7D,0xEF7D,0xEF7D,0xEF7D,0xEF7D,
0xEF7D,0xEF7D,0xEF7D,0xEF7D,0xEF7D,0xEF7D,0xEF7D,0xEF7D,0xEF7D,0xEF7D,0xEF7D,0xEF7D,
0xEF7D,0xEF7D,0xEF7D,0xEF7D,0xEF7D,0xEF7D,0xEF7D,0xEF7D,0xEF7D,0xEF7D,0xEF7D,0xEF7D,
0xEF7D,0xEF7D,0xEF7D,0xEF7D,0xEF7D,0xEF7D,0xEF7D,0xEF7D,0xEF7D,0xEF7D,0xEF7D,0xEF7D,
0xEF7D,0xEF7D,0xEF7D,0xEF7D,0xEF7D,0xEF7D,0xEF7D,0xEF7D,0xEF7D,0xEF7D,0xEF7D,0xEF7D,
0xEF7D,0xEF7D,0xEF7D,0xEF7D,0xEF7D,0xEF7D,0xEF7D,0xEF7D,0xEF7D,0xEF7D,0xEF7D,0xEF7D,
0xEF7D,0xEF7D,0xEF7D,0xEF7D,0xEF7D,0xEF7D,0xEF7D,0xEF7D,0xEF7D,0xEF5D,0xEF5D,0xEF5D,
0xE73C,0xE71C,0xF79E,0xF79E,0xEF9B,0xFFFB,0xFFFC,0xEFDA,0xE799,0xEF99,0xEF99,0xEFB9,
0xEFBA,0xEFBA,0xEFBA,0xEFBA,0xEFBA,0xEFBA,0xEFBA,0xEFBA,0xEF99,0xEF99,0xEF99,0xEF9A,
0xEF9A,0xEF9A,0xEF9A,0xEF99,0xEFBA,0xEFBA,0xEFBA,0xEFBA,0xEFBA,0xEFBA,0xEFBA,0xEFBA,
0xEFBA,0xEFBA,0xEF99,0xEF9A,0xEF9A,0xFFFB,0xFFFD,0xF7FB,0xE75C,0xF79E,0xEF5D,0xE71C,
0xE73C,0xEF5D,0xEF5D,0xEF7D,0xEF7D,0xF79E,0xF79E,0xF79E,0xF79E,0xF79E,0xF79E,0xF79E,
0xF79E,0xF79E,0xF79E,0xF79E,0xF79E,0xF79E,0xF79E,0xF79E,0xF79E,0xF79E,0xF79E,0xF79E,
0xF79E,0xF79E,0xF79E,0xF79E,0xF79E,0xF79E,0xF79E,0xF79E,0xF79E,0xF79E,0xF79E,0xF79E,
0xF79E,0xF79E,0xF79E,0xF79E,0xF79E,0xF79E,0xF79E,0xF79E,0xF79E,0xF79E,0xF79E,0xF79E,
0xF79E,0xF79E,0xF79E,0xF79E,0xF79E,0xF79E,0xF79E,0xF79E,0xF79E,0xF79E,0xF79E,0xEF7D,
0xEF7D,0xEF5D,0xEF5D,0xE73C,0xE71C,0xEF5D,0xF79E,0xEE9B,0xFE3C,0xFE5D,0xEDBA,0xEDDA,
0xF5DA,0xF5DA,0xF5DA,0xF5DA,0xF5DA,0xF5DA,0xEDDA,0xEDDB,0xE5FB,0xE5FB,0xE5FB,0xE5FB,
0xDE1B,0xDE1B,0xDE1B,0xDE1B,0xDE1B,0xDE1C,0xD61C,0xDE1B,0xDE1B,0xDE1B,0xDE1B,0xD61B,
0xD61B,0xDE1B,0xD61B,0xD61B,0xD63C,0xD65C,0xD65C,0xD65C,0xD67C,0xD67C,0xD67C,0xCE9C,
0xCE9C,0xCE9C,0xCEBC,0xCEBC,0xCEBC,0xCEDC,0xCEDC,0xCEDC,0xC6FC,0xC6FC,0xC6FC,0xC71D,
0xC71D,0xC73D,0xC73D,0xC73D,0xC73D,0xC73D,0xC71C,0xD7FF,0xDF9E,0xF79E,0xDEDB,0xDEFB,
0xE71C,0xE73C,0xEF5D,0xEF5D,0xEF5D,0xEF7D,0xEF7D,0xEF7D,0xEF7D,0xEF7D,0xEF7D,0xEF7D,
0xEF7D,0xEF7D,0xEF7D,0xEF7D,0xEF7D,0xEF7D,0xEF7D,0xEF7D,0xEF7D,0xEF7D,0xEF7D,0xEF7D,
0xEF7D,0xEF7D,0xEF7D,0xEF7D,0xEF7D,0xEF7D,0xEF7D,0xEF7D,0xEF7D,0xEF7D,0xEF7D,0xEF7D,
0xEF7D,0xEF7D,0xEF7D,0xEF7D,0xEF7D,0xEF7D,0xEF7D,0xEF7D,0xEF7D,0xEF7D,0xEF7D,0xEF7D,
0xEF7D,0xEF7D,0xEF7D,0xEF7D,0xEF7D,0xEF7D,0xEF7D,0xEF7D,0xEF7D,0xEF7D,0xEF7D,0xEF7D,
0xEF7D,0xEF7D,0xEF7D,0xEF7D,0xEF7D,0xEF7D,0xEF7D,0xEF7D,0xEF7D,0xEF7D,0xEF7D,0xEF7D,
0xEF7D,0xEF7D,0xEF7D,0xEF7D,0xEF7D,0xEF7D,0xEF7D,0xEF7D,0xEF7D,0xEF7D,0xEF7D,0xEF7D,
0xEF7D,0xEF7D,0xEF7D,0xEF7D,0xEF7D,0xEF7D,0xEF7D,0xEF7D,0xEF7D,0xEF7D,0xEF7D,0xEF7D,
0xEF7D,0xEF7D,0xEF7D,0xEF7D,0xEF7D,0xEF7D,0xEF7D,0xEF7D,0xEF7D,0xEF7D,0xEF7D,0xEF7D,
0xEF7D,0xEF7D,0xEF7D,0xEF7D,0xEF7D,0xEF7D,0xEF7D,0xEF5D,0xEF5D,0xEF5D,0xEF5D,0xE73C,
0xE73C,0xDEFB,0xF79E,0xE75C,0xF7DB,0xFFFD,0xEFBA,0xEF99,0xEF99,0xEFB9,0xEFB9,0xEFB9,
0xEFB9,0xEFB9,0xEFB9,0xEFBA,0xEFBA,0xEFBA,0xEFBA,0xEFBA,0xEFBA,0xEFBA,0xEFBA,0xEFBA,
0xEFBA,0xEFBA,0xEFBA,0xEFBA,0xEFBA,0xEFBA,0xEFBA,0xEFBA,0xEFBA,0xEFBA,0xEFBA,0xEFBA,
0xEFBA,0xEFBA,0xEFBA,0xEFBA,0xEFBA,0xEFBA,0xEF99,0xEF99,0xFFFB,0xFFFD,0xF7BB,0xEF7D,
0xF79E,0xE71C,0xE73C,0xEF5D,0xEF5D,0xEF7D,0xEF7D,0xF79E,0xF79E,0xF79E,0xF79E,0xF79E,
0xF79E,0xF79E,0xF79E,0xF79E,0xF79E,0xF79E,0xF79E,0xF79E,0xF79E,0xF79E,0xF79E,0xF79E,
0xF79E,0xF79E,0xF79E,0xF79E,0xF79E,0xF79E,0xF79E,0xF79E,0xF79E,0xF79E,0xF79E,0xF79E,
0xF79E,0xF79E,0xF79E,0xF79E,0xF79E,0xF79E,0xF79E,0xF79E,0xF79E,0xF79E,0xF79E,0xF79E,
0xF79E,0xF79E,0xF79E,0xF79E,0xF79E,0xF79E,0xF79E,0xF79E,0xF79E,0xF79E,0xF79E,0xEF7D,
0xEF7D,0xEF5D,0xEF5D,0xE73C,0xE71C,0xF79E,0xEF5D,0xF65B,0xFE9D,0xF5FA,0xEDBA,0xF5DA,
0xF5DA,0xF5DA,0xF5DA,0xF5DA,0xF5DA,0xF5DA,0xF5DA,0xF5DA,0xF5DA,0xEDDA,0xEDDB,0xE5DA,
0xDDDA,0xDDDA,0xDDDB,0xDDFB,0xDE1B,0xDE3C,0xDE3C,0xDE5C,0xDE5C,0xE65C,0xDE5C,0xDE5C,
0xDE5C,0xE65C,0xE65C,0xDE5C,0xDE5C,0xE65C,0xDE5D,0xDE7D,0xDE7D,0xDE9D,0xDE9D,0xDEBD,
0xDEBD,0xDEDD,0xD6DD,0xD6DD,0xD6FD,0xD6FD,0xD6FD,0xD71D,0xD71D,0xD73E,0xD73E,0xD75E,
0xCF5E,0xC71D,0xC71D,0xC71D,0xC73D,0xC73D,0xC73D,0xC73D,0xCF9E,0xD7BF,0xE73C,0xD6BA,
0xD6DB,0xDEFB,0xE71C,0xE73C,0xE73C,0xE73C,0xEF5D,0xEF5D,0xEF5D,0xEF5D,0xEF5D,0xEF5D,
0xEF5D,0xEF5D,0xEF5D,0xEF5D,0xEF5D,0xEF5D,0xEF5D,0xEF5D,0xEF5D,0xEF5D,0xEF5D,0xEF5D,
0xEF5D,0xEF5D,0xEF5D,0xEF5D,0xEF5D,0xEF5D,0xEF5D,0xEF5D,0xEF5D,0xEF5D,0xEF5D,0xEF5D,
0xEF5D,0xEF5D,0xEF5D,0xEF5D,0xEF5D,0xEF5D,0xEF5D,0xEF5D,0xEF5D,0xEF5D,0xEF5D,0xEF5D,
0xEF5D,0xEF5D,0xEF5D,0xEF5D,0xEF5D,0xEF5D,0xEF5D,0xEF5D,0xEF5D,0xEF5D,0xEF5D,0xEF5D,
0xEF5D,0xEF5D,0xEF5D,0xEF5D,0xEF5D,0xEF5D,0xEF5D,0xEF5D,0xEF5D,0xEF5D,0xEF5D,0xEF5D,
0xEF5D,0xEF5D,0xEF5D,0xEF5D,0xEF5D,0xEF5D,0xEF5D,0xEF5D,0xEF5D,0xEF5D,0xEF5D,0xEF5D,
0xEF5D,0xEF5D,0xEF5D,0xEF5D,0xEF5D,0xEF5D,0xEF5D,0xEF5D,0xEF5D,0xEF5D,0xEF5D,0xEF5D,
0xEF5D,0xEF5D,0xEF5D,0xEF5D,0xEF5D,0xEF5D,0xEF5D,0xEF5D,0xEF5D,0xEF5D,0xEF5D,0xEF5D,
0xEF5D,0xEF5D,0xEF5D,0xEF5D,0xEF5D,0xEF5D,0xEF5D,0xEF5D,0xE73C,0xE73C,0xE73C,0xE73C,
0xE71C,0xDEFB,0xF79E,0xE73B,0xFFFB,0xFFFB,0xE799,0xEF99,0xEFB9,0xEFB9,0xEFB9,0xEFB9,
0xEFB9,0xEFB9,0xEFB9,0xEFB9,0xEFB9,0xEFB9,0xEFBA,0xEFBA,0xEFBA,0xEFBA,0xEFBA,0xEFBA,
0xEFBA,0xEFBA,0xEFBA,0xEFBA,0xEFBA,0xEFBA,0xEFBA,0xEFBA,0xEFBA,0xEFBA,0xEFBA,0xEFBA,
0xEFBA,0xEFBA,0xEFBA,0xEFBA,0xEFBA,0xEFBA,0xEFBA,0xEFBA,0xEFBA,0xEF99,0xEFBA,0xFFFD,
0xFFFB,0xE73C,0xF79E,0xE71C,0xE73C,0xEF5D,0xEF5D,0xEF7D,0xEF7D,0xF79E,0xF79E,0xF79E,
0xF79E,0xF79E,0xF79E,0xF79E,0xF79E,0xF79E,0xF79E,0xF79E,0xF79E,0xF79E,0xF79E,0xF79E,
0xF79E,0xF79E,0xF79E,0xF79E,0xF79E,0xF79E,0xF79E,0xF79E,0xF79E,0xF79E,0xF79E,0xF79E,
0xF79E,0xF79E,0xF79E,0xF79E,0xF79E,0xF79E,0xF79E,0xF79E,0xF79E,0xF79E,0xF79E,0xF79E,
0xF79E,0xF79E,0xF79E,0xF79E,0xF79E,0xF79E,0xF79E,0xF79E,0xF79E,0xF79E,0xF79E,0xEF7D,
0xEF7D,0xEF5D,0xEF5D,0xE73C,0xE6FC,0xF79E,0xE71C,0xFE3B,0xFE7C,0xEDDA,0xEDB9,0xF5DA,
0xF5DA,0xF5DA,0xF5DA,0xF5DA,0xF5DA,0xF5DA,0xF5DA,0xF5DA,0xEDDA,0xEDB9,0xED99,0xF5DB,
0xFE3C,0xFE7D,0xFEBF,0xFEFF,0xFEDF,0xF69E,0xF69E,0xE65C,0xDE3C,0xDE3C,0xDE3C,0xDE3C,
0xDE3C,0xDE3C,0xDE3C,0xDE3C,0xDE3C,0xDE3C,0xDE3C,0xDE3C,0xDE3C,0xDE5C,0xDE5C,0xD65C,
0xD67C,0xD67C,0xD67C,0xD69C,0xD69C,0xD6BC,0xD6BC,0xCEBC,0xCE9C,0xCE9C,0xCEBC,0xCEDD,
0xBE9B,0xB639,0xCF1D,0xC71D,0xC71D,0xC71D,0xC71D,0xC73D,0xC73D,0xC73D,0xD7FF,0xD6FC,
0xF79E,0xDEDB,0xD6DB,0xDEDB,0xDEFB,0xE71C,0xE71C,0xE73C,0xE73C,0xE73C,0xE73C,0xE73C,
0xE73C,0xE73C,0xE73C,0xE73C,0xE73C,0xE73C,0xE73C,0xE73C,0xE73C,0xE73C,0xE73C,0xE73C,
0xE73C,0xE73C,0xE73C,0xE73C,0xE73C,0xE73C,0xE73C,0xE73C,0xE73C,0xE73C,0xE73C,0xE73C,
0xE73C,0xE73C,0xE73C,0xE73C,0xE73C,0xE73C,0xE73C,0xE73C,0xE73C,0xE73C,0xE73C,0xE73C,
0xE73C,0xE73C,0xE73C,0xE73C,0xE73C,0xE73C,0xE73C,0xE73C,0xE73C,0xE73C,0xE73C,0xE73C,
0xE73C,0xE73C,0xE73C,0xE73C,0xE73C,0xE73C,0xE73C,0xE73C,0xE73C,0xE73C,0xE73C,0xE73C,
0xE73C,0xE73C,0xE73C,0xE73C,0xE73C,0xE73C,0xE73C,0xE73C,0xE73C,0xE73C,0xE73C,0xE73C,
0xE73C,0xE73C,0xE73C,0xE73C,0xE73C,0xE73C,0xE73C,0xE73C,0xE73C,0xE73C,0xE73C,0xE73C,
0xE73C,0xE73C,0xE73C,0xE73C,0xE73C,0xE73C,0xE73C,0xE73C,0xE73C,0xE73C,0xE73C,0xE73C,
0xE73C,0xE73C,0xE73C,0xE73C,0xE73C,0xE73C,0xE73C,0xE73C,0xE73C,0xE71C,0xE71C,0xDEFB,
0xDEFB,0xDEDB,0xF79E,0xE71B,0xFFFB,0xF7FB,0xE799,0xEF99,0xEF99,0xEF99,0xEF99,0xEFB9,
0xEFB9,0xEFB9,0xEFB9,0xEFB9,0xEFB9,0xEFB9,0xEFB9,0xEFB9,0xEFBA,0xEFBA,0xEFBA,0xEFBA,
0xEFBA,0xEFBA,0xEFBA,0xEFBA,0xEFBA,0xEFBA,0xEFBA,0xEFBA,0xEFBA,0xEFBA,0xEFBA,0xEFBA,
0xEFBA,0xEFBA,0xEFBA,0xEFBA,0xEFBA,0xEFBA,0xEFBA,0xEFBA,0xEFBA,0xEFBA,0xEFBA,0xEFBA,
0xEF9A,0xFFFC,0xFFFC,0xE73C,0xF79E,0xE71C,0xE73C,0xEF5D,0xEF5D,0xEF7D,0xEF7D,0xF79E,
0xF79E,0xF79E,0xF79E,0xF79E,0xF79E,0xF79E,0xF79E,0xF79E,0xF79E,0xF79E,0xF79E,0xF79E,
0xF79E,0xF79E,0xF79E,0xF79E,0xF79E,0xF79E,0xF79E,0xF79E,0xF79E,0xF79E,0xF79E,0xF79E,
0xF79E,0xF79E,0xF79E,0xF79E,0xF79E,0xF79E,0xF79E,0xF79E,0xF79E,0xF79E,0xF79E,0xF79E,
0xF79E,0xF79E,0xF79E,0xF79E,0xF79E,0xF79E,0xF79E,0xF79E,0xF79E,0xF79E,0xF79E,0xEF7D,
0xEF7D,0xEF5D,0xEF5D,0xE73C,0xE6FC,0xF79E,0xE6DB,0xFE3B,0xFE3B,0xEDB9,0xF5DA,0xF5DA,
0xF5DA,0xF5DA,0xF5DA,0xF5DA,0xF5DA,0xF5DA,0xF5DA,0xEDBA,0xEDBA,0xFDFB,0xFE7D,0xFEBE,
0xFE3C,0xDD58,0xAC33,0x6A8C,0x49C8,0x2904,0x0842,0x0821,0x0000,0x0000,0x0000,0x0000,
0x0000,0x0000,0x0000,0x0000,0x0000,0x0000,0x0000,0x0000,0x0000,0x0000,0x0000,0x0000,
0x0000,0x0000,0x0000,0x0000,0x0000,0x0000,0x0000,0x0000,0x0000,0x1082,0x10A3,0x10A2,
0x0000,0x0861,0x8CD4,0xCF1D,0xCEFC,0xCEFD,0xC71D,0xC71D,0xC73D,0xC73D,0xC71D,0xC75D,
0xD7DF,0xCEDB,0xE73C,0xF79E,0xF79E,0xF79E,0xF79E,0xF79E,0xF79E,0xF79E,0xF79E,0xF79E,
0xF79E,0xF79E,0xF79E,0xF79E,0xF79E,0xF79E,0xF79E,0xF79E,0xF79E,0xF79E,0xF79E,0xF79E,
0xF79E,0xF79E,0xF79E,0xF79E,0xF79E,0xF79E,0xF79E,0xF79E,0xF79E,0xF79E,0xF79E,0xF79E,
0xF79E,0xF79E,0xF79E,0xF79E,0xF79E,0xF79E,0xF79E,0xF79E,0xF79E,0xF79E,0xF79E,0xF79E,
0xF79E,0xF79E,0xF79E,0xF79E,0xF79E,0xF79E,0xF79E,0xF79E,0xF79E,0xF79E,0xF79E,0xF79E,
0xF79E,0xF79E,0xF79E,0xF79E,0xF79E,0xF79E,0xF79E,0xF79E,0xF79E,0xF79E,0xF79E,0xF79E,
0xF79E,0xF79E,0xF79E,0xF79E,0xF79E,0xF79E,0xF79E,0xF79E,0xF79E,0xF79E,0xF79E,0xF79E,
0xF79E,0xF79E,0xF79E,0xF79E,0xF79E,0xF79E,0xF79E,0xF79E,0xF79E,0xF79E,0xF79E,0xF79E,
0xF79E,0xF79E,0xF79E,0xF79E,0xF79E,0xF79E,0xF79E,0xF79E,0xF79E,0xF79E,0xF79E,0xF79E,
0xF79E,0xF79E,0xF79E,0xF79E,0xF79E,0xF79E,0xF79E,0xF79E,0xF79E,0xF79E,0xF79E,0xF79E,
0xF79E,0xF79E,0xF79E,0xDEFA,0xF7FB,0xF7FA,0xE779,0xEF99,0xEF99,0xEF99,0xEF99,0xEF99,
0xEF99,0xEF99,0xEFB9,0xEF99,0xE779,0xE779,0xE799,0xE799,0xE799,0xE799,0xE799,0xE799,
0xEF99,0xEF99,0xEFBA,0xEFBA,0xEFBA,0xEFBA,0xEFBA,0xEF99,0xEF99,0xEF99,0xEF99,0xEF99,
0xEF99,0xEF99,0xEF99,0xEF99,0xEF99,0xEF99,0xEFBA,0xEFBA,0xEFBA,0xEFBA,0xEFBA,0xEFBA,
0xEFBA,0xEFBA,0xEF99,0xFFFB,0xFFFC,0xE73C,0xEF7D,0xDEFB,0xE73C,0xEF5D,0xEF5D,0xEF7D,
0xEF7D,0xF79E,0xF79E,0xF79E,0xF79E,0xF79E,0xF79E,0xF79E,0xF79E,0xF79E,0xF79E,0xF79E,
0xF79E,0xF79E,0xF79E,0xF79E,0xF79E,0xF79E,0xF79E,0xF79E,0xF79E,0xF79E,0xF79E,0xF79E,
0xF79E,0xF79E,0xF79E,0xF79E,0xF79E,0xF79E,0xF79E,0xF79E,0xF79E,0xF79E,0xF79E,0xF79E,
0xF79E,0xF79E,0xF79E,0xF79E,0xF79E,0xF79E,0xF79E,0xF79E,0xF79E,0xF79E,0xF79E,0xEF7D,
0xEF7D,0xEF5D,0xEF5D,0xE73C,0xE6FB,0xF79E,0xE6DB,0xFE5B,0xFE1B,0xEDD9,0xF5D9,0xF5D9,
0xF5D9,0xF5DA,0xF5DA,0xF5DA,0xF5DA,0xF5DA,0xEDB9,0xF5DA,0xFE5C,0xFE9D,0xF5DA,0x9BD1,
0x49C8,0x0820,0x0000,0x0000,0x1042,0x4187,0x626B,0x7B0E,0x93D1,0x93F2,0x9C12,0x9C33,
0x9C74,0xA474,0xA494,0xA494,0xA494,0xA494,0xA494,0xA494,0xA494,0xA4B5,0xA495,0xA495,
0xA4B5,0xA4B5,0xA4B5,0xA4D5,0xA4D5,0xA4F5,0xA4F5,0xA4F5,0xB598,0xAD78,0x6B4E,0x2946,
0x0000,0x2986,0xBE3A,0xE79F,0xCEDD,0xCEDC,0xCEFD,0xCEFD,0xCF1D,0xC71D,0xC71D,0xC71D,
0xC73D,0xC75E,0xD7FF,0xCF9E,0xD75D,0xD75D,0xD77D,0xD77D,0xD77D,0xD77D,0xD79D,0xD79D,
0xD79D,0xD79D,0xD79D,0xD79D,0xD79D,0xD79C,0xD79C,0xD79C,0xD77C,0xD77C,0xD77C,0xDF7C,
0xDF9C,0xDF9C,0xDF9C,0xDF9B,0xDF9B,0xDF9B,0xDF9B,0xDF9B,0xDF9B,0xDFBA,0xDFBA,0xDFBA,
0xDFBA,0xDFBA,0xDFBA,0xDFBA,0xDFBA,0xDFBA,0xDFB9,0xDFB9,0xDFB9,0xDFB9,0xDFB9,0xDFB9,
0xDFB9,0xDFB9,0xDFB9,0xDFB9,0xDFB9,0xDFB9,0xDFB9,0xDFB9,0xDFD9,0xE7D9,0xE7D9,0xE7B9,
0xE7BA,0xE7BA,0xE7BA,0xE7BA,0xE7BA,0xE7BA,0xE7BA,0xE7BA,0xE7BA,0xE7BA,0xE7DA,0xE7DA,
0xE7DA,0xE7DA,0xE7DA,0xE7DA,0xE7DA,0xE7DA,0xE7DA,0xE7DA,0xEFDA,0xEFDA,0xEFDA,0xEFDA,
0xE7BA,0xE79A,0xE7BA,0xE7BA,0xE7BA,0xE7BA,0xE7BA,0xE7BB,0xEFBA,0xEF9A,0xEF9B,0xEF9B,
0xEF9A,0xEFBB,0xEFBB,0xEFBB,0xEFBB,0xEFBB,0xEFBB,0xEFBB,0xEFBB,0xEFBB,0xEFBB,0xEFBB,
0xEFBB,0xEFBB,0xEFBB,0xEFBB,0xEFBB,0xEFBB,0xEFBB,0xEFBB,0xEFBB,0xEFBB,0xEFBB,0xEFBB,
0xEFBB,0xEFBB,0xEF9B,0xEFDA,0xFFFB,0xEFFA,0xE799,0xE799,0xE799,0xE799,0xEF99,0xEF99,
0xEF99,0xEF99,0xE799,0xE779,0xF7FA,0xFFFC,0xFFFD,0xFFFC,0xFFFC,0xFFFC,0xFFFC,0xFFFD,
0xFFFC,0xFFFB,0xF7FA,0xEFBA,0xEF99,0xEF99,0xEF99,0xEFBA,0xF7FB,0xFFFC,0xFFFC,0xFFFD,
0xFFFD,0xFFFD,0xFFFD,0xFFFD,0xFFFD,0xFFFC,0xF7FB,0xEF99,0xEF99,0xEFBA,0xEFBA,0xEFBA,
0xEFBA,0xEFBA,0xEFBA,0xEFBA,0xEF99,0xFFFC,0xFFFC,0xEF5D,0xE73C,0xE71C,0xE73C,0xEF5D,
0xEF5D,0xEF7D,0xEF7D,0xF79E,0xF79E,0xF79E,0xF79E,0xF79E,0xF79E,0xF79E,0xF79E,0xF79E,
0xF79E,0xF79E,0xF79E,0xF79E,0xF79E,0xF79E,0xF79E,0xF79E,0xF79E,0xF79E,0xF79E,0xF79E,
0xF79E,0xF79E,0xF79E,0xF79E,0xF79E,0xF79E,0xF79E,0xF79E,0xF79E,0xF79E,0xF79E,0xF79E,
0xF79E,0xF79E,0xF79E,0xF79E,0xF79E,0xF79E,0xF79E,0xF79E,0xF79E,0xF79E,0xF79E,0xEF7D,
0xEF7D,0xEF5D,0xEF5D,0xE73C,0xDEFB,0xEF7D,0xE71C,0xFE3B,0xFE3B,0xEDD9,0xF5D9,0xF5D9,
0xF5D9,0xF5D9,0xF5D9,0xF5D9,0xF5DA,0xEDB9,0xEDDA,0xFE7C,0xFE5C,0xBC94,0x49C7,0x0000,
0x0000,0x20C3,0x6A8B,0xBC74,0xEDBA,0xFE5D,0xFE9E,0xFE9D,0xFE7D,0xFE7D,0xF67D,0xF67D,
0xF67D,0xEE7D,0xEE7D,0xEE7D,0xEE9D,0xE67D,0xE67D,0xE67D,0xE67D,0xE67D,0xE67D,0xE67D,
0xE67D,0xE67D,0xE65D,0xDE5D,0xDE5C,0xDE7D,0xD63C,0xDE7D,0xFF7F,0xBD98,0x39C8,0x0021,
0x0000,0x4A6A,0xDF1E,0xE73F,0xCE9C,0xCEDC,0xCEDC,0xCEDC,0xCEFD,0xCEFD,0xCEFD,0xCF1D,
0xC71D,0xC71D,0xC71D,0xC71C,0xCF9E,0xD7DF,0xD7DF,0xD7DF,0xD7DF,0xD7DF,0xD7DF,0xD7DF,
0xD7DF,0xD7DE,0xD7DE,0xD7DE,0xD7DE,0xD7DE,0xD7DD,0xD7DD,0xD7DD,0xD7DD,0xD7DD,0xD7DC,
0xD7DC,0xD7DC,0xD7DC,0xD7DC,0xD7DB,0xD7DB,0xD7DB,0xD7DB,0xD7DB,0xD7DA,0xD7DA,0xD7DA,
0xD7DA,0xD7DA,0xD7DA,0xD7D9,0xD7D9,0xD7D9,0xD7D9,0xD7B9,0xD7B8,0xD7B8,0xD7B8,0xD7B8,
0xD7B7,0xD7B8,0xD7B8,0xD7B8,0xD7B8,0xD7B8,0xD7B8,0xDFB8,0xDFB8,0xDFB8,0xDFB8,0xDFB8,
0xDFD8,0xDFD8,0xDFD9,0xDFD9,0xDFD9,0xDFD9,0xE7D9,0xE7D9,0xE7F9,0xE7F9,0xE7F9,0xE7F9,
0xE7F9,0xE7F9,0xE7F9,0xE7F9,0xE7F9,0xE7F9,0xE7F9,0xE7F9,0xE7F9,0xEFF9,0xE7F9,0xEFF9,
0xEFF9,0xEFF9,0xEFFA,0xEFFA,0xEFFA,0xEFFA,0xEFFA,0xEFFA,0xEFFA,0xEFFA,0xEFFA,0xEFFA,
0xEFFA,0xEFFA,0xF7FA,0xF7FA,0xF7FA,0xF7FA,0xF7FA,0xF7FA,0xF7FA,0xF7FA,0xF7FA,0xF7FA,
0xF7FA,0xF7FB,0xF7FB,0xF7FB,0xF7FB,0xF7FB,0xF7FB,0xF7FB,0xF7FB,0xFFFB,0xFFFB,0xFFFB,
0xFFFB,0xFFFB,0xFFFB,0xFFFB,0xF7FA,0xE799,0xE799,0xE799,0xE799,0xE799,0xE799,0xE799,
0xE799,0xEF99,0xE779,0xF7FA,0xFFFC,0xE779,0xB593,0x7BED,0x4AC9,0x4A88,0x4AA8,0x636B,
0x8CAF,0xBDF3,0xDF17,0xF7BA,0xFFFB,0xFFFC,0xFFFD,0xFFFD,0xFFFC,0xEF9A,0xD6D7,0xAD93,
0x846F,0x532A,0x42A8,0x42A8,0x532A,0x8CAF,0xBDF4,0xEF99,0xFFFD,0xFFFB,0xEF99,0xEFBA,
0xEFBA,0xEFBA,0xEFBA,0xEFBA,0xEFBA,0xEFBA,0xEF9A,0xFFFD,0xF7DC,0xF79E,0xDEFB,0xE71C,
0xE73C,0xEF5D,0xEF7D,0xEF7D,0xF79E,0xF79E,0xF79E,0xF79E,0xF79E,0xF79E,0xF79E,0xF79E,
0xF79E,0xF79E,0xF79E,0xF79E,0xF79E,0xF79E,0xF79E,0xF79E,0xF79E,0xF79E,0xF79E,0xF79E,
0xF79E,0xF79E,0xF79E,0xF79E,0xF79E,0xF79E,0xF79E,0xF79E,0xF79E,0xF79E,0xF79E,0xF79E,
0xF79E,0xF79E,0xF79E,0xF79E,0xF79E,0xF79E,0xF79E,0xF79E,0xF79E,0xF79E,0xF79E,0xF79E,
0xEF7D,0xEF7D,0xEF5D,0xE73C,0xE71C,0xE71C,0xEF5D,0xFE7B,0xFE5B,0xEDD9,0xF5D9,0xF5D9,
0xF5D9,0xF5D9,0xF5D9,0xF5D9,0xF5D9,0xEDB9,0xFE3B,0xFE9D,0xBC94,0x20A3,0x0000,0x1062,
0x8B4F,0xEDB9,0xFE9D,0xFE7D,0xFE1B,0xED99,0xDD58,0xD517,0xD517,0xD517,0xD517,0xCD17,
0xCD17,0xCD37,0xC558,0xC558,0xC558,0xC558,0xC558,0xBD58,0xBD58,0xBD58,0xBD58,0xBD58,
0xBD58,0xBD58,0xBD57,0xBD37,0xB517,0xB517,0xACD6,0xBD58,0xDE7C,0x6B4E,0x0000,0x0000,
0x0000,0x7BD0,0xEF5F,0xD6DD,0xCE9C,0xCEBC,0xCEBC,0xCEBC,0xCEDC,0xCEDC,0xCEDC,0xCEFD,
0xCEFD,0xCEFD,0xC71D,0xC71D,0xC71D,0xC71C,0xC71C,0xC71C,0xC71C,0xC73D,0xBF3C,0xBF3C,
0xC73C,0xC73C,0xC73C,0xC73C,0xC73C,0xC73C,0xC73B,0xC73B,0xC73B,0xC73B,0xC73B,0xC73A,
0xC73A,0xC73A,0xC71A,0xC71A,0xC71A,0xC719,0xC719,0xC719,0xC739,0xC739,0xC739,0xC739,
0xC738,0xC738,0xC738,0xC738,0xC738,0xC738,0xC737,0xC737,0xC717,0xC717,0xC717,0xC717,
0xC716,0xC716,0xC716,0xC716,0xC716,0xC716,0xC716,0xCF16,0xCF16,0xC716,0xCF16,0xCF16,
0xCF16,0xCF36,0xCF36,0xCF36,0xCF36,0xCF36,0xCF36,0xCF36,0xCF36,0xCF37,0xCF37,0xCF37,
0xCF37,0xD737,0xD757,0xD757,0xD757,0xD757,0xD757,0xD757,0xD757,0xD757,0xD757,0xD757,
0xD757,0xD757,0xD757,0xD757,0xD757,0xD757,0xD757,0xD757,0xD758,0xD758,0xDF58,0xDF58,
0xDF58,0xDF58,0xDF58,0xDF58,0xDF58,0xDF78,0xDF78,0xDF78,0xDF78,0xDF78,0xDF78,0xDF78,
0xDF78,0xDF78,0xDF78,0xDF78,0xDF78,0xDF78,0xE779,0xE779,0xE779,0xE778,0xE778,0xE778,
0xE778,0xE779,0xE779,0xE779,0xE779,0xE799,0xE799,0xE799,0xE799,0xE799,0xE799,0xE799,
0xE799,0xE799,0xE799,0xFFFC,0xEFB9,0x73AC,0x0881,0x0000,0x0000,0x0000,0x0020,0x0020,
0x0000,0x0000,0x0000,0x0020,0x00A1,0x2184,0x4288,0x5B4A,0x52E9,0x29C5,0x0081,0x0000,
0x0000,0x0800,0x2821,0x2841,0x2841,0x1000,0x0000,0x0000,0x0061,0x634A,0xE738,0xFFFD,
0xEFDA,0xEF9A,0xEFBA,0xEFBA,0xEFBA,0xEFBA,0xEFBA,0xEFBA,0xEF99,0xFFFD,0xEF7C,0xF79E,
0xDEFB,0xE73C,0xEF5D,0xEF5D,0xEF7D,0xEF7D,0xF79E,0xF79E,0xF79E,0xF79E,0xF79E,0xF79E,
0xF79E,0xF79E,0xF79E,0xF79E,0xF79E,0xF79E,0xF79E,0xF79E,0xF79E,0xF79E,0xF79E,0xF79E,
0xF79E,0xF79E,0xF79E,0xF79E,0xF79E,0xF79E,0xF79E,0xF79E,0xF79E,0xF79E,0xF79E,0xF79E,
0xF79E,0xF79E,0xF79E,0xF79E,0xF79E,0xF79E,0xF79E,0xF79E,0xF79E,0xF79E,0xF79E,0xF79E,
0xEF7D,0xEF7D,0xEF5D,0xE73C,0xE71C,0xDEFB,0xF79E,0xF69B,0xFEBC,0xF5D9,0xF5D9,0xF5D9,
0xF5D9,0xF5D9,0xF5D9,0xF5D9,0xF5D9,0xF5D9,0xFE9C,0xE558,0x4186,0x0000,0x2904,0xC494,
0xFE5C,0xFE7C,0xEDB9,0xDD57,0xD517,0xD516,0xD517,0xD537,0xDD37,0xDD38,0xDD58,0xDD58,
0xDD58,0xDD58,0xD558,0xD578,0xCD79,0xCD99,0xCD99,0xCD99,0xCD99,0xC579,0xC579,0xC599,
0xC599,0xC599,0xC599,0xC599,0xC579,0xC578,0xB517,0xCDDA,0xDE3C,0x41E9,0x0000,0x0000,
0x1082,0xA4D5,0xF75F,0xD67C,0xD67C,0xD69C,0xD69C,0xCEBC,0xCEBC,0xCEBC,0xCEDC,0xCEDC,
0xCEDC,0xCEDC,0xCEFD,0xCEFD,0xCF1D,0xC71D,0xC71D,0xC73D,0xC73D,0xC73D,0xC73D,0xC73D,
0xC73D,0xC73D,0xC73D,0xC73C,0xC73C,0xC73C,0xC73C,0xC73C,0xC73C,0xC73B,0xC73B,0xC73B,
0xC73B,0xC73B,0xC73B,0xC73A,0xC73A,0xC73A,0xC73A,0xC73A,0xC73A,0xC739,0xC739,0xC739,
0xC739,0xC739,0xC739,0xC738,0xC738,0xC738,0xC738,0xC738,0xC738,0xC737,0xC737,0xC737,
0xC737,0xC737,0xC736,0xC736,0xC736,0xC736,0xC736,0xC736,0xC736,0xCF36,0xCF36,0xCF36,
0xCF36,0xCF36,0xCF36,0xCF36,0xCF36,0xCF36,0xCF36,0xCF57,0xCF57,0xCF57,0xCF57,0xCF57,
0xCF57,0xCF57,0xD757,0xD757,0xD757,0xD757,0xD757,0xD757,0xD757,0xD757,0xD757,0xD757,
0xD757,0xD757,0xD757,0xD757,0xD757,0xD777,0xD777,0xDF78,0xDF78,0xDF78,0xDF78,0xDF78,
0xDF78,0xDF78,0xDF78,0xDF78,0xDF78,0xDF78,0xDF78,0xDF78,0xDF78,0xDF78,0xDF78,0xDF78,
0xDF78,0xDF78,0xDF78,0xDF98,0xDF98,0xE798,0xE798,0xE798,0xE798,0xE799,0xE799,0xE799,
0xE799,0xE799,0xE799,0xE799,0xE799,0xE799,0xE799,0xE799,0xE799,0xE799,0xE799,0xE799,
0xE799,0xE799,0xE799,0xFFFD,0xAD92,0x18C2,0x0000,0x0081,0x6124,0xA966,0xD987,0xE188,
0xE188,0xE188,0xD187,0xB987,0x9966,0x6904,0x40A2,0x1840,0x0820,0x1020,0x3882,0x8104,
0xB146,0xD988,0xF1A8,0xF1C9,0xF1C9,0xF1E9,0xF1E9,0xF1C8,0xC1A7,0x60E4,0x0000,0x0040,
0x842E,0xFFFC,0xF7FA,0xEFBA,0xEFBA,0xEFBA,0xEFBA,0xEFBA,0xEFBA,0xEF99,0xF7FB,0xFFFC,
0xE73C,0xE73C,0xDEFB,0xE73C,0xEF5D,0xEF7D,0xEF7D,0xEF7D,0xF79E,0xF79E,0xF79E,0xF79E,
0xF79E,0xF79E,0xF79E,0xF79E,0xF79E,0xF79E,0xF79E,0xF79E,0xF79E,0xF79E,0xF79E,0xF79E,
0xF79E,0xF79E,0xF79E,0xF79E,0xF79E,0xF79E,0xF79E,0xF79E,0xF79E,0xF79E,0xF79E,0xF79E,
0xF79E,0xF79E,0xF79E,0xF79E,0xF79E,0xF79E,0xF79E,0xF79E,0xF79E,0xF79E,0xF79E,0xF79E,
0xF79E,0xEF7D,0xEF5D,0xEF5D,0xE73C,0xDEFB,0xEF7D,0xE6DB,0xFE5A,0xF5B8,0xF5D8,0xF5D9,
0xF5D9,0xF5D9,0xF5D9,0xF5D9,0xF5B9,0xF5F9,0xFE7C,0xAC12,0x0000,0x0000,0x9BB0,0xFE7C,
0xFE3B,0xDD57,0xCCF5,0xCCF6,0xD517,0xD537,0xD537,0xD537,0xD537,0xD537,0xDD37,0xDD37,
0xD537,0xD537,0xD537,0xD537,0xD537,0xCD57,0xCD58,0xCD58,0xCD78,0xCD78,0xC578,0xC578,
0xC578,0xC578,0xC578,0xC579,0xC578,0xC578,0xB537,0xD61B,0xD5DA,0x2925,0x0000,0x0000,
0x20E4,0xC599,0xF71F,0xD63C,0xD65C,0xD67C,0xD67C,0xD67C,0xD69C,0xD69C,0xCEBC,0xCEBC,
0xCEBC,0xCEDC,0xCEDC,0xCEDC,0xCEDC,0xCEFD,0xCEFD,0xCF1D,0xC71D,0xC71D,0xC71D,0xC73D,
0xC73D,0xC73D,0xC73D,0xC73D,0xC73D,0xC73D,0xC73C,0xC73C,0xC73C,0xC73C,0xC73C,0xC73C,
0xC73B,0xC73B,0xC73B,0xC73B,0xC73B,0xC73B,0xC73A,0xC73A,0xC73A,0xC73A,0xC73A,0xC73A,
0xC739,0xC739,0xC739,0xC739,0xC739,0xC738,0xC738,0xC738,0xC738,0xC738,0xC738,0xC738,
0xC737,0xC737,0xC737,0xC737,0xC737,0xC736,0xC736,0xC736,0xC736,0xC736,0xC736,0xC736,
0xCF36,0xCF36,0xCF36,0xCF36,0xCF36,0xCF36,0xCF36,0xCF36,0xCF36,0xCF36,0xCF57,0xCF57,
0xCF57,0xCF57,0xCF57,0xCF57,0xD757,0xD757,0xD757,0xD757,0xD757,0xD757,0xD757,0xD757,
0xD757,0xD757,0xD757,0xD757,0xD757,0xD757,0xD757,0xD777,0xD777,0xD777,0xDF78,0xDF78,
0xDF78,0xDF78,0xDF78,0xDF78,0xDF78,0xDF78,0xDF78,0xDF78,0xDF78,0xDF78,0xDF78,0xDF78,
0xDF78,0xDF78,0xDF78,0xDF78,0xDF78,0xDF78,0xDF98,0xE798,0xE798,0xE798,0xE798,0xE798,
0xE799,0xE799,0xE799,0xE799,0xE799,0xE799,0xE799,0xE799,0xE799,0xE799,0xE799,0xE799,
0xE799,0xE799,0xE799,0xFFFC,0xAD92,0x0000,0x0020,0x3903,0xC147,0xF127,0xE907,0xE127,
0xD927,0xD927,0xE147,0xE147,0xE947,0xF168,0xF188,0xF188,0xF1A8,0xE988,0xE9A8,0xF1A8,
0xF188,0xF148,0xE947,0xE968,0xC167,0x9946,0x8945,0x8125,0xA166,0xD187,0xF1C9,0xE1C8,
0x30C2,0x0000,0x6B4A,0xFFFC,0xF7FA,0xEF9A,0xEFBA,0xEFBA,0xEFBA,0xEFBA,0xEFBA,0xEF99,
0xFFFD,0xEFBB,0xF79E,0xDEFB,0xE71C,0xE73C,0xEF5D,0xEF7D,0xEF7D,0xF79E,0xF79E,0xF79E,
0xF79E,0xF79E,0xF79E,0xF79E,0xF79E,0xF79E,0xF79E,0xF79E,0xF79E,0xF79E,0xF79E,0xF79E,
0xF79E,0xF79E,0xF79E,0xF79E,0xF79E,0xF79E,0xF79E,0xF79E,0xF79E,0xF79E,0xF79E,0xF79E,
0xF79E,0xF79E,0xF79E,0xF79E,0xF79E,0xF79E,0xF79E,0xF79E,0xF79E,0xF79E,0xF79E,0xF79E,
0xF79E,0xEF7D,0xEF7D,0xEF5D,0xE73C,0xE71C,0xDEDB,0xEF7D,0xFE7B,0xFE5A,0xF5D8,0xF5D9,
0xF5D9,0xF5D9,0xF5D9,0xF5D9,0xF5B9,0xF5D9,0xFE9C,0x8B4E,0x0000,0x20C3,0xE598,0xFE9D,
0xDD37,0xC4D5,0xCCF5,0xCCF6,0xCD16,0xCCF6,0xCCF6,0xD516,0xD516,0xD517,0xD517,0xD517,
0xDD37,0xE578,0xE599,0xEDBA,0xEDBA,0xEDBA,0xEDDA,0xE5BA,0xDDB9,0xCD58,0xC557,0xC558,
0xC558,0xC558,0xBD58,0xBD58,0xBD58,0xBD58,0xB517,0xDE1B,0xC579,0x1082,0x0000,0x0000,
0x2945,0xDE3C,0xEEBE,0xD61B,0xD63C,0xD63C,0xD65C,0xD65C,0xD67C,0xD67C,0xD67C,0xD69C,
0xD69C,0xCEBC,0xCEBC,0xCEBC,0xCEDC,0xCEDC,0xCEDC,0xCEFD,0xCEFD,0xCEFD,0xC71D,0xC71D,
0xC71D,0xC71D,0xC73D,0xC73D,0xC73D,0xC73D,0xC73D,0xC73D,0xC73C,0xC73C,0xC73C,0xC73C,
0xC73C,0xC73C,0xC73C,0xC73B,0xC73B,0xC73B,0xC73B,0xC73B,0xC73A,0xC73A,0xC73A,0xC73A,
0xC73A,0xC73A,0xC739,0xC739,0xC739,0xC739,0xC739,0xC739,0xC738,0xC738,0xC738,0xC738,
0xC738,0xC738,0xC737,0xC737,0xC737,0xC737,0xC737,0xC737,0xC736,0xC736,0xC736,0xC736,
0xC736,0xC736,0xC736,0xCF36,0xCF36,0xCF36,0xCF36,0xCF36,0xCF36,0xCF36,0xCF36,0xCF36,
0xCF36,0xCF57,0xCF57,0xCF57,0xCF57,0xCF57,0xCF57,0xD757,0xD757,0xD757,0xD757,0xD757,
0xD757,0xD757,0xD757,0xD757,0xD757,0xD757,0xD757,0xD757,0xD757,0xD757,0xD777,0xD777,
0xD777,0xDF78,0xDF78,0xDF78,0xDF78,0xDF78,0xDF78,0xDF78,0xDF78,0xDF78,0xDF78,0xDF78,
0xDF78,0xDF78,0xDF78,0xDF78,0xDF78,0xDF78,0xDF78,0xDF78,0xDF78,0xDF98,0xE798,0xE798,
0xE798,0xE798,0xE799,0xE799,0xE799,0xE799,0xE799,0xE799,0xE799,0xE799,0xE799,0xE799,
0xE799,0xE799,0xE798,0xFFFB,0xC675,0x0000,0x0060,0x4103,0xE947,0xE107,0xC906,0xD106,
0xD127,0xD127,0xD947,0xD947,0xD947,0xD947,0xD947,0xD947,0xD947,0xD947,0xE127,0xE147,
0xD947,0xD947,0xD947,0xD167,0x8145,0x18E2,0x00A1,0x0081,0x0081,0x0081,0x00A1,0x38E3,
0xE1A8,0xF1C9,0x28E3,0x0000,0x6B6B,0xFFFD,0xEFBA,0xEFBA,0xEFBA,0xEFBA,0xEFBA,0xEFBA,
0xEF99,0xF7DA,0xFFFC,0xE71C,0xE73C,0xDEFB,0xE73C,0xEF5D,0xEF5D,0xEF7D,0xEF7D,0xF79E,
0xF79E,0xF79E,0xF79E,0xF79E,0xF79E,0xF79E,0xF79E,0xF79E,0xF79E,0xF79E,0xF79E,0xF79E,
0xF79E,0xF79E,0xF79E,0xF79E,0xF79E,0xF79E,0xF79E,0xF79E,0xF79E,0xF79E,0xF79E,0xF79E,
0xF79E,0xF79E,0xF79E,0xF79E,0xF79E,0xF79E,0xF79E,0xF79E,0xF79E,0xF79E,0xF79E,0xF79E,
0xF79E,0xF79E,0xEF7D,0xEF5D,0xEF5D,0xE71C,0xDEFB,0xEF7D,0xE6DB,0xFE7B,0xF5D8,0xF5D8,
0xF5D8,0xF5D9,0xF5D9,0xF5D9,0xF5D9,0xF5F9,0xFEBC,0x830D,0x0000,0x3945,0xFE3B,0xF5FA,
0xC4D5,0xC4D5,0xCCD5,0xCCD5,0xCCD5,0xCCD5,0xCCD5,0xCCD5,0xCCF5,0xCCF6,0xCCD6,0xD517,
0xE578,0xDD58,0xC4D5,0xB453,0xA3D1,0x9BD1,0x9BD1,0xA3D2,0xB453,0xCCF7,0xE59A,0xE5DA,
0xCD78,0xC537,0xC538,0xBD37,0xBD37,0xBD38,0xB517,0xD5FB,0xCDDA,0x1083,0x0000,0x0000,
0x39A7,0xE67D,0xE67D,0xD61B,0xDE1C,0xDE1C,0xDE1C,0xD63C,0xD65C,0xD65C,0xD65C,0xD67C,
0xD67C,0xD69C,0xD69C,0xCEBC,0xCEBC,0xCEBC,0xCEBC,0xCEDC,0xCEDC,0xCEDC,0xCEFD,0xCEFD,
0xCEFD,0xC71D,0xC71D,0xC71D,0xC73D,0xC73D,0xC73D,0xC73D,0xC73D,0xC73D,0xC73D,0xC73C,
0xC73C,0xC73C,0xC73C,0xC73C,0xC73C,0xC73C,0xC73B,0xC73B,0xC73B,0xC73B,0xC73B,0xC73A,
0xC73A,0xC73A,0xC73A,0xC73A,0xC73A,0xC739,0xC739,0xC739,0xC739,0xC739,0xC739,0xC738,
0xC738,0xC738,0xC738,0xC738,0xC738,0xC737,0xC737,0xC737,0xC737,0xC737,0xC737,0xC736,
0xC736,0xC736,0xC736,0xC736,0xC736,0xCF36,0xCF36,0xCF36,0xCF36,0xCF36,0xCF36,0xCF36,
0xCF36,0xCF36,0xCF36,0xCF37,0xCF57,0xCF57,0xCF57,0xCF57,0xCF57,0xCF57,0xD757,0xD757,
0xD757,0xD757,0xD757,0xD757,0xD757,0xD757,0xD757,0xD757,0xD757,0xD757,0xD757,0xD757,
0xD757,0xD777,0xD777,0xD777,0xDF78,0xDF78,0xDF78,0xDF78,0xDF78,0xDF78,0xDF78,0xDF78,
0xDF78,0xDF78,0xDF78,0xDF78,0xDF78,0xDF78,0xDF78,0xDF78,0xDF78,0xDF78,0xDF78,0xDF78,
0xDF98,0xE798,0xE798,0xE798,0xE798,0xE799,0xE799,0xE799,0xE799,0xE799,0xE799,0xE799,
0xE799,0xE799,0xE799,0xEFD9,0xF7FA,0x2964,0x0020,0x18E2,0xD126,0xD926,0xC926,0xD126,
0xD127,0xD127,0xD927,0xD947,0xD947,0xD947,0xD947,0xD947,0xD947,0xD947,0xD947,0xD947,
0xD947,0xD947,0xE147,0xE147,0xD967,0xD967,0xE968,0xE188,0xA166,0x18C2,0x10C2,0x18C2,
0x0081,0x08C2,0xE188,0xD988,0x08C2,0x0000,0x94AF,0xFFFD,0xEF99,0xEFBA,0xEFBA,0xEFBA,
0xEFBA,0xEFBA,0xEF9A,0xFFFD,0xEF9B,0xF79E,0xDEDB,0xE71C,0xE73C,0xEF5D,0xEF7D,0xEF7D,
0xF79E,0xF79E,0xF79E,0xF79E,0xF79E,0xF79E,0xF79E,0xF79E,0xF79E,0xF79E,0xF79E,0xF79E,
0xF79E,0xF79E,0xF79E,0xF79E,0xF79E,0xF79E,0xF79E,0xF79E,0xF79E,0xF79E,0xF79E,0xF79E,
0xF79E,0xF79E,0xF79E,0xF79E,0xF79E,0xF79E,0xF79E,0xF79E,0xF79E,0xF79E,0xF79E,0xF79E,
0xF79E,0xF79E,0xEF7D,0xEF7D,0xEF5D,0xE73C,0xE71C,0xDEDB,0xF79E,0xFE7A,0xFE7A,0xF5D8,
0xF5D8,0xF5D8,0xF5D8,0xF5D8,0xF5D9,0xF5D8,0xFE7B,0x9BD0,0x0000,0x2904,0xFE3A,0xEDB9,
0xC4B4,0xCCD4,0xCCD5,0xCCD5,0xCCD5,0xCCD5,0xCCD5,0xCCD5,0xCCD5,0xC4D5,0xC4D5,0xCCF6,
0xD537,0x9390,0x72CC,0x49C8,0x3966,0x2904,0x2904,0x3125,0x3125,0x4187,0x5A09,0x830E,
0xAC53,0xD559,0xDD99,0xC517,0xC537,0xC537,0xBD17,0xCDB9,0xDE1C,0x2105,0x0000,0x0000,
0x3987,0xE67D,0xEE9E,0xDE1B,0xDE3C,0xDE3C,0xDE3C,0xDE3C,0xDE3C,0xDE3C,0xDE5C,0xD65C,
0xD67C,0xD67C,0xD67C,0xD69C,0xD69C,0xD69C,0xCEBC,0xCE9C,0xCEBC,0xCEDC,0xCEBC,0xCEDC,
0xCEDC,0xCEFD,0xCEFD,0xCEFC,0xC6FC,0xC71D,0xC73D,0xC71D,0xC73D,0xC73D,0xC73D,0xC73D,
0xC73D,0xC73C,0xC73C,0xC73C,0xC73C,0xC73C,0xC73C,0xC73B,0xC73B,0xC73B,0xC73B,0xC73B,
0xC73A,0xC73A,0xC73A,0xC71A,0xC71A,0xC71A,0xC719,0xC719,0xC719,0xBF19,0xC719,0xC739,
0xC739,0xC738,0xC738,0xC738,0xC738,0xC738,0xC738,0xC738,0xC737,0xC737,0xC737,0xC716,
0xC716,0xC716,0xC736,0xC756,0xCF56,0xCF56,0xCF56,0xCF56,0xCF56,0xCF36,0xCF36,0xCF36,
0xCF36,0xCF36,0xCF36,0xCF36,0xCF36,0xCF36,0xCF36,0xCF57,0xCF57,0xCF57,0xCF57,0xCF37,
0xCF37,0xD737,0xD737,0xD757,0xD757,0xD757,0xD757,0xD757,0xD757,0xD757,0xD757,0xD757,
0xD757,0xD757,0xD757,0xD757,0xD777,0xD777,0xD778,0xDF58,0xD778,0xDF78,0xDF78,0xDF78,
0xDF78,0xDF78,0xDF78,0xDF78,0xDF78,0xDF78,0xDF78,0xDF78,0xDF78,0xDF78,0xDF78,0xDF78,
0xDF78,0xDF78,0xDF98,0xDF98,0xE798,0xE798,0xE798,0xE798,0xE799,0xE799,0xE799,0xE799,
0xE799,0xE799,0xE799,0xE778,0xFFFC,0x94F0,0x0000,0x00A2,0x7904,0xE927,0xC906,0xD126,
0xD106,0xD126,0xD927,0xD927,0xD947,0xD947,0xD947,0xD947,0xD947,0xD947,0xD947,0xD947,
0xD947,0xD947,0xD947,0xD947,0xD947,0xE147,0xE147,0xE147,0xE947,0xF1E9,0x7145,0x00A1,
0x18C2,0x20C2,0x0081,0x8945,0xF1A9,0x8966,0x0060,0x0861,0xDEF7,0xFFFB,0xEF99,0xEFBA,
0xEFBA,0xEFBA,0xEFBA,0xEF99,0xF7DA,0xFFFC,0xE71B,0xE71C,0xDEFB,0xE71C,0xEF5D,0xEF5D,
0xEF7D,0xEF7D,0xF79E,0xF79E,0xF79E,0xF79E,0xF79E,0xF79E,0xF79E,0xF79E,0xF79E,0xF79E,
0xF79E,0xF79E,0xF79E,0xF79E,0xF79E,0xF79E,0xF79E,0xF79E,0xF79E,0xF79E,0xF79E,0xF79E,
0xF79E,0xF79E,0xF79E,0xF79E,0xF79E,0xF79E,0xF79E,0xF79E,0xF79E,0xF79E,0xF79E,0xF79E,
0xF79E,0xF79E,0xF79E,0xEF7D,0xEF5D,0xEF5D,0xE73C,0xDEFB,0xE71C,0xE6DB,0xFE59,0xF5F8,
0xF5D8,0xF5F8,0xF5F8,0xF5D8,0xF5D8,0xF5D8,0xFE5A,0xDD56,0x0000,0x0000,0xDD56,0xFE3A,
0xC4B4,0xCCF5,0xCCF5,0xCCF5,0xCCF5,0xCCF5,0xCCD5,0xC4D5,0xCCD5,0xCCD5,0xCCD5,0xCCD5,
0xD537,0x7AED,0x4187,0x20A3,0x1041,0x1041,0x1041,0x0841,0x0841,0x0821,0x0821,0x1041,
0x1883,0x4187,0x7AED,0xCD17,0xDD79,0xC517,0xC517,0xC558,0xE65C,0x3987,0x0000,0x1082,
0x39A7,0xF6DE,0xF6FF,0xE67D,0xEE9E,0xEE9E,0xEE9E,0xEE9E,0xEEBE,0xEE9E,0xE69D,0xE69D,
0xEEBE,0xEEDE,0xEEFF,0xEEFF,0xEF1F,0xEF1F,0xEF3F,0xEF5F,0xEF5F,0xE75F,0xE77F,0xE77F,
0xE77F,0xDF7F,0xDF7F,0xDF9F,0xE7BF,0xE7DF,0xE7DF,0xDFFF,0xDFFF,0xDFFF,0xDFFF,0xDFFF,
0xDFFF,0xDFFF,0xDFFF,0xD7FF,0xD7FF,0xD7FF,0xD7FF,0xD7FF,0xDFFF,0xDFFF,0xDFFF,0xDFFF,
0xDFFF,0xDFFF,0xDFFE,0xDFFE,0xDFFE,0xDFFE,0xDFFE,0xDFFE,0xDFFE,0xDFFD,0xDFFD,0xD7DC,
0xCF7A,0xC719,0xC718,0xC739,0xC738,0xC738,0xC738,0xC738,0xC738,0xC717,0xC717,0xD799,
0xDFFA,0xE7FA,0xE7FA,0xDFF9,0xD7B8,0xD7B8,0xD7B8,0xD7B8,0xD7B8,0xDFD8,0xDFF8,0xDFF8,
0xDFD8,0xDFD8,0xDFD8,0xDFF9,0xE7F9,0xE7F9,0xE7F9,0xE7F9,0xE7F9,0xE7F9,0xE7F9,0xE7F9,
0xE7F9,0xE7F9,0xE7F9,0xE7F9,0xE7F9,0xE7F9,0xE7F9,0xEFFA,0xEFFA,0xEFFA,0xEFFA,0xEFFA,
0xEFFA,0xEFFA,0xEFF9,0xEFFA,0xEFFA,0xEFFA,0xEFFA,0xEFFA,0xEFFA,0xEFFA,0xEFFA,0xF7FA,
0xF7FA,0xF7FA,0xF7FA,0xF7FA,0xF7FB,0xF7FB,0xF7FA,0xEFFA,0xEFFA,0xEFFA,0xF7FA,0xF7FA,
0xF7FA,0xF7FA,0xF7FA,0xF7FA,0xF7FA,0xF7FB,0xF7FA,0xF7FB,0xF7FA,0xF7FB,0xF7FB,0xF7FB,
0xF7FB,0xF7FB,0xF7FB,0xF7FB,0xFFFB,0xFFFB,0x31A5,0x0020,0x08C2,0xB926,0xD906,0xC926,
0xD126,0xD106,0xD126,0xD127,0xD927,0xD947,0xD947,0xD947,0xD947,0xD947,0xD947,0xD947,
0xD947,0xD947,0xD947,0xD967,0xD947,0xD947,0xD947,0xE147,0xE167,0xE988,0xA966,0x18C2,
0x08A1,0x08A2,0x0081,0x00A1,0xB967,0xF168,0xF1A8,0x3923,0x0000,0x5288,0xFFFD,0xEFBA,
0xEFBA,0xEFBA,0xEFBA,0xEFBA,0xEFBA,0xEF9A,0xFFFD,0xEF9B,0xF79E,0xDEDB,0xE71C,0xE73C,
0xEF5D,0xEF7D,0xEF7D,0xF79E,0xF79E,0xF79E,0xF79E,0xF79E,0xF79E,0xF79E,0xF79E,0xF79E,
0xF79E,0xF79E,0xF79E,0xF79E,0xF79E,0xF79E,0xF79E,0xF79E,0xF79E,0xF79E,0xF79E,0xF79E,
0xF79E,0xF79E,0xF79E,0xF79E,0xF79E,0xF79E,0xF79E,0xF79E,0xF79E,0xF79E,0xF79E,0xF79E,
0xF79E,0xF79E,0xF79E,0xEF7D,0xEF7D,0xEF5D,0xE73C,0xE71C,0xDEDB,0xEF7D,0xEE9A,0xFE9B,
0xF5F8,0xF5F8,0xF5F8,0xF5F8,0xF5F8,0xF5D8,0xF5D8,0xFE7B,0x51E7,0x0000,0x8B2E,0xFEBC,
0xCCF5,0xCD15,0xD515,0xD515,0xD515,0xD515,0xCD15,0xCD15,0xCD15,0xCCF6,0xCCF6,0xCCF5,
0xDD37,0xBC94,0x51E8,0x1882,0x0821,0x1862,0x1882,0x1882,0x1862,0x1882,0x1882,0x1882,
0x1862,0x0841,0x0821,0x1882,0x624A,0xCCD6,0xD558,0xBCD6,0xF65D,0x628C,0x0000,0x1082,
0x0000,0x0020,0x0821,0x0000,0x0000,0x0000,0x0000,0x0000,0x0000,0x0000,0x0841,0x18C4,
0x2104,0x2104,0x1082,0x0841,0x0841,0x0861,0x1082,0x1082,0x10A3,0x18C3,0x10A3,0x10A3,
0x2104,0x3187,0x31A7,0x31A7,0x2945,0x18E4,0x18E4,0x18E3,0x18E4,0x18E3,0x10E3,0x18E3,
0x1904,0x1904,0x1904,0x1904,0x2165,0x31E8,0x31E8,0x31E8,0x3208,0x29A6,0x1924,0x1924,
0x1924,0x1924,0x1924,0x2124,0x2144,0x2144,0x2144,0x2144,0x2985,0x29C6,0x4268,0x742F,
0x9DD5,0xCF7A,0xDFFD,0xD7DB,0xC739,0xC739,0xC739,0xC738,0xC718,0xC738,0xD7FA,0xDFFB,
0xC717,0x84D0,0x4AA8,0x2984,0x0881,0x0000,0x0000,0x0000,0x0000,0x0000,0x0020,0x10A1,
0x2143,0x31C5,0x31E5,0x29A5,0x2984,0x1903,0x1903,0x1903,0x1923,0x1923,0x1923,0x1923,
0x1923,0x1923,0x1903,0x2143,0x31C5,0x31E5,0x31E5,0x31C5,0x2143,0x1903,0x1903,0x1903,
0x1903,0x2123,0x2143,0x31C5,0x31C5,0x31E5,0x31E5,0x31A5,0x2143,0x2123,0x1923,0x1903,
0x2123,0x2123,0x2123,0x2123,0x2123,0x2123,0x2123,0x2984,0x31E5,0x31E5,0x31A5,0x31C5,
0x31C5,0x31C5,0x31C5,0x31C5,0x31C5,0x31C5,0x39E6,0x31C5,0x31C5,0x31C5,0x31C5,0x31A5,
0x31C5,0x31C5,0x31C5,0x31C5,0x31C5,0x31C5,0x2984,0x0860,0x00A1,0x38E3,0xE127,0xD126,
0xD126,0xD927,0xE947,0xE127,0xD126,0xD947,0xD947,0xD947,0xD947,0xD947,0xD947,0xD947,
0xD947,0xD947,0xD947,0xD947,0xD967,0xD947,0xD947,0xD947,0xE167,0x8965,0x28E3,0x00A1,
0x00A1,0x10C2,0x20E3,0x5124,0xC167,0xF168,0xD967,0xF168,0xB987,0x00A1,0x0000,0xC635,
0xFFFC,0xEF99,0xEFBA,0xEFBA,0xEFBA,0xEFBA,0xEF99,0xF7FB,0xFFFC,0xE71B,0xDEFB,0xDEFB,
0xE71C,0xEF5D,0xEF5D,0xEF7D,0xF79E,0xF79E,0xF79E,0xF79E,0xF79E,0xF79E,0xF79E,0xF79E,
0xF79E,0xF79E,0xF79E,0xF79E,0xF79E,0xF79E,0xF79E,0xF79E,0xF79E,0xF79E,0xF79E,0xF79E,
0xF79E,0xF79E,0xF79E,0xF79E,0xF79E,0xF79E,0xF79E,0xF79E,0xF79E,0xF79E,0xF79E,0xF79E,
0xF79E,0xF79E,0xF79E,0xF79E,0xEF7D,0xEF7D,0xEF5D,0xE73C,0xE71C,0xDEDB,0xF79E,0xF67A,
0xFE7A,0xF5F8,0xF5F8,0xF5F8,0xF5F8,0xF5F8,0xF5D8,0xFE7A,0xCCD4,0x0000,0x0820,0xED97,
0xF5D8,0xCCF5,0xD536,0xD536,0xDD56,0xD536,0xD536,0xD536,0xD536,0xD536,0xD536,0xD536,
0xD516,0xDD57,0xD516,0x6A8B,0x0000,0x1882,0x1862,0x1862,0x1062,0x1062,0x1062,0x1862,
0x1862,0x1862,0x1862,0x1862,0x0841,0x0841,0x728C,0xDD58,0xEDDA,0xA412,0x0000,0x1062,
0x18A3,0x8390,0x7B4F,0x732E,0x734E,0x732F,0x732F,0x732F,0x732E,0x6B0E,0x7B90,0x734F,
0x1062,0x0020,0x0000,0x5A8C,0x730E,0x62CD,0x62ED,0x62ED,0x62ED,0x62ED,0x5AEC,0x5ACC,
0x736F,0x5AEC,0x0000,0x0020,0x0000,0x18E4,0x634D,0x52EC,0x5B0C,0x5B0C,0x5B0C,0x530C,
0x530C,0x52EC,0x52EC,0x4ACB,0x530C,0x31C7,0x0000,0x0020,0x0020,0x0000,0x1924,0x534D,
0x4AAA,0x4ACB,0x4ACB,0x4AEB,0x4AEB,0x4ACA,0x4ACA,0x4ACA,0x42AA,0x3A48,0x29A6,0x1903,
0x0000,0x0000,0x0000,0x3A27,0xA5F5,0xDFFC,0xCF7A,0xC739,0xC739,0xCF9A,0xDFFB,0x9572,
0x29A5,0x0000,0x0000,0x1903,0x4288,0x6BCC,0x744E,0x84AF,0x84EF,0x84CF,0x744D,0x63AB,
0x3A46,0x10C2,0x0000,0x0000,0x0020,0x0060,0x4AA8,0x4267,0x4267,0x4267,0x4267,0x4247,
0x4247,0x4247,0x3A26,0x4A88,0x4287,0x0020,0x0020,0x0020,0x0000,0x31C5,0x3A26,0x3A06,
0x3A26,0x3A06,0x3A06,0x4267,0x0881,0x0000,0x0020,0x0020,0x0020,0x3206,0x31E6,0x31E5,
0x31E5,0x31E5,0x31E6,0x31C5,0x31C5,0x31A5,0x31C5,0x4A88,0x2143,0x0000,0x0040,0x0020,
0x0040,0x0040,0x0040,0x0040,0x0040,0x0020,0x0020,0x0020,0x0040,0x0040,0x0020,0x0020,
0x0040,0x0040,0x0020,0x0020,0x0020,0x0020,0x0020,0x0861,0x18C2,0x00A1,0x6904,0xE927,
0xC906,0xE147,0xC967,0x9125,0xD147,0xE947,0xD947,0xD947,0xD947,0xD947,0xD947,0xD947,
0xD947,0xD147,0xD947,0xD947,0xD947,0xD967,0xD967,0xD947,0xD947,0xE147,0xE167,0xD987,
0xD988,0xD988,0xD988,0xE988,0xF188,0xF167,0xE167,0xE167,0xD967,0xF1A8,0x5144,0x0000,
0x4A47,0xFFFC,0xEFBA,0xEFBA,0xEFBA,0xEFBA,0xEFBA,0xEFBA,0xEF99,0xFFFC,0xEF5B,0xEF7D,
0xDEDB,0xE71C,0xE73C,0xEF5D,0xEF7D,0xEF7D,0xF79E,0xF79E,0xF79E,0xF79E,0xF79E,0xF79E,
0xF79E,0xF79E,0xF79E,0xF79E,0xF79E,0xF79E,0xF79E,0xF79E,0xF79E,0xF79E,0xF79E,0xF79E,
0xF79E,0xF79E,0xF79E,0xF79E,0xF79E,0xF79E,0xF79E,0xF79E,0xF79E,0xF79E,0xF79E,0xF79E,
0xF79E,0xF79E,0xF79E,0xF79E,0xF79E,0xEF7D,0xEF5D,0xEF5D,0xE71C,0xDEFB,0xD6BA,0xE71C,
0xFE79,0xFE39,0xF5D8,0xF5F8,0xF5F8,0xF5F8,0xF5F8,0xF5D8,0xFEBB,0x7AEC,0x0000,0x49C7,
0xFE9B,0xDD56,0xDD56,0xDD56,0xDD56,0xDD56,0xDD56,0xDD56,0xDD57,0xDD57,0xDD57,0xDD57,
0xDD57,0xDD57,0xDD57,0xED98,0xDD57,0x0841,0x0821,0x1882,0x1862,0x1862,0x1062,0x1062,
0x1862,0x1862,0x1062,0x1062,0x1062,0x1882,0x0841,0x1062,0xAC33,0xFE7D,0x3125,0x0000,
0x20A3,0x0000,0xA453,0xFF7F,0xF67D,0xF69E,0xF6BE,0xEEBE,0xF6BE,0xEEBE,0xF6FF,0xFF1F,
0x62CC,0x0841,0x18A3,0x0000,0xCDDA,0xFF7F,0xEEBE,0xEEDF,0xF6DF,0xEEFF,0xEEFF,0xEF1F,
0xFFBF,0xCE5B,0x39C8,0x0862,0x18C3,0x0021,0x3A09,0xFFFF,0xE79F,0xE79F,0xE79F,0xE7BF,
0xDFBF,0xDFDF,0xDFDF,0xDFDF,0xDFDF,0xEFFF,0x84D3,0x0000,0x10E3,0x10E3,0x0862,0x29A6,
0xDFFF,0xDFFF,0xD7FF,0xDFFF,0xDFFF,0xDFFF,0xDFFF,0xDFFF,0xDFFF,0xDFFF,0xDFFF,0xDFFF,
0xDFFE,0xC75B,0xA5F6,0x5B4C,0x0041,0x0000,0x63AD,0xD7DC,0xCF7A,0xD7BB,0xC759,0x3207,
0x0000,0x1923,0x84F0,0xC738,0xDFFB,0xDFFB,0xDFFA,0xD7D9,0xD7B9,0xD7B8,0xD7B8,0xD7D9,
0xDFF9,0xE7F9,0xDFD8,0x9DD2,0x3206,0x0000,0x0040,0x9D91,0xF7FC,0xDFF8,0xE7F9,0xE7F9,
0xE7F9,0xE7F9,0xE7F9,0xEFFA,0xEFFA,0x5309,0x0861,0x10E2,0x10C2,0x0020,0xBEB5,0xFFFC,
0xE7F9,0xEFFA,0xE7F9,0xFFFC,0xA5D2,0x0040,0x18E2,0x10C2,0x10C2,0x0861,0xCF16,0xFFFC,
0xEFFA,0xF7FA,0xF7FA,0xF7FA,0xF7FA,0xEFFA,0xFFFB,0xFFFC,0xBE74,0x2984,0x10A1,0x18E2,
0x10C2,0x10E2,0x18C2,0x18C2,0x18E2,0x18E2,0x10C2,0x18C2,0x18C2,0x18C2,0x18C2,0x18C2,
0x18C2,0x18E2,0x18C2,0x18C2,0x18C2,0x18C2,0x18C2,0x18C2,0x18C2,0x18C2,0x0081,0x8925,
0xE147,0xD926,0xC967,0x18C2,0x0081,0x10C2,0xA946,0xE968,0xE968,0xE968,0xE968,0xE988,
0xF188,0xF188,0xF188,0xF168,0xE147,0xD967,0xD967,0xD967,0xD967,0xD967,0xD947,0xE147,
0xE147,0xE968,0xE967,0xE167,0xE167,0xD947,0xD947,0xE167,0xE147,0xD947,0xF168,0xB187,
0x00A1,0x0000,0xC634,0xFFFC,0xEF99,0xEFBA,0xEFBA,0xEFBA,0xEFBA,0xEF9A,0xFFFC,0xF7FB,
0xEF5D,0xD6BA,0xDEFB,0xE73C,0xEF5D,0xEF5D,0xEF7D,0xF79E,0xF79E,0xF79E,0xF79E,0xF79E,
0xF79E,0xF79E,0xF79E,0xF79E,0xF79E,0xF79E,0xF79E,0xF79E,0xF79E,0xF79E,0xF79E,0xF79E,
0xF79E,0xF79E,0xF79E,0xF79E,0xF79E,0xF79E,0xF79E,0xF79E,0xF79E,0xF79E,0xF79E,0xF79E,
0xF79E,0xF79E,0xF79E,0xF79E,0xF79E,0xEF7D,0xEF7D,0xEF5D,0xE73C,0xE71C,0xDEFB,0xDEDB,
0xDEDB,0xFE59,0xFE18,0xF5D7,0xF5F8,0xF5F8,0xF5F8,0xF5F8,0xFDF8,0xFE39,0x3145,0x0000,
0x832D,0xFE7B,0xD515,0xDD56,0xDD56,0xDD56,0xDD56,0xDD56,0xDD57,0xDD77,0xDD77,0xDD77,
0xE577,0xE577,0xE577,0xE577,0xE577,0xFE3B,0xA3D1,0x0000,0x1061,0x1882,0x1062,0x1062,
0x1062,0x1062,0x1862,0x1862,0x1062,0x1062,0x1862,0x1882,0x0000,0x72CC,0xED99,0x0000,
0x1062,0x18A3,0x0000,0x5A4A,0xFE7D,0xB4B5,0xB4F6,0xB4F6,0xB4F6,0xB517,0xB516,0xCDDA,
0x732E,0x0000,0x1062,0x10A3,0x0000,0xACD6,0xDE1C,0xACF6,0xB517,0xB517,0xB537,0xB517,
0xC5B9,0xB537,0x10A2,0x0000,0x1082,0x18A3,0x0000,0x3187,0xDF1E,0xAD98,0xA577,0xAD98,
0xADB7,0xA5B7,0xA5B7,0xA5B7,0xA5B7,0xA5D7,0xC6DC,0x5B6E,0x0020,0x10A3,0x10A2,0x10C3,
0x0000,0x8D55,0xC77D,0x9DD7,0xA638,0xA638,0xA638,0xA637,0xA637,0xA637,0xA637,0xAE58,
0xAE58,0xAE78,0xBEF9,0xCF7B,0xDFFE,0xD7DC,0x63AD,0x0000,0x4268,0xDFFD,0xCF9A,0x18E3,
0x0000,0x84F1,0xDFFC,0xD7DA,0xBED7,0xAE55,0xAE34,0xAE14,0xAE14,0xAE34,0xA614,0xA613,
0xA613,0xA613,0xAE34,0xB695,0xD798,0xE7F9,0x6BCB,0x0000,0x1902,0xCF57,0xAE53,0xA5F2,
0xAE13,0xAE13,0xAE13,0xA612,0xC6D5,0x84CF,0x0000,0x0881,0x10C2,0x10A1,0x0000,0xAE33,
0xCF36,0xAE13,0xAE33,0xAE13,0xCF37,0x5B2A,0x0000,0x10C2,0x10A2,0x18E2,0x0000,0x73EC,
0xE7B8,0xADF3,0xB654,0xB633,0xB633,0xB633,0xB654,0xC6B5,0x6B8B,0x0000,0x0020,0x10C2,
0x10C2,0x10C2,0x10C2,0x10C2,0x10C2,0x10C2,0x10C2,0x10A2,0x10C2,0x10C2,0x10C2,0x10C2,
0x10A2,0x10A2,0x10C2,0x10C2,0x10A2,0x10A2,0x10A2,0x10A2,0x10A2,0x18C2,0x10A2,0x10A2,
0xC926,0xD926,0xE147,0x6924,0x0081,0x18C2,0x08A2,0x00A1,0x28E2,0x28E3,0x30E3,0x28E2,
0x30E3,0x4103,0x4903,0x5124,0x8145,0xE167,0xD967,0xD967,0xD967,0xD967,0xD967,0xD967,
0xD967,0xD967,0xD967,0xD967,0xD967,0xD967,0xD947,0xE167,0xD967,0xE167,0xD947,0xE147,
0xF188,0x3123,0x0000,0x630A,0xFFFD,0xEF99,0xEFBA,0xEFBA,0xEFBA,0xEFBA,0xEFBA,0xEFBA,
0xFFFB,0xDF1B,0xE73C,0xDEFB,0xE71C,0xE73C,0xEF5D,0xEF7D,0xF79E,0xF79E,0xF79E,0xF79E,
0xF79E,0xF79E,0xF79E,0xF79E,0xF79E,0xF79E,0xF79E,0xF79E,0xF79E,0xF79E,0xF79E,0xF79E,
0xF79E,0xF79E,0xF79E,0xF79E,0xF79E,0xF79E,0xF79E,0xF79E,0xF79E,0xF79E,0xF79E,0xF79E,
0xF79E,0xF79E,0xF79E,0xF79E,0xF79E,0xF79E,0xEF7D,0xEF7D,0xEF5D,0xE73C,0xE71C,0xDEDB,
0xDEFB,0xDE9A,0xFE38,0xF5F8,0xF5F7,0xF5F7,0xF5F7,0xF5F8,0xF5D7,0xFE39,0xEDB7,0x1882,
0x0000,0x9BAF,0xFE5A,0xCCF4,0xDD56,0xDD56,0xDD76,0xDD56,0xDD56,0xDD77,0xE577,0xE577,
0xE577,0xE577,0xE577,0xE577,0xE577,0xE578,0xED98,0xFE9C,0x9BB0,0x0000,0x0820,0x1882,
0x1062,0x1062,0x1862,0x1862,0x1862,0x1062,0x1062,0x1062,0x1883,0x0000,0x51C8,0xAC12,
0x0000,0x1882,0x1883,0x0000,0x830E,0xFE7D,0xBCF6,0xC537,0xC538,0xC537,0xBD37,0xC578,
0xCDB9,0x522A,0x0841,0x10A3,0x1062,0x0000,0xC599,0xD5FB,0xBD58,0xC578,0xBD58,0xBD58,
0xBD58,0xCDFA,0x83B1,0x1082,0x1082,0x1083,0x18A3,0x0000,0x6B2E,0xEF5F,0xAD97,0xB5D8,
0xB5D8,0xB5D9,0xB5F9,0xB5F9,0xAE19,0xADF9,0xAE19,0xC6DC,0x7431,0x0861,0x10A2,0x10A3,
0x10C3,0x0000,0x8D75,0xCFBF,0xA638,0xAE79,0xAE99,0xAE79,0xAE79,0xAE79,0xAE99,0xAE99,
0xAE99,0xAE78,0xAE78,0xAE58,0xAE37,0xAE37,0xBEF9,0xE7FF,0x6BEE,0x0000,0x742F,0x3A48,
0x0000,0xA615,0xDFFD,0xB697,0xA635,0xAE35,0xAE56,0xB696,0xB696,0xB675,0xAE75,0xB675,
0xB675,0xB675,0xB675,0xB674,0xAE54,0xA613,0xC6F6,0xDFF8,0x1903,0x0000,0xBEB5,0xC716,
0xAE33,0xAE73,0xAE53,0xB653,0xB654,0xBEB5,0x7C6E,0x10C2,0x0881,0x10C2,0x0040,0x2144,
0xDFB8,0xBEB5,0xB653,0xB674,0xB674,0xCF36,0x6BCC,0x0020,0x10C2,0x10A2,0x18C2,0x0000,
0x9510,0xE7F9,0xB634,0xBE94,0xBE74,0xBE74,0xB654,0xCEF6,0xA5D2,0x2984,0x0861,0x18C2,
0x10C2,0x10C2,0x10C2,0x10C2,0x10C2,0x10C2,0x10C2,0x10C2,0x10A2,0x10C2,0x10C2,0x10C2,
0x10C2,0x10A2,0x10A2,0x10C2,0x10C2,0x10A2,0x10A2,0x10A2,0x10A2,0x10A2,0x18C2,0x00A1,
0x40E3,0xE927,0xC926,0xE147,0x6124,0x0081,0x18C2,0x10A2,0x10C2,0x08A2,0x08A2,0x08A2,
0x08A2,0x08A2,0x08A1,0x00A1,0x00A1,0x0081,0xB146,0xE968,0xD967,0xD967,0xD967,0xD967,
0xD947,0xD967,0xD967,0xD967,0xD967,0xD967,0xD967,0xD967,0xD967,0xD967,0xD967,0xD947,
0xD947,0xF188,0x9186,0x0061,0x1081,0xDF38,0xFFFB,0xEF99,0xEFBA,0xEFBA,0xEFBA,0xEFBA,
0xEF9A,0xFFFD,0xEF9B,0xF79E,0xDEDB,0xDEFB,0xE73C,0xEF5D,0xEF7D,0xEF7D,0xF79E,0xF79E,
0xF79E,0xF79E,0xF79E,0xF79E,0xF79E,0xF79E,0xF79E,0xF79E,0xF79E,0xF79E,0xF79E,0xF79E,
0xF79E,0xF79E,0xF79E,0xF79E,0xF79E,0xF79E,0xF79E,0xF79E,0xF79E,0xF79E,0xF79E,0xF79E,
0xF79E,0xF79E,0xF79E,0xF79E,0xF79E,0xF79E,0xF79E,0xEF7D,0xEF7D,0xEF5D,0xE73C,0xDEFB,
0xDEDB,0xE71C,0xDE99,0xFE58,0xF5F7,0xF5F7,0xF5F7,0xF5F7,0xF5F7,0xF5D7,0xFE59,0xD514,
0x0820,0x0000,0x936E,0xFE5A,0xC4B3,0xD514,0xD535,0xDD56,0xDD56,0xDD56,0xDD76,0xDD76,
0xDD77,0xE577,0xE577,0xE577,0xE577,0xE577,0xE577,0xE598,0xEDB8,0xFE7C,0xBC73,0x20C3,
0x0000,0x1062,0x1882,0x1062,0x1862,0x1862,0x1862,0x1062,0x1862,0x1882,0x0821,0x3125,
0x624A,0x0000,0x1882,0x1882,0x0000,0xB433,0xFE1B,0xCCF6,0xD538,0xCD58,0xCD58,0xC537,
0xD5B9,0xBD17,0x39A8,0x0021,0x18A3,0x0841,0x18A3,0xDE5D,0xCDB9,0xBD78,0xC578,0xC578,
0xBD78,0xC599,0xCDBA,0x6B0E,0x0842,0x1062,0x1082,0x10A2,0x0000,0xAD36,0xDEBD,0xAD77,
0xB5D8,0xB5D8,0xB5D9,0xB5F9,0xB5F9,0xB5F9,0xB5F9,0xB619,0xC6BC,0x8472,0x0861,0x0882,
0x10A3,0x10C3,0x0000,0x9576,0xCF7E,0xA639,0xAE9A,0xAE9A,0xAE9A,0xB69A,0xB6BA,0xB6BA,
0xB6BA,0xB699,0xB699,0xB699,0xB699,0xB698,0xB698,0xAE57,0xBEF9,0xCFBC,0x1924,0x0040,
0x0000,0x6C0E,0xE7FD,0xAE56,0xAE56,0xB696,0xAE96,0xAE76,0xB676,0xB696,0xBED7,0xBF17,
0xC717,0xBED6,0xB695,0xB695,0xB695,0xB675,0xB695,0xAE54,0xD7B8,0x6BEC,0x0000,0x9D91,
0xCF77,0xAE33,0xB674,0xB654,0xB654,0xB674,0xBEB5,0x84AE,0x10C2,0x0881,0x18E2,0x0000,
0x5B6A,0xE7F9,0xAE33,0xB674,0xB674,0xB674,0xCF36,0x742D,0x0040,0x10A2,0x10A2,0x10C2,
0x0000,0xB654,0xD777,0xB654,0xBE94,0xBE74,0xBE74,0xBE95,0xC6D6,0x6BAC,0x0861,0x10A1,
0x10C2,0x10C2,0x10C2,0x10C2,0x10C2,0x10C2,0x10C2,0x10C2,0x10C2,0x10A2,0x10C2,0x10C2,
0x10C2,0x10C2,0x10C2,0x10A2,0x10C2,0x10C2,0x10A2,0x10C2,0x10C2,0x10C2,0x10A2,0x10C2,
0x0081,0x9145,0xE127,0xC926,0xD927,0xD167,0x20C2,0x0081,0x18C2,0x10A2,0x18C2,0x08A2,
0x00A1,0x00A1,0x00A1,0x00A1,0x00A1,0x00A1,0x00A2,0xB967,0xE967,0xD967,0xD967,0xD967,
0xD967,0xD967,0xD967,0xD967,0xD967,0xD967,0xD967,0xD967,0xD967,0xD967,0xD967,0xD967,
0xD967,0xD967,0xE967,0xD9A8,0x10E2,0x0000,0x844E,0xFFFD,0xEF79,0xEFBA,0xEFBA,0xEFBA,
0xEFBA,0xEF99,0xFFFB,0xFFFC,0xDEFB,0xDEDB,0xDEFB,0xE71C,0xEF5D,0xEF5D,0xEF7D,0xF79E,
0xF79E,0xF79E,0xF79E,0xF79E,0xF79E,0xF79E,0xF79E,0xF79E,0xF79E,0xF79E,0xF79E,0xF79E,
0xF79E,0xF79E,0xF79E,0xF79E,0xF79E,0xF79E,0xF79E,0xF79E,0xF79E,0xF79E,0xF79E,0xF79E,
0xF79E,0xF79E,0xF79E,0xF79E,0xF79E,0xF79E,0xF79E,0xF79E,0xEF7D,0xEF7D,0xEF5D,0xE73C,
0xDEFB,0xDEDB,0xE71C,0xDE79,0xFE38,0xF5F7,0xF5F7,0xF5F7,0xF5F7,0xF5F7,0xF5D7,0xFE59,
0xD514,0x0820,0x0000,0x626A,0xFE7A,0xBC92,0xBC93,0xC4D4,0xCCF4,0xD515,0xDD35,0xDD56,
0xDD56,0xDD56,0xDD76,0xDD57,0xDD77,0xE577,0xE577,0xE577,0xE577,0xE577,0xE577,0xFE5B,
0xFDFA,0x624A,0x0000,0x0820,0x1882,0x1862,0x1062,0x1062,0x1862,0x1862,0x1862,0x1042,
0x20A3,0x28E4,0x0841,0x1882,0x1062,0x0000,0xE578,0xEDBA,0xD517,0xD537,0xD538,0xD538,
0xCD38,0xDDDA,0xA453,0x2925,0x0841,0x18A3,0x0000,0x39A8,0xF6BF,0xC578,0xC599,0xC599,
0xC599,0xC578,0xCDBA,0xC578,0x5A6B,0x0020,0x10A2,0x10A3,0x0821,0x20E4,0xE69D,0xC5D9,
0xB598,0xBDB9,0xB5D9,0xB5D9,0xB5D9,0xB5F9,0xB5F9,0xB619,0xB619,0xC6BB,0x8493,0x1082,
0x0882,0x10C3,0x10A2,0x0000,0xAE5A,0xC73D,0xAE59,0xAE9A,0xB69A,0xB69A,0xB6DB,0xAE7A,
0xB6BA,0xBEDB,0xC73C,0xBF1B,0xB699,0xB699,0xB699,0xB699,0xB699,0xAE78,0xDFFE,0x5B6C,
0x0000,0x0861,0xBED8,0xC73A,0xAE57,0xB697,0xB677,0xB677,0xB676,0xBED7,0xC718,0xAE55,
0x9D93,0x9DD3,0xB6B6,0xBEF7,0xB696,0xB695,0xB695,0xB695,0xB675,0xC757,0x9DB2,0x0000,
0x740D,0xD7D8,0xAE33,0xB694,0xB674,0xB674,0xB674,0xBEB5,0x84AE,0x10E2,0x0881,0x10C2,
0x0000,0x9D71,0xD798,0xB653,0xBE94,0xB674,0xB674,0xCF16,0x7C8E,0x0840,0x10A1,0x10C2,
0x0040,0x1923,0xDF98,0xC6D5,0xB674,0xBE94,0xBE74,0xBE74,0xCEF6,0xADD2,0x3A27,0x0040,
0x10C2,0x10C2,0x10C2,0x10C2,0x10C2,0x10C2,0x10C2,0x10C2,0x10C2,0x10C2,0x10A2,0x10C2,
0x10C2,0x10C2,0x10C2,0x10A2,0x10A2,0x10C2,0x10C2,0x10C2,0x10A2,0x10C2,0x10A2,0x18C2,
0x08A2,0x18C2,0xD947,0xD126,0xD126,0xC946,0xE147,0xC987,0x18C2,0x0081,0x18C2,0x0081,
0x3903,0x8145,0x8945,0x8145,0x8165,0x9166,0x9966,0xC167,0xE967,0xD947,0xD967,0xD967,
0xD967,0xD967,0xD967,0xD967,0xD967,0xD967,0xD967,0xD967,0xD967,0xD947,0xD967,0xD967,
0xD967,0xD967,0xD967,0xD967,0xF188,0x4924,0x0020,0x3184,0xFFFB,0xF7DA,0xEF9A,0xEFBA,
0xEFBA,0xEFBA,0xEFBA,0xEF99,0xFFFC,0xDF1A,0xE73C,0xDEDB,0xE71C,0xE73C,0xEF5D,0xEF7D,
0xEF7D,0xF79E,0xF79E,0xF79E,0xF79E,0xF79E,0xF79E,0xF79E,0xF79E,0xF79E,0xF79E,0xF79E,
0xF79E,0xF79E,0xF79E,0xF79E,0xF79E,0xF79E,0xF79E,0xF79E,0xF79E,0xF79E,0xF79E,0xF79E,
0xF79E,0xF79E,0xF79E,0xF79E,0xF79E,0xF79E,0xF79E,0xF79E,0xF79E,0xEF7D,0xEF7D,0xEF5D,
0xE73C,0xDEFB,0xDEDB,0xDEFB,0xD679,0xFE58,0xF5F7,0xF5D7,0xF5F7,0xF5F7,0xF5F7,0xF5D7,
0xFE38,0xEDD7,0x1862,0x0000,0x28E3,0xF5D7,0xCD14,0xAC31,0xBC93,0xC4B3,0xC4D3,0xCCF4,
0xCCF4,0xD515,0xD515,0xD536,0xDD36,0xDD56,0xDD56,0xDD56,0xDD77,0xDD77,0xE577,0xDD57,
0xDD36,0xF5D9,0xFE9C,0xBC73,0x1883,0x0000,0x1062,0x1882,0x1062,0x1062,0x1862,0x1862,
0x1862,0x1062,0x1062,0x1062,0x1882,0x0841,0x20A3,0xFE1B,0xDD58,0xD538,0xDD58,0xDD58,
0xDD58,0xD558,0xE5DA,0x8BB1,0x18C3,0x0841,0x18C3,0x0000,0x6B0E,0xF6DF,0xBD58,0xC599,
0xC599,0xC599,0xC579,0xD5FA,0xB517,0x41E8,0x0020,0x1083,0x18A3,0x0000,0x6AED,0xEEFF,
0xB578,0xBD99,0xBDB9,0xBDB9,0xBDD9,0xBDD9,0xBDF9,0xBDF9,0xBE19,0xBE19,0xC69B,0x94D4,
0x18E4,0x0861,0x10C3,0x0882,0x0041,0xC6DC,0xBEDC,0xAE59,0xB67A,0xB69A,0xB69A,0xBEFC,
0x5B4D,0x3208,0x4ACB,0x63CE,0xAE79,0xBF1B,0xAE99,0xB6B9,0xB6B9,0xB6B9,0xAE99,0xCF9C,
0x7450,0x0000,0x2165,0xD7BC,0xB6B8,0xB697,0xB697,0xB697,0xB677,0xB697,0xBEF8,0x6BED,
0x31C6,0x18E3,0x18E3,0x530A,0xBEF7,0xB6B6,0xB676,0xB695,0xB695,0xB695,0xC717,0x9D92,
0x0000,0x5309,0xDFF9,0xAE53,0xB694,0xB674,0xB674,0xB694,0xBEB5,0x84AE,0x10C2,0x0881,
0x0861,0x18E2,0xD777,0xBED5,0xB674,0xB694,0xB694,0xB674,0xC716,0x848E,0x0861,0x10A1,
0x10E2,0x0000,0x5B6A,0xEFFA,0xB654,0xBE94,0xBE74,0xBE74,0xBE94,0xC6F6,0x7C4E,0x10A2,
0x0881,0x10C2,0x10A2,0x10A2,0x10C2,0x10C2,0x10C2,0x18C2,0x18C2,0x10C2,0x10C2,0x10A2,
0x10C2,0x10C2,0x18C2,0x18C2,0x18C2,0x10C2,0x10C2,0x10C2,0x10A2,0x10C2,0x10C2,0x10C2,
0x18C2,0x00A1,0x4903,0xE947,0xC906,0xD146,0xD126,0xC947,0xE147,0xC967,0x20C2,0x0060,
0x3903,0xE988,0xF188,0xF168,0xF168,0xF168,0xF168,0xE968,0xE167,0xD947,0xD947,0xD947,
0xD967,0xD967,0xD967,0xD967,0xD967,0xD967,0xD967,0xD967,0xD967,0xD967,0xD967,0xD967,
0xD967,0xD967,0xD967,0xD967,0xD947,0xF188,0x9966,0x0081,0x0000,0xCE75,0xFFFC,0xEF99,
0xEFBA,0xEFBA,0xEFBA,0xEFBA,0xEF9A,0xFFFC,0xEF9B,0xEF7D,0xD6DA,0xDEFB,0xE73C,0xEF5D,
0xEF7D,0xEF7D,0xF79E,0xF79E,0xF79E,0xF79E,0xF79E,0xF79E,0xF79E,0xF79E,0xF79E,0xF79E,
0xF79E,0xF79E,0xF79E,0xF79E,0xF79E,0xF79E,0xF79E,0xF79E,0xF79E,0xF79E,0xF79E,0xF79E,
0xF79E,0xF79E,0xF79E,0xF79E,0xF79E,0xF79E,0xF79E,0xF79E,0xF79E,0xF79E,0xEF7D,0xEF7D,
0xEF5D,0xE73C,0xDEFB,0xD6BA,0xD6BA,0xD69A,0xFE78,0xFE17,0xF5F7,0xF5F7,0xF5F7,0xF5F7,
0xF5F7,0xF5F7,0xFE59,0x3945,0x0820,0x0000,0xA3F0,0xEDD7,0xAC10,0xAC31,0xB452,0xB472,
0xBC93,0xC4B3,0xC4D4,0xC4D4,0xCCF4,0xCCF5,0xD515,0xD535,0xDD36,0xDD36,0xDD56,0xDD77,
0xDD77,0xDD57,0xDD36,0xE577,0xFE7C,0xF5FA,0x7ACC,0x0000,0x0000,0x1882,0x1862,0x1862,
0x1862,0x1862,0x1862,0x1862,0x1062,0x1883,0x0000,0x41A7,0xFE5D,0xD537,0xDD37,0xDD37,
0xDD38,0xDD58,0xDD58,0xE599,0x7AED,0x1062,0x1062,0x18A3,0x0000,0x9412,0xEE7D,0xBD58,
0xC599,0xC599,0xC599,0xC579,0xD5FA,0xACD6,0x3987,0x0020,0x10A3,0x1083,0x0000,0xACD6,
0xE67D,0xB557,0xBD99,0xBDB9,0xC5D9,0xC5FA,0xBDD9,0xBDD9,0xBDF9,0xBDF9,0xBDF9,0xCE9B,
0x9515,0x2124,0x0841,0x10C3,0x0861,0x10C3,0xCF3D,0xBE9B,0xB659,0xB67A,0xB67A,0xB69A,
0xB69A,0x5B6D,0x0020,0x0882,0x0882,0x5B6E,0xC77D,0xAE99,0xB699,0xB6B9,0xB6B9,0xB699,
0xC73B,0x7C91,0x0000,0x4AEA,0xD7FE,0xB698,0xB698,0xB698,0xB697,0xAE77,0xC6F9,0x8D32,
0x2144,0x0881,0x0881,0x0020,0x2144,0xBEF8,0xBEB7,0xB676,0xB696,0xB676,0xB6B6,0xBEF6,
0x84AF,0x0000,0x4288,0xDFF9,0xAE54,0xB694,0xB674,0xB674,0xB694,0xBEB5,0x84AE,0x10C2,
0x10A1,0x0000,0x5B4A,0xE7F9,0xAE53,0xB674,0xB694,0xB674,0xB674,0xC6F6,0x8CCF,0x10A1,
0x0881,0x10C2,0x0000,0xA5D2,0xDF98,0xB633,0xBE94,0xB674,0xB654,0xC6B5,0xAE13,0x4247,
0x0020,0x10C2,0x10A2,0x10A2,0x10A2,0x10C2,0x10A2,0x08A1,0x00A1,0x00A1,0x00A1,0x00A1,
0x00A1,0x00A1,0x00A1,0x00A1,0x00A1,0x0081,0x08A1,0x10A1,0x10C2,0x10A2,0x10A2,0x10A2,
0x10A2,0x18C2,0x00A1,0x5904,0xE947,0xC906,0xC946,0xD146,0xD126,0xD146,0xE147,0xC967,
0x5904,0xC167,0xE147,0xC946,0xD126,0xD147,0xD147,0xD147,0xD147,0xD967,0xD947,0xD947,
0xD947,0xD967,0xD947,0xD967,0xD947,0xD967,0xD967,0xD967,0xD967,0xD967,0xD967,0xD967,
0xD967,0xD967,0xD967,0xD967,0xD967,0xD947,0xE967,0xD188,0x10E2,0x0000,0x6B6B,0xFFFD,
0xEF99,0xEFBA,0xEFBA,0xEFBA,0xEFBA,0xEF99,0xFFFB,0xFFFC,0xE71C,0xD6BA,0xDEFB,0xE71C,
0xE73C,0xEF5D,0xEF7D,0xEF7D,0xF79E,0xF79E,0xF79E,0xF79E,0xF79E,0xF79E,0xF79E,0xF79E,
0xF79E,0xF79E,0xF79E,0xF79E,0xF79E,0xF79E,0xF79E,0xF79E,0xF79E,0xF79E,0xF79E,0xF79E,
0xF79E,0xF79E,0xF79E,0xF79E,0xF79E,0xF79E,0xF79E,0xF79E,0xF79E,0xF79E,0xF79E,0xEF7D,
0xEF7D,0xEF5D,0xE71C,0xDEFB,0xD6BA,0xD69A,0xD6BA,0xFE78,0xFE37,0xF5F7,0xF5F7,0xF5F7,
0xF5F7,0xF5F7,0xF5D7,0xFEBA,0x7ACB,0x0000,0x0840,0x3945,0xDD55,0xD514,0x9BAF,0xA3F0,
0xAC31,0xAC31,0xB452,0xB472,0xBC92,0xBC93,0xC4B3,0xC4B4,0xC4D4,0xCCF4,0xCCF5,0xD515,
0xD536,0xDD36,0xDD56,0xD536,0xD515,0xD516,0xF5D9,0xFEBD,0xC4D5,0x28E4,0x0000,0x1062,
0x1882,0x1862,0x1862,0x1862,0x1862,0x1062,0x1883,0x0000,0x72AC,0xFE5C,0xCCF6,0xDD37,
0xD537,0xD537,0xD537,0xDD78,0xD517,0x6A6B,0x1041,0x1062,0x1882,0x0000,0xC537,0xE61B,
0xC557,0xC578,0xC578,0xC579,0xC579,0xCDDA,0x9412,0x2104,0x0841,0x18A3,0x0841,0x18C4,
0xE65C,0xCD99,0xBD58,0xBD78,0xCDFA,0x9C94,0xCDFA,0xC5DA,0xBDD9,0xBDF9,0xBDD9,0xBDD9,
0xCE7B,0x9D15,0x2945,0x0041,0x10C3,0x0020,0x2986,0xDF9F,0xB65A,0xB639,0xB65A,0xB659,
0xB69A,0xB67A,0x5B4D,0x0861,0x10A2,0x0000,0x2145,0xC77D,0xB6BA,0xB69A,0xB69A,0xB699,
0xB6B9,0xBEFB,0x6C0F,0x0000,0x7450,0xD7DD,0xAE57,0xB698,0xB698,0xB698,0xB697,0xBF19,
0x63AD,0x0861,0x0881,0x10E3,0x0040,0x2164,0xD7DB,0xB696,0xAE76,0xB696,0xB676,0xB6B6,
0xB6B6,0x63AC,0x0000,0x31E6,0xD7D9,0xAE54,0xAE74,0xB654,0xAE54,0xAE74,0xB6B4,0x84AE,
0x10C2,0x0881,0x0000,0xA5F2,0xCF77,0xA612,0xB674,0xB674,0xB674,0xB674,0xC6D5,0x8D10,
0x18E2,0x0881,0x0861,0x18E2,0xD798,0xBE95,0xAE33,0xB654,0xB633,0xB633,0xBE74,0x846E,
0x1903,0x0861,0x10A2,0x10A2,0x10A2,0x10C2,0x00A1,0x00A1,0x18C2,0x4903,0x7924,0xA146,
0xB966,0xB946,0xB166,0x9966,0x8945,0x6124,0x4103,0x20C2,0x08A1,0x00A1,0x10A2,0x10A2,
0x10C2,0x10C2,0x18C2,0x00A1,0x5104,0xE947,0xC926,0xC926,0xD126,0xD146,0xD147,0xD146,
0xD947,0xE967,0xD947,0xD147,0xD147,0xD147,0xD147,0xD947,0xD947,0xD967,0xD967,0xD947,
0xD947,0xD967,0xD967,0xD967,0xD967,0xD947,0xD967,0xD967,0xD967,0xD967,0xD967,0xD967,
0xD967,0xD967,0xD967,0xD967,0xD967,0xD967,0xD967,0xD967,0xF188,0x4924,0x0040,0x2103,
0xF7DA,0xF7FA,0xEF99,0xEFBA,0xEFBA,0xEFBA,0xEF9A,0xEFBA,0xFFFB,0xDEFA,0xE71C,0xDEDB,
0xDEFB,0xE73C,0xEF5D,0xEF7D,0xEF7D,0xF79E,0xF79E,0xF79E,0xF79E,0xF79E,0xF79E,0xF79E,
0xF79E,0xF79E,0xF79E,0xF79E,0xF79E,0xF79E,0xF79E,0xF79E,0xF79E,0xF79E,0xF79E,0xF79E,
0xF79E,0xF79E,0xF79E,0xF79E,0xF79E,0xF79E,0xF79E,0xF79E,0xF79E,0xF79E,0xF79E,0xF79E,
0xEF7D,0xEF5D,0xEF5D,0xE71C,0xDEFB,0xD6BA,0xCE79,0xDEFB,0xFE78,0xFE78,0xF5F6,0xF5F7,
0xF5F7,0xF5F7,0xF5F7,0xF5D7,0xFE79,0xCCD3,0x0000,0x1882,0x0000,0x6269,0xE596,0xCCF3,
0x9B8F,0x9BAF,0xA3F0,0xA410,0xAC31,0xAC31,0xB451,0xB452,0xB472,0xBC73,0xBC93,0xBCB3,
0xC4B4,0xC4D4,0xCCD4,0xCCF5,0xCD15,0xD515,0xD515,0xCCD5,0xD536,0xFE5B,0xFE3B,0x6A8A,
0x0000,0x0841,0x1882,0x1862,0x1862,0x1862,0x1062,0x18A2,0x0000,0x9B90,0xFE1B,0xBCB4,
0xCCF6,0xCCF6,0xCCF6,0xCCD6,0xDD37,0xC495,0x5A2A,0x1041,0x1883,0x1062,0x0820,0xE5DA,
0xD599,0xBD17,0xC558,0xC558,0xC558,0xC578,0xCDB9,0x730E,0x1082,0x1062,0x18A3,0x0000,
0x62CD,0xEEBE,0xB517,0xBD37,0xBD58,0xC579,0x4A2A,0xCE1B,0xC5B9,0xBD99,0xBDB9,0xBDB9,
0xB5B8,0xC63A,0xA516,0x31A7,0x0021,0x18C3,0x0000,0x39E8,0xDF7F,0xAE19,0xADF9,0xAE19,
0xAE19,0xB65A,0xAE19,0x4ACB,0x0041,0x10C3,0x0861,0x10C3,0xC75D,0xB6BB,0xAE7A,0xB69A,
0xAE99,0xB6BA,0xB6DA,0x532C,0x0000,0x8D33,0xCFBD,0xAE58,0xB698,0xB698,0xB698,0xB6B8,
0xB6B8,0x4AA9,0x0861,0x10A2,0x10C2,0x0020,0x29A5,0xD7DB,0xAE76,0xAE76,0xB676,0xAE75,
0xB6B6,0xB676,0x530A,0x0000,0x2164,0xCF99,0xAE34,0xAE34,0xAE33,0xAE33,0xAE33,0xB674,
0x7C8E,0x10C2,0x0040,0x10E2,0xD797,0xB674,0xA5D2,0xAE13,0xAE33,0xAE33,0xAE33,0xBE94,
0x8D10,0x1902,0x08A1,0x0000,0x4A87,0xE7F9,0xA5B1,0xA5D2,0xA5F2,0xA5D2,0xADF3,0xAE13,
0x5B29,0x0040,0x10A2,0x10A2,0x10A2,0x10A2,0x00A1,0x28E2,0x9125,0xC926,0xD926,0xD926,
0xD126,0xD126,0xD0E6,0xD126,0xD947,0xE147,0xE167,0xE167,0xD167,0xC187,0x5924,0x0081,
0x10C2,0x10C2,0x10C2,0x10C2,0x08A2,0x20E2,0xD967,0xD106,0xC926,0xD126,0xD127,0xD147,
0xD126,0xD146,0xC947,0xD147,0xD147,0xD147,0xD147,0xD147,0xD147,0xD947,0xD967,0xD947,
0xD947,0xD967,0xD967,0xD967,0xD947,0xD967,0xD947,0xD947,0xD947,0xD967,0xD967,0xD967,
0xD967,0xD967,0xD967,0xD967,0xD967,0xD967,0xD967,0xD967,0xD967,0xF188,0x8145,0x00A1,
0x0000,0xBDF4,0xFFFC,0xE799,0xEFB9,0xEFB9,0xEFBA,0xEFBA,0xEF99,0xFFFC,0xE75B,0xEF5D,
0xD6BA,0xDEFB,0xE71C,0xE73C,0xEF5D,0xEF7D,0xEF7D,0xF79E,0xF79E,0xF79E,0xF79E,0xF79E,
0xF79E,0xF79E,0xF79E,0xF79E,0xF79E,0xF79E,0xF79E,0xF79E,0xF79E,0xF79E,0xF79E,0xF79E,
0xF79E,0xF79E,0xF79E,0xF79E,0xF79E,0xF79E,0xF79E,0xF79E,0xF79E,0xF79E,0xF79E,0xF79E,
0xF79E,0xEF7D,0xEF5D,0xE73C,0xE71C,0xDEDB,0xD6BA,0xCE59,0xDEFB,0xFE98,0xFE98,0xF616,
0xF5F6,0xF5F6,0xF5F7,0xF5F7,0xF5F7,0xF5F7,0xFE9A,0x5A08,0x0000,0x1882,0x0820,0x72CB,
0xCCF4,0xCCD3,0x9BCF,0x938E,0x9BCF,0xA3F0,0xA3F0,0xA410,0xA411,0xAC31,0xAC31,0xB431,
0xB452,0xB472,0xBC72,0xBC93,0xBC93,0xC4B4,0xC4B4,0xC4D4,0xCCF5,0xC4D4,0xC4D4,0xE598,
0xFEBD,0xAC32,0x0821,0x0820,0x1882,0x1862,0x1862,0x1862,0x1882,0x0000,0xC4B4,0xEDB9,
0xB453,0xC4B4,0xBC94,0xC494,0xBC94,0xCCF6,0xBC74,0x4187,0x0000,0x1062,0x0800,0x1883,
0xFE3C,0xC4F6,0xBCD6,0xBCF6,0xBD16,0xBCF6,0xBD37,0xC558,0x5A8B,0x0841,0x1082,0x1082,
0x0000,0xBD37,0xCDDA,0xA4B5,0xACD6,0xB537,0xA495,0x2104,0xCDDA,0xC599,0xB537,0xB578,
0xB558,0xAD57,0xBDB9,0xAD56,0x39C7,0x0020,0x18C3,0x0000,0x52AB,0xE77F,0xA577,0xA597,
0xA5B7,0xA5B7,0xADF8,0xA5D8,0x4249,0x0041,0x10C3,0x0020,0x29A6,0xCFBE,0xAE79,0xAE59,
0xAE79,0xAE59,0xB6BA,0xA658,0x4289,0x0000,0xA637,0xC73B,0xAE58,0xAE78,0xAE78,0xAE58,
0xB6B9,0xAE37,0x3A48,0x0041,0x10A2,0x10C3,0x0000,0x4268,0xD7DC,0xA615,0xAE55,0xAE35,
0xA615,0xB676,0xA614,0x4288,0x0000,0x10A2,0xC738,0xAE14,0x9DB2,0xA5D3,0x9DD2,0x9DD2,
0xA613,0x744D,0x10A2,0x0000,0x5309,0xDFF8,0x9550,0x9571,0x9DB1,0x9DB1,0x9DB1,0x9DB1,
0xAE33,0x9530,0x1923,0x0881,0x0000,0x9570,0xCF57,0x8CEF,0x9D71,0x9D71,0x9550,0xA5D2,
0x94F0,0x2164,0x0860,0x10C2,0x10A2,0x10A2,0x00A1,0x58E3,0xC906,0xC906,0xB905,0xB906,
0xB926,0xB946,0xC126,0xC106,0xC126,0xC126,0xC146,0xC946,0xC926,0xC906,0xE967,0x6124,
0x0081,0x18C2,0x10C2,0x10A2,0x10A2,0x18C2,0x00A1,0x7124,0xF147,0xC926,0xC926,0xD126,
0xD146,0xD126,0xD126,0xD147,0xD147,0xD147,0xD147,0xD147,0xD147,0xD147,0xD147,0xD147,
0xD947,0xD947,0xD967,0xD167,0xD967,0xD947,0xD967,0xD967,0xD947,0xD947,0xD967,0xD967,
0xD967,0xD967,0xD967,0xD967,0xD967,0xD967,0xD967,0xD967,0xD967,0xD967,0xF167,0xB967,
0x08E2,0x0000,0x7BED,0xFFFD,0xE799,0xEFB9,0xEFB9,0xEFB9,0xEFBA,0xEF99,0xFFFC,0xF7DB,
0xEF5D,0xD69A,0xDEDB,0xDEFB,0xE73C,0xEF5D,0xEF5D,0xEF7D,0xEF7D,0xF79E,0xF79E,0xF79E,
0xF79E,0xF79E,0xF79E,0xF79E,0xF79E,0xF79E,0xF79E,0xF79E,0xF79E,0xF79E,0xF79E,0xF79E,
0xF79E,0xF79E,0xF79E,0xF79E,0xF79E,0xF79E,0xF79E,0xF79E,0xF79E,0xF79E,0xF79E,0xF79E,
0xF79E,0xF79E,0xEF7D,0xEF5D,0xE73C,0xE71C,0xDEDB,0xD69A,0xDEDB,0xD699,0xFEB8,0xFE57,
0xF636,0xF616,0xF5F6,0xF5F6,0xF5F6,0xF5F7,0xF5F7,0xFE58,0xEDB6,0x1041,0x0820,0x1081,
0x0000,0x5A28,0xBC72,0xCCD3,0xAC10,0x938E,0x938E,0x9BCF,0x9BCF,0xA3D0,0xA3F0,0xA3F0,
0xA3F0,0xAC11,0xAC11,0xAC31,0xB431,0xB452,0xB452,0xB473,0xBC73,0xBC93,0xC4B3,0xC4B4,
0xBC93,0xCCF5,0xFE9C,0xDD57,0x1062,0x0000,0x1882,0x1862,0x1862,0x1862,0x0000,0xDD37,
0xDD37,0xA3F1,0xB433,0xB433,0xB453,0xB433,0xC4B5,0x936F,0x28E4,0x1062,0x18A3,0x0000,
0x4187,0xFE3C,0xAC33,0xB474,0xAC74,0xAC94,0xAC94,0xB4D6,0xAC95,0x4A29,0x0021,0x18A3,
0x0020,0x2104,0xEE9E,0xACB5,0x9C53,0x9C53,0xB4F6,0x8BD1,0x0821,0xBD58,0xC578,0xA494,
0xACF6,0xACF6,0xA4D5,0xAD37,0xAD57,0x39C8,0x0020,0x18E3,0x0000,0x5AEC,0xE73F,0x94F5,
0x9D36,0x9D36,0x9535,0x9D77,0xA5B7,0x31E8,0x0041,0x10E3,0x0000,0x4269,0xD7DF,0x9DD7,
0xA618,0xA618,0x9DF7,0xAE79,0x9596,0x31C7,0x0000,0xBEFB,0xB6DA,0xA5F7,0xA637,0xA637,
0xA617,0xB698,0x9595,0x31E7,0x0041,0x10C2,0x10C3,0x0000,0x532B,0xD7DC,0x9D93,0xA5D4,
0x9DD4,0x9D93,0xAE55,0x9572,0x31C6,0x0040,0x0861,0xB696,0xA614,0x8D31,0x9571,0x9551,
0x9551,0x9DB2,0x6C0C,0x0881,0x0000,0xA5D2,0xBED5,0x7C8E,0x8CEF,0x8D0F,0x8D30,0x9530,
0x8D10,0x9DB2,0x9550,0x2143,0x0020,0x10A1,0xCF57,0x9D91,0x84AE,0x8D10,0x8CEF,0x8CCF,
0x9D91,0x6BAC,0x0861,0x10A1,0x10A2,0x10A2,0x00A1,0x48C3,0xD106,0xB905,0xB105,0xB905,
0xB906,0xB926,0xC146,0xC126,0xC0E6,0xC126,0xC146,0xC926,0xC946,0xC926,0xC926,0xD967,
0x30E3,0x0081,0x18C2,0x10A2,0x10A2,0x10A2,0x10C2,0x10A2,0x00A1,0x8945,0xE967,0xD927,
0xC926,0xC926,0xD126,0xD126,0xD147,0xD147,0xD147,0xD147,0xD147,0xD147,0xD147,0xD147,
0xD147,0xD147,0xD947,0xD947,0xD967,0xD967,0xD967,0xD967,0xD967,0xD947,0xD947,0xD967,
0xD967,0xD967,0xD967,0xD967,0xD967,0xD967,0xD967,0xD967,0xD967,0xD967,0xD967,0xE167,
0xE1A8,0x2103,0x0020,0x39C5,0xFFFC,0xEFBA,0xEFB9,0xEFB9,0xEFB9,0xEFB9,0xEF99,0xEFDA,
0xFFFB,0xDEDB,0xE71C,0xD6BA,0xDEFB,0xE71C,0xE73C,0xEF5D,0xEF5D,0xEF7D,0xEF7D,0xF79E,
0xF79E,0xF79E,0xF79E,0xF79E,0xF79E,0xF79E,0xF79E,0xF79E,0xF79E,0xF79E,0xF79E,0xF79E,
0xF79E,0xF79E,0xF79E,0xF79E,0xF79E,0xF79E,0xF79E,0xF79E,0xF79E,0xF79E,0xF79E,0xF79E,
0xF79E,0xF79E,0xF79E,0xEF7D,0xEF5D,0xE73C,0xE71C,0xDEDB,0xD6BA,0xEF5D,0xF6D9,0xFF39,
0xF657,0xF657,0xF637,0xF636,0xF616,0xF5F6,0xF5F6,0xF5F6,0xF5F6,0xFEB9,0xBC91,0x0000,
0x1041,0x1882,0x0000,0x3125,0x9BAF,0xC4B2,0xC4B2,0xA3F0,0x936E,0x938E,0x9BAF,0x9BAF,
0x9BAF,0x9BCF,0x9BCF,0x9BD0,0xA3D0,0xA3F0,0xA411,0xAC11,0xAC31,0xAC31,0xB432,0xB452,
0xB452,0xBC73,0xB452,0xB432,0xFE3B,0xE577,0x1862,0x0820,0x1882,0x1862,0x1041,0x0821,
0xEDB9,0xBC94,0x9BB0,0xA3F1,0xA3F1,0xA3F1,0xA3F1,0xAC12,0xCCF6,0xF5DA,0xF5FA,0xF5FB,
0xEDB9,0xF5FB,0xE599,0x9BD1,0xAC33,0xA412,0xA433,0xA413,0xA454,0x93F2,0x41C8,0x0821,
0x18A3,0x0000,0x6AED,0xE69D,0x83D1,0x8C12,0x8BF2,0xA495,0x524A,0x0000,0xA4B5,0xC578,
0x9412,0x9C74,0x9C74,0x9C73,0x9C94,0xAD37,0x41E8,0x0020,0x18C3,0x0000,0x7BF0,0xD6BC,
0x8452,0x94D4,0x8CB4,0x8CB3,0x9515,0x94F4,0x2966,0x0041,0x18E3,0x0000,0x4ACB,0xCF7E,
0x8D14,0x9576,0x9576,0x9575,0x9DD7,0x84D3,0x2165,0x0020,0xC75C,0xA638,0x9595,0x9DB6,
0x95B5,0x9595,0xA617,0x8D13,0x29A6,0x0041,0x10C2,0x10C3,0x0000,0x7470,0xC73A,0x84F1,
0x9573,0x9553,0x8D12,0xA5F5,0x84D0,0x1903,0x0881,0x0000,0xA5F4,0xA614,0x7C8F,0x84F0,
0x84F0,0x84D0,0x8D11,0x6BEC,0x0000,0x1903,0xD7B8,0x8CEF,0x744D,0x7C6D,0x7C8E,0x7CAE,
0x84AE,0x7C8E,0x8D30,0x9550,0x2984,0x0000,0x4AC8,0xDFD8,0x742D,0x7C8E,0x7C8E,0x7C6E,
0x848E,0x9530,0x4226,0x0040,0x10C2,0x10A1,0x08A1,0x08A1,0xA905,0xB905,0xB105,0xB8E5,
0xB905,0xB906,0xB926,0xB946,0xC126,0xC0E6,0xC126,0xC126,0xC146,0xC946,0xC926,0xC926,
0xE167,0x4903,0x0081,0x18C2,0x10C2,0x10C2,0x10C2,0x10C2,0x10C2,0x08A2,0x0081,0x4903,
0xB966,0xE947,0xD947,0xC926,0xC926,0xD146,0xD147,0xD147,0xD147,0xD147,0xD147,0xD147,
0xD147,0xD147,0xD147,0xD147,0xD167,0xD967,0xD967,0xD967,0xD967,0xD967,0xD967,0xD967,
0xD967,0xD967,0xD967,0xD967,0xD967,0xD967,0xD967,0xD967,0xD967,0xD967,0xD967,0xD967,
0xD947,0xF188,0x5124,0x0061,0x0840,0xD6F7,0xFFFB,0xEF99,0xEFB9,0xEFB9,0xEFB9,0xEFB9,
0xEF99,0xFFFB,0xF7DB,0xDEFB,0xEF7D,0xDEDB,0xDEFB,0xE71C,0xE73C,0xEF5D,0xEF5D,0xEF7D,
0xEF7D,0xF79E,0xF79E,0xF79E,0xF79E,0xF79E,0xF79E,0xF79E,0xF79E,0xF79E,0xF79E,0xF79E,
0xF79E,0xF79E,0xF79E,0xF79E,0xF79E,0xF79E,0xF79E,0xF79E,0xF79E,0xF79E,0xF79E,0xF79E,
0xF79E,0xF79E,0xF79E,0xF79E,0xEF7D,0xEF5D,0xE73C,0xE71C,0xDEDB,0xDEDB,0xD6BA,0xFF38,
0xFEB8,0xF677,0xFE77,0xFE57,0xF657,0xF637,0xF636,0xF616,0xF5F6,0xF5F6,0xF5F6,0xFEDA,
0xAC30,0x0000,0x1041,0x18A2,0x0820,0x1061,0x6249,0xA3EF,0xC4D3,0xC4B2,0xA3CF,0x8B4D,
0x8B4D,0x938E,0x938E,0x938E,0x938F,0x9BAF,0x9BAF,0x9BCF,0x9BD0,0xA3D0,0xA3D0,0xA3F0,
0xA3F0,0xA3F1,0xAC11,0xAC31,0xA3F1,0x9BB0,0xFE1A,0xD536,0x0800,0x1041,0x18A2,0x0821,
0x28C4,0xFE1A,0xA3D0,0x936F,0x9390,0x9390,0x9BB0,0x9BB0,0x9BB0,0xA3F2,0xB453,0xAC12,
0xB433,0xBC74,0xBC74,0xA3D1,0x9390,0x9BB1,0x9BB1,0x9BB1,0x93B1,0xA412,0x9390,0x3146,
0x0821,0x1882,0x0000,0xBD58,0xBD37,0x7B4F,0x83B1,0x8BD1,0x83B1,0x3145,0x0000,0x9412,
0xC579,0x8390,0x9412,0x8C12,0x8BF2,0x8C12,0xAD16,0x4A29,0x0020,0x18C3,0x0000,0x9493,
0xC61A,0x7BD0,0x8452,0x8452,0x7C31,0x8CB4,0x8452,0x2105,0x0841,0x18E3,0x0000,0x7410,
0xC6FC,0x7451,0x8CF4,0x84F4,0x84D3,0x9576,0x7C92,0x10E3,0x10A3,0xCFBE,0x9575,0x8514,
0x8D34,0x8D13,0x84F3,0x9595,0x84B2,0x2965,0x0061,0x10C2,0x10C3,0x0000,0x8D33,0xB6B8,
0x7470,0x84F2,0x84D1,0x7C90,0x9DB4,0x7C4F,0x10C2,0x08A2,0x0000,0x8D11,0xAE14,0x6BED,
0x7C8F,0x7C6F,0x7C6E,0x84AF,0x6BCC,0x0000,0x5B6A,0xD798,0x6BCC,0x742D,0x6BEC,0x7C8E,
0x742D,0x744D,0x742D,0x84AE,0x9550,0x29A4,0x0000,0x9530,0xBED5,0x638B,0x742D,0x740C,
0x73EC,0x7C4D,0x8C8E,0x18E2,0x0881,0x10A2,0x10A1,0x00A1,0x30E2,0xC8E6,0xB105,0xB105,
0xB0E5,0xB905,0xB905,0xB926,0xB946,0xC126,0xC0E6,0xC126,0xC126,0xC146,0xC146,0xC926,
0xC106,0xE147,0x7945,0x0081,0x18C2,0x10A2,0x10C2,0x10C2,0x10C2,0x10C2,0x10A2,0x10A2,
0x00A1,0x08A1,0x5904,0xC166,0xE947,0xE127,0xD126,0xC926,0xC947,0xD147,0xD147,0xD147,
0xD147,0xD147,0xD147,0xD147,0xD147,0xD147,0xD167,0xD967,0xD967,0xD967,0xD947,0xD947,
0xD947,0xD967,0xD967,0xD967,0xD967,0xD947,0xD967,0xD967,0xD967,0xD967,0xD967,0xD967,
0xD967,0xD947,0xF188,0x8945,0x00A2,0x0000,0xA531,0xFFFC,0xE779,0xEFB9,0xEFB9,0xEFB9,
0xEFB9,0xEFB9,0xEFB9,0xFFFC,0xFFFB,0xDF1A,0xEF7D,0xEF5D,0xDEFB,0xE71C,0xE73C,0xEF5D,
0xEF5D,0xEF7D,0xEF7D,0xF79E,0xF79E,0xF79E,0xF79E,0xF79E,0xF79E,0xF79E,0xF79E,0xF79E,
0xF79E,0xF79E,0xF79E,0xF79E,0xF79E,0xF79E,0xF79E,0xF79E,0xF79E,0xF79E,0xF79E,0xF79E,
0xF79E,0xF79E,0xF79E,0xF79E,0xEF7D,0xEF7D,0xEF5D,0xE73C,0xDEFB,0xDEDB,0xE73C,0xDEB9,
0xFF59,0xFE97,0xFE97,0xFE97,0xFE77,0xFE77,0xF657,0xF657,0xF636,0xF616,0xF616,0xF5F6,
0xF5F6,0xFEB9,0xB450,0x0820,0x0000,0x18A2,0x1041,0x0000,0x28E3,0x6A69,0xABF0,0xBC92,
0xBC71,0x9BCF,0x832D,0x8B4D,0x936E,0x936E,0x936E,0x936E,0x938E,0x938F,0x938F,0x938F,
0x9B8F,0x9BAF,0x9BAF,0x9BAF,0x9BAF,0xA3D0,0x9BB0,0x9B8F,0xFE3A,0x8B6E,0x0000,0x18A3,
0x0000,0x49E8,0xFE1A,0x830D,0x8B4E,0x8B4F,0x8B4F,0x8B4F,0x8B6F,0x8B4F,0x8B4F,0x8B2E,
0x832E,0x832E,0x8B2E,0x832E,0x8B2F,0x8B4F,0x8B4F,0x8B6F,0x8B6F,0x8B4F,0xAC12,0x934F,
0x18A3,0x1062,0x0820,0x3146,0xEE5D,0x8B90,0x7B2F,0x7B6F,0x8390,0x62AC,0x18A3,0x0000,
0x7B4F,0xC579,0x732E,0x83B1,0x8390,0x8390,0x7B70,0xACD6,0x524A,0x0020,0x18A3,0x0000,
0xA4F6,0xB557,0x6B4E,0x7BD1,0x7BD0,0x73B0,0x8452,0x7BD0,0x18E3,0x0862,0x10C3,0x0000,
0x84B3,0xB65A,0x6BCF,0x7C72,0x7C72,0x7451,0x8D14,0x6BF0,0x0861,0x2145,0xCF7E,0x7C92,
0x7CB2,0x7CB2,0x7C92,0x7471,0x8D13,0x7410,0x1904,0x0861,0x10C2,0x10C2,0x0000,0x9DF6,
0xA5D5,0x6BEE,0x7C90,0x7C70,0x742F,0x9573,0x73CD,0x0881,0x10C2,0x0000,0x6C0E,0xB676,
0x638C,0x742E,0x742E,0x6C0E,0x7C4E,0x6B8B,0x0000,0x9DD3,0xA5F3,0x5B4A,0x6BEC,0x6B8B,
0xB694,0x7C4D,0x63AB,0x6BCC,0x742D,0x9550,0x2984,0x0000,0xC716,0x8CCF,0x634A,0x6BAB,
0x6BAB,0x636A,0x8C6E,0x6329,0x0040,0x10C2,0x10A2,0x10A2,0x00A1,0x30C2,0xC8E6,0xB105,
0xB105,0xB0E5,0xB8E5,0xB905,0xB926,0xB946,0xB926,0xC0E6,0xC126,0xC126,0xC146,0xC146,
0xC126,0xC126,0xD126,0xB946,0x00A1,0x10A1,0x10C2,0x10A2,0x10A2,0x10C2,0x10C2,0x10A2,
0x10A2,0x18C2,0x10A1,0x0081,0x08A1,0x4903,0x9925,0xD167,0xE967,0xE147,0xD147,0xC947,
0xC947,0xD147,0xD147,0xD147,0xD147,0xD147,0xD147,0xD167,0xD147,0xD967,0xD967,0xD947,
0xD967,0xD947,0xD967,0xD967,0xD967,0xD967,0xD967,0xD967,0xD967,0xD967,0xD967,0xD967,
0xD967,0xD967,0xD947,0xF167,0xA966,0x00C2,0x0000,0x634B,0xFFFD,0xE779,0xEFB9,0xEFB9,
0xEFB9,0xEFB9,0xEFB9,0xEFB9,0xE799,0xF7FA,0xFFFD,0xF7DB,0xDF1B,0xF79E,0xE71C,0xE71C,
0xE73C,0xEF5D,0xEF5D,0xEF7D,0xEF7D,0xEF7D,0xF79E,0xF79E,0xF79E,0xF79E,0xF79E,0xF79E,
0xF79E,0xF79E,0xF79E,0xF79E,0xF79E,0xF79E,0xF79E,0xF79E,0xF79E,0xF79E,0xF79E,0xF79E,
0xF79E,0xF79E,0xF79E,0xF79E,0xF79E,0xEF7D,0xEF7D,0xEF5D,0xE73C,0xE71C,0xDEBA,0xEF5D,
0xE6D9,0xFF9A,0xF697,0xFEB7,0xFE97,0xFE97,0xFE97,0xFE77,0xFE77,0xFE97,0xFE77,0xF636,
0xF616,0xF5F6,0xF5F6,0xFEB9,0xDD34,0x2903,0x0000,0x1041,0x20A2,0x0841,0x0800,0x2903,
0x6AAA,0xA3EF,0xC4B2,0xB451,0x938E,0x830C,0x8B2D,0x8B4D,0x8B4D,0x8B4E,0x8B4E,0x8B6E,
0x936E,0x936E,0x936E,0x936E,0x936E,0x936F,0x938F,0x9BAF,0x8B2E,0xB452,0xED97,0x1882,
0x1061,0x0000,0x7AEC,0xEDB8,0x728B,0x832D,0x830D,0x832E,0x832E,0x832E,0x832E,0x832E,
0x832E,0x832E,0x832E,0x832E,0x832E,0x830E,0x830E,0x832E,0x832E,0x8B2E,0x830E,0xABF2,
0x82CD,0x1041,0x1882,0x0000,0x834F,0xDDDA,0x6AAC,0x732E,0x732E,0x8370,0x5209,0x1082,
0x0000,0x62CC,0xCD99,0x62CC,0x7B6F,0x734F,0x734F,0x730E,0xA495,0x5A6B,0x0021,0x1082,
0x0000,0xC5B9,0x9C94,0x630D,0x738F,0x738F,0x6B6E,0x8411,0x7B8F,0x18C3,0x0882,0x10C3,
0x0000,0xADB8,0xA597,0x636E,0x73F0,0x73F0,0x6BCF,0x84D3,0x636E,0x0000,0x3A6A,0xC73D,
0x63CF,0x7451,0x7431,0x7430,0x6C10,0x7CB2,0x638E,0x10A2,0x0882,0x10C2,0x10A2,0x0020,
0xB6D9,0x8D12,0x63AD,0x742F,0x6C0F,0x6BCD,0x8D32,0x636C,0x0861,0x10C2,0x0000,0x5B4B,
0xB697,0x634B,0x6BED,0x6BCD,0x6BCC,0x742D,0x5B0A,0x08A2,0xCF58,0x73ED,0x636B,0x6B8B,
0x62E9,0x9551,0x8CAF,0x5B2A,0x638B,0x6BAB,0x9D30,0x2103,0x31E5,0xD777,0x6309,0x6B4A,
0x632A,0x6329,0x62E9,0x946E,0x41E5,0x0040,0x10C2,0x10A2,0x10A1,0x08A1,0x08A1,0xB105,
0xB0E5,0xB0E5,0xB0E5,0xB0E5,0xB905,0xB906,0xB946,0xB926,0xC0E6,0xC126,0xC126,0xC146,
0xC146,0xC126,0xC926,0xC126,0xE167,0x5904,0x0081,0x18C2,0x10A2,0x10C2,0x10C2,0x10C2,
0x10A2,0x10A2,0x10A2,0x10A2,0x18C2,0x10A1,0x0081,0x0081,0x18C2,0x6124,0xB166,0xD987,
0xE967,0xE147,0xD147,0xC946,0xC947,0xD147,0xD147,0xD147,0xD147,0xD147,0xD167,0xD967,
0xD947,0xD947,0xD967,0xD967,0xD967,0xD967,0xD967,0xD967,0xD967,0xD967,0xD947,0xD947,
0xD947,0xD947,0xD967,0xD967,0xE967,0xC987,0x08C2,0x0020,0x3A06,0xFFFC,0xEF99,0xEF99,
0xEF99,0xEFB9,0xEFB9,0xEFB9,0xEFB9,0xEFB9,0xEF99,0xEF99,0xFFFC,0xFFFC,0xE75B,0xF79E,
0xEF5D,0xDEFB,0xE73C,0xEF5D,0xEF5D,0xEF7D,0xEF7D,0xEF7D,0xF79E,0xF79E,0xF79E,0xF79E,
0xF79E,0xF79E,0xF79E,0xF79E,0xF79E,0xF79E,0xF79E,0xF79E,0xF79E,0xF79E,0xF79E,0xF79E,
0xF79E,0xF79E,0xF79E,0xF79E,0xF79E,0xF79E,0xEF7D,0xEF7D,0xEF5D,0xE73C,0xDEFB,0xD6BA,
0xEF5D,0xEED9,0xFF99,0xF6B7,0xFEB7,0xFEB7,0xFEB7,0xFE97,0xF677,0xFEF8,0xBCF1,0xE5F5,
0xFEB8,0xF636,0xF636,0xF616,0xF5F6,0xFE78,0xFE58,0x832C,0x0820,0x0000,0x1861,0x18A2,
0x0840,0x0820,0x20C3,0x6269,0xA3CF,0xBC72,0xB431,0x934D,0x830C,0x8B2D,0x8B2D,0x8B2D,
0x8B2D,0x8B2D,0x8B2D,0x8B2D,0x8B2D,0x8B2D,0x8B2D,0x8B2E,0x934E,0x8B2E,0x8B2E,0xD515,
0x6249,0x0000,0x0000,0xAC11,0xD4F5,0x726B,0x830D,0x82ED,0x830D,0x82ED,0x8AED,0x8AED,
0x932E,0x934F,0x8B2E,0x8B2E,0x830E,0x82CD,0x82CD,0x82ED,0x82ED,0x82ED,0x82ED,0x82CD,
0xABD1,0x6A0A,0x0841,0x1062,0x0000,0xCD17,0xAC33,0x6A6B,0x72ED,0x72ED,0x622A,0x1021,
0x0000,0x0000,0x2925,0xCDB9,0x628C,0x730E,0x72EE,0x730E,0x6AAC,0x9C33,0x72CD,0x0041,
0x1062,0x0020,0xCDBA,0x8BB0,0x62CD,0x732E,0x732E,0x6B0D,0x7BB0,0x6ACC,0x1082,0x1082,
0x10A2,0x0000,0xB619,0x94D4,0x630D,0x6B8F,0x6B8F,0x6B8E,0x8472,0x5ACB,0x0000,0x5B4D,
0xB67A,0x634D,0x6BCF,0x6BCF,0x6BCF,0x63AE,0x7C71,0x632C,0x0882,0x08A2,0x10C2,0x0882,
0x0061,0xB6BA,0x7C2F,0x636D,0x6BCE,0x6BAD,0x638D,0x8CD1,0x62CA,0x0861,0x10C2,0x0000,
0x3A48,0xBE97,0x630A,0x6BAC,0x6B8C,0x636B,0x73CD,0x4A68,0x530A,0xC6D6,0x5AA8,0x6B4B,
0x730A,0x5A27,0x7C8E,0x9D30,0x5AC9,0x6B4A,0x6B4A,0x9CCE,0x18C2,0x7CAE,0xB5F2,0x5A47,
0x6AE9,0x6AA8,0x6A88,0x7288,0x93AB,0x10A1,0x0881,0x10C2,0x10A2,0x10A1,0x10A2,0x00A1,
0x7904,0xC0E5,0xA8E5,0xB0E5,0xB0E5,0xB905,0xB906,0xB926,0xB926,0xC0E6,0xC126,0xC126,
0xC126,0xC146,0xC126,0xC126,0xC146,0xD126,0xC987,0x10C2,0x08A1,0x18C2,0x10C2,0x10C2,
0x10C2,0x10A2,0x10A2,0x10C2,0x10C2,0x10A2,0x10A2,0x18C2,0x10A2,0x08A1,0x0081,0x00A1,
0x20C2,0x5124,0x9966,0xD987,0xE988,0xE167,0xD147,0xD147,0xD147,0xD147,0xD147,0xD147,
0xD147,0xD147,0xD947,0xD947,0xD967,0xD967,0xD967,0xD967,0xD947,0xD967,0xD967,0xD967,
0xD967,0xD947,0xD947,0xD967,0xD967,0xE167,0xD987,0x10C2,0x0881,0x18C2,0xE758,0xEFDA,
0xE799,0xEF99,0xEF99,0xEFB9,0xEFB9,0xEFB9,0xEFB9,0xEFB9,0xEFB9,0xE799,0xEFDA,0xFFFD,
0xF7DB,0xEF5C,0xF79E,0xE71B,0xE73C,0xEF5D,0xEF5D,0xEF7D,0xEF7D,0xF79E,0xF79E,0xF79E,
0xF79E,0xF79E,0xF79E,0xF79E,0xF79E,0xF79E,0xF79E,0xF79E,0xF79E,0xF79E,0xF79E,0xF79E,
0xF79E,0xF79E,0xF79E,0xF79E,0xF79E,0xF79E,0xF79E,0xEF7D,0xEF5D,0xEF5D,0xE71C,0xDEFB,
0xD6BA,0xEF5D,0xEED9,0xFF99,0xF6D7,0xFED7,0xFED7,0xFEB7,0xFEB7,0xF676,0xFF7A,0x6AC9,
0x3985,0xFF39,0xFE97,0xF636,0xF637,0xF636,0xF5F6,0xFE37,0xFEB9,0xE575,0x6249,0x0000,
0x0000,0x1882,0x18A2,0x0841,0x0820,0x28E3,0x6249,0xA3CF,0xBC51,0x9B8E,0x82EC,0x8B0C,
0x8B0D,0x8B0C,0x8AEC,0x8AEC,0x8AEC,0x8AEC,0x8AEC,0x8B0C,0x8AEC,0x8AEC,0x8B0D,0x82AB,
0xB3F1,0x934E,0x0820,0x0000,0xC4D4,0xBC11,0x722A,0x8AAC,0x82AB,0x8AAC,0x82AC,0x92CC,
0x8209,0x6166,0x69C8,0x71E9,0x7209,0x6187,0xA390,0x8ACD,0x828C,0x82AC,0x82AC,0x828C,
0x8AAC,0xB36F,0x5166,0x0841,0x0800,0x3946,0xF5DA,0x822A,0x7A6B,0x7A8C,0x724B,0x82CC,
0x7B6F,0x732E,0x62AC,0x7B4F,0xCD99,0x6A6B,0x72AC,0x728C,0x72AC,0x6A4A,0x93B0,0x8AED,
0x0841,0x0841,0x1883,0xD5DA,0x7AED,0x6A8C,0x72CC,0x72CC,0x72AC,0x832E,0x6A6B,0x0882,
0x1082,0x0862,0x0842,0xCE9B,0x83D0,0x6ACC,0x732D,0x6B0D,0x6B0D,0x8410,0x5229,0x0000,
0x7472,0xA596,0x5AEB,0x6B6E,0x6B4D,0x6B6E,0x634D,0x7C30,0x528A,0x0861,0x10A2,0x10C3,
0x0041,0x2145,0xC73C,0x6B2C,0x6B0C,0x6B4C,0x6B2C,0x6B2B,0x8C2F,0x5A48,0x0061,0x10C2,
0x0040,0x2985,0xBE97,0x6AEA,0x6B2B,0x6B2B,0x630A,0x7B8C,0x41E6,0x8D72,0xA532,0x5A27,
0x6AA9,0x830A,0x3923,0x5B6A,0xAD72,0x5A27,0x6AE9,0x6AA9,0x8BEC,0x3184,0xB6B5,0x8BCC,
0x6206,0x7267,0x6A47,0x6206,0x92E9,0x6A67,0x0040,0x10C2,0x10C2,0x10A2,0x10A1,0x10A2,
0x00A1,0x30C2,0xC906,0xB0E5,0xB0E5,0xB0E5,0xB105,0xB905,0xB926,0xB926,0xB8E6,0xB926,
0xB926,0xC126,0xC126,0xC126,0xC126,0xC146,0xC126,0xD947,0xA166,0x00A1,0x08A1,0x10C2,
0x10C2,0x10C2,0x10C2,0x10A2,0x10C2,0x10A2,0x10A2,0x10A2,0x10A2,0x10A2,0x10A2,0x18C2,
0x10C2,0x08A2,0x0081,0x00A1,0x18C2,0x5924,0xA966,0xE168,0xE147,0xD147,0xD147,0xD147,
0xD147,0xD147,0xD147,0xD147,0xD967,0xD167,0xD967,0xD967,0xD967,0xD947,0xD967,0xD967,
0xD967,0xD947,0xD947,0xD947,0xD967,0xD967,0xE147,0xE188,0x20C2,0x08A2,0x0000,0xCEB6,
0xFFFD,0xE778,0xE799,0xEF99,0xEF99,0xEF99,0xEFB9,0xEFB9,0xEFB9,0xEFB9,0xEFB9,0xEF99,
0xEF99,0xFFFC,0xFFFB,0xE71B,0xF79E,0xE71C,0xE73C,0xEF5D,0xEF5D,0xEF7D,0xEF7D,0xF79E,
0xF79E,0xF79E,0xF79E,0xF79E,0xF79E,0xF79E,0xF79E,0xF79E,0xF79E,0xF79E,0xF79E,0xF79E,
0xF79E,0xF79E,0xF79E,0xF79E,0xF79E,0xF79E,0xF79E,0xF79E,0xEF7D,0xEF5D,0xE73C,0xE71C,
0xDEDB,0xD6BA,0xEF5D,0xF6F9,0xFF99,0xF6D7,0xFEF7,0xFED7,0xFED7,0xFED7,0xF696,0xFF9A,
0x730A,0x0000,0x6AC9,0xFF39,0xFE97,0xF636,0xF657,0xF637,0xF616,0xF5F6,0xFE58,0xFED9,
0xD513,0x5A08,0x0000,0x0000,0x1882,0x18A2,0x0841,0x0820,0x3124,0x8B2C,0xB431,0x9B6E,
0x82AB,0x8AEC,0x8ACC,0x8AAB,0x8ACB,0x8AAB,0x8AAB,0x82AB,0x8AAB,0x8A8B,0x8A8A,0x8A8B,
0x8229,0xA30D,0x92EC,0x0020,0x0820,0xE577,0xA2ED,0x79E8,0x8A6A,0x8A4A,0x8A4A,0x822A,
0x928B,0x89C8,0x1862,0x1062,0x20A3,0x1041,0x28E4,0xED78,0x820A,0x8A4A,0x8A4B,0x8A4B,
0x822A,0x92AC,0xAAAD,0x38C4,0x1062,0x0000,0x93B0,0xDCB5,0x7167,0x8A4B,0x822A,0x79C9,
0xABD2,0xDD99,0xDD79,0xDD58,0xD599,0xB474,0x720A,0x7A4B,0x7A4A,0x7A2B,0x71C9,0x930E,
0x92ED,0x0841,0x0021,0x2905,0xDE1B,0x722A,0x722A,0x7A6B,0x7A6B,0x724A,0x82CC,0x7209,
0x0862,0x10A3,0x0841,0x18C3,0xD67B,0x7ACC,0x6A6A,0x72CC,0x6A8B,0x72AB,0x834E,0x49A7,
0x0000,0x8CB3,0x9C72,0x6249,0x6AEC,0x62CB,0x6AEB,0x62CB,0x83AF,0x5208,0x0061,0x10A2,
0x10C3,0x0020,0x29A6,0xC6FB,0x6269,0x6ACB,0x6ACB,0x6AAA,0x6AAA,0x8B8D,0x51A6,0x0061,
0x10C2,0x0881,0x10C2,0xB656,0x72A9,0x6A89,0x6ACA,0x6A89,0x7ACA,0x6289,0xAE55,0x7AEA,
0x69E7,0x6A07,0x92CA,0x1020,0x42C9,0xB5D3,0x5985,0x7288,0x7247,0x7AA8,0x6B6B,0xBEB5,
0x69E6,0x71E6,0x71C5,0x71C6,0x69A5,0xA2C9,0x3123,0x0081,0x10C2,0x10C2,0x10A2,0x10A2,
0x10A2,0x10A2,0x00A1,0x7904,0xC106,0xA8C5,0xB0E5,0xB0E5,0xB105,0xB926,0xB926,0xB8E5,
0xB926,0xB926,0xB926,0xC126,0xC126,0xC126,0xC146,0xC146,0xC126,0xE147,0x8965,0x0081,
0x08A1,0x10C2,0x10C2,0x10C2,0x10A2,0x10C2,0x10C2,0x10A2,0x10C2,0x10A2,0x10A2,0x10A2,
0x10C2,0x10C2,0x10C2,0x18A2,0x10C2,0x08A2,0x00A1,0x00A1,0x38E3,0xB166,0xE167,0xD147,
0xD147,0xD147,0xD147,0xD147,0xD947,0xD947,0xD167,0xD167,0xD167,0xD967,0xD967,0xD967,
0xD967,0xD967,0xD967,0xD967,0xD947,0xD967,0xD967,0xD947,0xE968,0x20E2,0x08C2,0x0820,
0x6B6B,0xE779,0xFFFC,0xFFFB,0xE799,0xE799,0xEF99,0xEF99,0xEF99,0xEFB9,0xEFB9,0xEFB9,
0xEFB9,0xEFB9,0xEF99,0xFFFB,0xFFFC,0xE73B,0xF79E,0xE71C,0xE73C,0xEF5D,0xEF5D,0xEF7D,
0xEF7D,0xF79E,0xF79E,0xF79E,0xF79E,0xF79E,0xF79E,0xF79E,0xF79E,0xF79E,0xF79E,0xF79E,
0xF79E,0xF79E,0xF79E,0xF79E,0xF79E,0xF79E,0xF79E,0xF79E,0xF79E,0xEF7D,0xEF5D,0xE73C,
0xE71C,0xDEDB,0xD69A,0xEF5D,0xFF39,0xFFB9,0xF6F7,0xFEF7,0xFEF7,0xFED7,0xFED7,0xF6B7,
0xFF9A,0x62A9,0x0000,0x0000,0x6289,0xFF5A,0xFEB8,0xF656,0xF657,0xF637,0xF637,0xF616,
0xF5F6,0xFE78,0xFEB9,0xDD34,0x5207,0x0000,0x0000,0x1882,0x18A2,0x0820,0x20C2,0x932C,
0xABAF,0x92AB,0x8A6A,0x8A6A,0x8A4A,0x8A4A,0x8A4A,0x8A49,0x8A49,0x8A29,0x8A09,0x8A08,
0x89E8,0x89A7,0xA28A,0x8A6A,0x0000,0x20C3,0xF5B8,0x8A09,0x81A8,0x89E9,0x89C8,0x89C8,
0x89A8,0x9A2A,0x91A8,0x1062,0x1041,0x1882,0x0000,0x5A29,0xECD5,0x7946,0x8A09,0x89C9,
0x89C9,0x81A8,0x922A,0xA24A,0x28A3,0x0841,0x0821,0xE558,0xAAAC,0x8126,0x89C9,0x8988,
0x8967,0x8147,0x7926,0x7926,0x7106,0x7126,0x7947,0x7988,0x79A8,0x79A8,0x81A8,0x7967,
0x8A4B,0x9ACD,0x1062,0x0000,0x3166,0xD599,0x7146,0x79A8,0x79A9,0x79A8,0x79C8,0x8A2A,
0x7167,0x0062,0x10A3,0x0000,0x31A7,0xD61A,0x71A8,0x7209,0x7229,0x71E9,0x724A,0x828B,
0x3925,0x0000,0xA515,0x8B4E,0x61C8,0x7249,0x6A29,0x6A29,0x6A29,0x830D,0x4186,0x0061,
0x10A3,0x10C3,0x0000,0x42AA,0xBE79,0x6186,0x7229,0x7229,0x6A08,0x6A29,0x930B,0x4145,
0x0081,0x10C2,0x08A2,0x0861,0xAE16,0x7AAA,0x69E7,0x7228,0x7228,0x71C7,0x8BAD,0xAD93,
0x6904,0x6985,0x81C7,0x7A28,0x0000,0x3A06,0xBE14,0x6124,0x71E6,0x71C6,0x7185,0x94AF,
0x9C6E,0x68C3,0x7185,0x7124,0x7124,0x81A5,0x9248,0x0881,0x08A1,0x10A1,0x10A1,0x10A2,
0x10A1,0x10A1,0x10A2,0x08A1,0x10C2,0xB906,0xB8E5,0xB0E5,0xB0E5,0xB105,0xB105,0xB905,
0xB8E5,0xB926,0xB926,0xB926,0xC126,0xC126,0xC126,0xC126,0xC146,0xC146,0xC126,0xE167,
0x9166,0x00A1,0x00A1,0x18C2,0x10C2,0x10A2,0x10C2,0x10C2,0x10A2,0x10A2,0x10A2,0x10A2,
0x10A2,0x10C2,0x10C2,0x10C2,0x10C2,0x10C2,0x10C2,0x18C2,0x10A2,0x0081,0x00A1,0xB166,
0xE167,0xD147,0xD147,0xD147,0xD147,0xD147,0xD167,0xD167,0xD167,0xD167,0xD967,0xD967,
0xD967,0xD967,0xD967,0xD967,0xD967,0xD967,0xD947,0xD967,0xD947,0xE968,0x20C2,0x08A2,
0x10C2,0x0000,0x1061,0x632A,0xD6D7,0xFFFD,0xF7FA,0xE779,0xEF99,0xEF99,0xEF99,0xEF99,
0xEFB9,0xEFB9,0xEFB9,0xEFB9,0xEF99,0xF7FA,0xFFFB,0xE73B,0xF79E,0xDEFB,0xE73C,0xEF5D,
0xEF5D,0xEF7D,0xEF7D,0xF79E,0xF79E,0xF79E,0xF79E,0xF79E,0xF79E,0xF79E,0xF79E,0xF79E,
0xF79E,0xF79E,0xF79E,0xF79E,0xF79E,0xF79E,0xF79E,0xF79E,0xF79E,0xF79E,0xEF7D,0xEF5D,
0xE73C,0xE71C,0xDEDB,0xD69A,0xE71C,0xFF59,0xFF99,0xF6F7,0xFEF7,0xFEF7,0xFEF7,0xFEF7,
0xFED7,0xFF79,0x49E6,0x0000,0x3144,0x0820,0x4A07,0xFEF8,0xFF18,0xF656,0xFE57,0xF657,
0xF637,0xF636,0xF5F6,0xF5F6,0xFE78,0xFE99,0xD513,0x6249,0x0000,0x0800,0x18A2,0x0000,
0x3124,0xB3CF,0xA2EC,0x81E8,0x8A09,0x8A08,0x89E8,0x89E8,0x89E8,0x89C8,0x89C8,0x89A7,
0x8987,0x8967,0x8926,0xAA09,0x81E8,0x0000,0x3965,0xF577,0x8967,0x8947,0x8946,0x8926,
0x9146,0x8906,0xA1A8,0x9167,0x1041,0x1062,0x20A3,0x0000,0x7ACC,0xDBD1,0x78A4,0x9188,
0x8967,0x8967,0x8926,0x9988,0xA1A8,0x1882,0x0000,0x51C8,0xF537,0x88A5,0x88E6,0x9106,
0x90C6,0x90A5,0x88E6,0x88E6,0x88C6,0x88C6,0x80E6,0x8106,0x8106,0x8106,0x80E6,0x8106,
0x80E6,0x8988,0xAA8C,0x1883,0x0000,0x5209,0xD537,0x7084,0x8127,0x8126,0x8106,0x7906,
0x9988,0x7106,0x0062,0x18C3,0x0000,0x630D,0xCD36,0x68A4,0x7967,0x7946,0x7946,0x81E9,
0x91C9,0x20C3,0x0000,0xAD15,0x824A,0x6926,0x7187,0x7167,0x7167,0x7166,0x8A6A,0x4125,
0x0082,0x10A3,0x10C3,0x0000,0x534D,0xBD96,0x60A4,0x7187,0x7166,0x7146,0x71A7,0x926A,
0x30E3,0x0082,0x10A2,0x10A2,0x0000,0xA594,0x8AEB,0x6925,0x71A6,0x7186,0x68E4,0x932B,
0x8A89,0x7083,0x68C4,0x99C7,0x4944,0x0020,0x2123,0xBDF4,0x68E3,0x70E4,0x7945,0x7104,
0x8AA9,0x7985,0x70A3,0x78E4,0x78A3,0x7062,0x99A6,0x5144,0x0081,0x10C2,0x10A1,0x10C1,
0x10A1,0x10A1,0x10A1,0x10A2,0x10A2,0x00A1,0x40E3,0xC906,0xB0E5,0xB0E5,0xB105,0xB105,
0xB905,0xB905,0xB926,0xB926,0xB926,0xB926,0xC126,0xC126,0xC126,0xC126,0xC126,0xC146,
0xC126,0xE147,0xB166,0x18C2,0x0081,0x10A1,0x10A2,0x10C2,0x10C2,0x10A2,0x10A2,0x10A2,
0x10A2,0x10A2,0x10A2,0x10C2,0x10C2,0x10A2,0x10C2,0x10C2,0x10A2,0x10A2,0x18A2,0x0081,
0x30E3,0xE188,0xD147,0xD147,0xD147,0xD147,0xD147,0xD167,0xD167,0xD167,0xD167,0xD167,
0xD967,0xD967,0xD967,0xD967,0xD947,0xD947,0xD967,0xD967,0xD947,0xE167,0xD187,0x08A2,
0x08A2,0x10C2,0x18E2,0x0061,0x0000,0x0861,0x6B6B,0xDF38,0xFFFD,0xEFDA,0xE779,0xEF99,
0xEF99,0xEF99,0xEFB9,0xEFB9,0xEFB9,0xEFB9,0xEF99,0xF7FA,0xFFFC,0xE73B,0xF79E,0xDEFB,
0xE73C,0xEF5D,0xEF5D,0xEF7D,0xEF7D,0xF79E,0xF79E,0xF79E,0xF79E,0xF79E,0xF79E,0xF79E,
0xF79E,0xF79E,0xF79E,0xF79E,0xF79E,0xF79E,0xF79E,0xF79E,0xF79E,0xF79E,0xEF7D,0xEF7D,
0xEF5D,0xE73C,0xDEFB,0xDEDB,0xD6BA,0xDEDA,0xFF99,0xFF78,0xFF17,0xFF17,0xFF17,0xFEF7,
0xFEF7,0xFEF7,0xFF59,0x3144,0x0000,0x62A9,0xA46F,0x0000,0x41C6,0xF697,0xFF39,0xF656,
0xF677,0xFE57,0xF657,0xF637,0xF636,0xF5F6,0xF5F6,0xFE78,0xFEDA,0xCCF3,0x3124,0x0000,
0x1882,0x0000,0x934D,0xBB8E,0x8146,0x89A7,0x89A7,0x9187,0x8987,0x8967,0x8967,0x8946,
0x8926,0x8906,0x88E5,0x8884,0xB1A8,0x6966,0x0000,0x51C7,0xF4F4,0x8064,0x90C5,0x90A5,
0x9064,0x9085,0x9044,0xA927,0x90E6,0x0861,0x1862,0x20A3,0x0000,0xA3B0,0xCAEE,0x8003,
0x9106,0x90C5,0x90C5,0x8885,0xA947,0x9926,0x0862,0x0000,0xBC12,0xCB6F,0x8002,0x9865,
0x9845,0x9824,0xA804,0xB804,0xB004,0xB004,0xB004,0xA804,0x9844,0x8824,0x8844,0x8844,
0x8844,0x8844,0x88C5,0xB20A,0x28A3,0x0000,0x5A8B,0xD4D6,0x7002,0x80A5,0x8085,0x8065,
0x8064,0xA127,0x68E5,0x0082,0x0021,0x0000,0xBD57,0xA2ED,0x7003,0x80C5,0x8064,0x78A5,
0x9167,0x8926,0x0882,0x0021,0xA472,0x8167,0x7064,0x70C5,0x70C5,0x78A5,0x70A5,0x9209,
0x3904,0x00A2,0x10C3,0x10E3,0x0000,0x7431,0xACB3,0x6802,0x78E5,0x78A4,0x7884,0x7905,
0x91E8,0x20C3,0x00A2,0x10A2,0x10C2,0x0000,0x94D1,0x9B6D,0x6843,0x7905,0x78C4,0x78A4,
0x7884,0x7863,0x7863,0x7883,0x9986,0x18C2,0x0081,0x1081,0xB593,0x7945,0x7002,0x7883,
0x78A4,0x7863,0x7863,0x7863,0x7863,0x7842,0x8062,0xA1E6,0x18A2,0x08A1,0x10A1,0x10A1,
0x10A1,0x10A1,0x10A1,0x10A1,0x10A2,0x10A2,0x10C2,0x00A1,0x6904,0xC906,0xA8E5,0xB105,
0xB105,0xB905,0xB8E5,0xB905,0xB925,0xB926,0xB926,0xB906,0xC126,0xC126,0xC126,0xC126,
0xC126,0xC126,0xC126,0xD947,0xC987,0x5104,0x0081,0x00A1,0x18C2,0x10C2,0x10C2,0x10A2,
0x10A2,0x10A2,0x10A2,0x10C2,0x10C2,0x10C2,0x10A2,0x10C2,0x10C2,0x10C2,0x10A2,0x10A2,
0x10A2,0x00A1,0xC187,0xD947,0xC947,0xD147,0xD147,0xD147,0xD147,0xD167,0xD167,0xD167,
0xD167,0xD947,0xD167,0xD167,0xD147,0xD947,0xD947,0xD947,0xD947,0xD147,0xE967,0xB987,
0x00A2,0x00A1,0x4103,0xE1A8,0x7945,0x2903,0x0061,0x0000,0x18A2,0x844E,0xF7FA,0xFFFC,
0xE799,0xEF99,0xEF99,0xEF99,0xEF99,0xEFB9,0xEFB9,0xEFB9,0xEF79,0xFFFB,0xFFFB,0xE73C,
0xEF5D,0xDEFB,0xE73C,0xEF5D,0xEF5D,0xEF7D,0xEF7D,0xF79E,0xF79E,0xF79E,0xF79E,0xF79E,
0xF79E,0xF79E,0xF79E,0xF79E,0xF79E,0xF79E,0xF79E,0xF79E,0xF79E,0xF79E,0xF79E,0xEF7D,
0xEF7D,0xEF5D,0xE73C,0xDEFB,0xD6BA,0xDEDB,0xD6BA,0xFF98,0xFF37,0xFF17,0xFF17,0xFF17,
0xFF17,0xFEF7,0xFF38,0xFEF7,0x18C2,0x0000,0x4A07,0xFFDA,0x49E6,0x0000,0x2903,0xDDD4,
0xFF7A,0xFE97,0xF656,0xF657,0xF657,0xF657,0xFE37,0xF616,0xF5F6,0xF5D6,0xFE99,0xFE17,
0x28E3,0x1041,0x0000,0x8B4C,0xD430,0x80A4,0x9166,0x9146,0x9126,0x9106,0x9105,0x9105,
0x90E5,0x90C5,0x90A4,0x9064,0x8803,0xB988,0x5104,0x0000,0x7229,0xE411,0x8002,0x9844,
0x9804,0x9803,0x9804,0x9804,0xB0C6,0x80A4,0x0061,0x1862,0x1882,0x0000,0xCC73,0xB1C9,
0x8802,0x9844,0x9024,0x9804,0x9003,0xB8E7,0x80E5,0x0020,0x20A3,0xF537,0xA0E6,0x9002,
0x9804,0xA004,0xA004,0x6843,0x6063,0x7063,0x7843,0x8064,0x5822,0xA168,0xB127,0x8803,
0x9004,0x8804,0x9003,0x8803,0xB988,0x40C4,0x0000,0x6ACC,0xD454,0x7801,0x8844,0x8804,
0x8804,0x8803,0xA045,0x4822,0x0000,0x18A3,0x9BF2,0xDD16,0x8003,0x8804,0x8824,0x8803,
0x8023,0xA0A6,0x48A4,0x0082,0x0041,0xA34E,0x88C5,0x7803,0x8044,0x8044,0x8044,0x7823,
0xA22A,0x38C3,0x0000,0x0862,0x0000,0x0000,0xADF7,0x926A,0x7002,0x8084,0x8064,0x7843,
0x80A4,0x9167,0x10A2,0x08A2,0x10A2,0x10C3,0x0000,0x7BEE,0xAB8E,0x7001,0x78A4,0x7863,
0x8063,0x8063,0x8063,0x7842,0x90C4,0x7945,0x0081,0x10A2,0x0020,0xA4F0,0x91E7,0x7801,
0x8083,0x8042,0x8063,0x8063,0x8063,0x8063,0x7842,0x90E4,0x8165,0x0081,0x10A2,0x10A1,
0x10A1,0x10A1,0x10A1,0x10A1,0x10A1,0x10A1,0x10A1,0x10C2,0x08A2,0x00A1,0x7904,0xC906,
0xB105,0xB105,0xB105,0xB8E5,0xB905,0xB925,0xB925,0xB926,0xB926,0xC106,0xC126,0xC126,
0xC126,0xC126,0xC126,0xC126,0xC146,0xD126,0xE167,0x9165,0x18C2,0x0081,0x08A1,0x18C2,
0x10A2,0x10A2,0x10A2,0x10A2,0x10C2,0x10C2,0x10C2,0x10A2,0x10C2,0x10C2,0x10C2,0x10A2,
0x10A2,0x10A2,0x0081,0x9966,0xE147,0xC926,0xD147,0xD147,0xD147,0xD147,0xD147,0xD167,
0xD167,0xD167,0xD147,0xD147,0xD167,0xD147,0xD147,0xD147,0xD947,0xD947,0xD147,0xF188,
0x8165,0x0081,0x00A1,0xA166,0xF168,0xF168,0xE188,0x8145,0x18E2,0x0060,0x0000,0x2964,
0xC675,0xFFFC,0xEFB9,0xE799,0xEF99,0xEF99,0xEF99,0xEF99,0xEFB9,0xEFB9,0xEF99,0xFFFC,
0xF7FB,0xF79E,0xDEFB,0xE71C,0xE73C,0xEF5D,0xEF7D,0xEF7D,0xF79E,0xF79E,0xF79E,0xF79E,
0xF79E,0xF79E,0xF79E,0xF79E,0xF79E,0xF79E,0xF79E,0xF79E,0xF79E,0xF79E,0xF79E,0xF79E,
0xEF7D,0xEF5D,0xEF5D,0xE71C,0xDEFB,0xD6BA,0xE73C,0xDEB9,0xFFF9,0xFF17,0xFF37,0xFF37,
0xFF17,0xFF37,0xFEF7,0xFF99,0xDE34,0x0820,0x0000,0x6B0A,0xFF59,0xF6B7,0x3164,0x0000,
0x0840,0x8BAD,0xFF39,0xFF7A,0xFEB8,0xF677,0xF636,0xF636,0xF636,0xF636,0xFE37,0xFE99,
0xFEFA,0x41A6,0x0820,0x0000,0xCCF3,0xC38E,0x8002,0x90E5,0x90A5,0x90A4,0x9084,0x9064,
0x9084,0x9064,0x9024,0x9024,0x9003,0x9003,0xC147,0x28A2,0x0000,0x9B2D,0xD30D,0x8801,
0xA004,0x9803,0xA003,0xA003,0x9803,0xC065,0x70A4,0x0061,0x1882,0x1041,0x1062,0xE4B4,
0xA845,0x9803,0xA004,0xA003,0xA003,0xA003,0xD086,0x60A4,0x0000,0x724A,0xFC74,0x9001,
0xA003,0xA003,0xA803,0xA004,0x2882,0x0082,0x0882,0x0862,0x0882,0x0000,0x8A2A,0xDA4B,
0x9001,0x9803,0x9803,0x9803,0x9002,0xB907,0x50E4,0x0000,0x8B2E,0xD3F2,0x8001,0x9024,
0x9003,0x9024,0x9002,0xA947,0xBC74,0xB412,0xD413,0xC2EE,0x9003,0x9002,0x9023,0x9003,
0x9003,0x9803,0x9085,0x1082,0x10A2,0x0041,0x8A8B,0xA0C5,0x8002,0x8843,0x8843,0x8843,
0x8002,0xA9C8,0x9410,0x1965,0x1904,0x31A6,0x9D14,0xC535,0x8002,0x8043,0x8863,0x8043,
0x8043,0x90C5,0x7126,0x00A2,0x10A2,0x10A2,0x10C3,0x0020,0x62CA,0xB3AE,0x7801,0x8083,
0x8063,0x8063,0x8063,0x8063,0x8042,0xA105,0x38E3,0x0081,0x10C2,0x0000,0x946F,0xA289,
0x7801,0x8883,0x8842,0x8862,0x8862,0x8862,0x8862,0x8042,0xA905,0x5103,0x0081,0x10A2,
0x10A2,0x10A1,0x10A1,0x10A1,0x10A1,0x10A1,0x10A1,0x10A1,0x10A1,0x10C1,0x08A1,0x00A1,
0x8904,0xC906,0xA905,0xB105,0xB8E5,0xB905,0xB905,0xB925,0xB925,0xB925,0xB906,0xB926,
0xC126,0xC126,0xC126,0xC126,0xC126,0xC126,0xC146,0xC146,0xD967,0xC967,0x7125,0x10A2,
0x0081,0x08A1,0x10A2,0x10A2,0x10A2,0x10C2,0x10C2,0x10C2,0x10A2,0x10C2,0x10C2,0x10C2,
0x10A2,0x10A2,0x18A2,0x0081,0x8145,0xE967,0xC946,0xD147,0xD147,0xD147,0xD147,0xD167,
0xD167,0xD167,0xD147,0xD147,0xD167,0xD167,0xD147,0xD167,0xD147,0xD947,0xD147,0xD947,
0xE988,0x30E3,0x0060,0x5924,0xF168,0xD947,0xD147,0xE147,0xF167,0xD987,0x7145,0x08C2,
0x0020,0x0000,0x7C0D,0xFFFC,0xF7DA,0xE799,0xEF99,0xEF99,0xEF99,0xEF99,0xEF99,0xEFB9,
0xE799,0xFFFD,0xEF7B,0xF79E,0xDEFB,0xE71C,0xEF5D,0xEF5D,0xEF7D,0xEF7D,0xF79E,0xF79E,
0xF79E,0xF79E,0xF79E,0xF79E,0xF79E,0xF79E,0xF79E,0xF79E,0xF79E,0xF79E,0xF79E,0xF79E,
0xF79E,0xEF7D,0xEF5D,0xE73C,0xE71C,0xDEDB,0xD69A,0xEF5D,0xF739,0xFFF9,0xFF17,0xFF37,
0xFF37,0xFF37,0xFF17,0xF6F7,0xFFFA,0xB510,0x0000,0x0000,0x9CAF,0xCCD0,0xA36C,0xFF79,
0x3164,0x0000,0x0000,0x3985,0xAC6F,0xFEB7,0xFF59,0xFF5A,0xFF3A,0xFF3A,0xFEF9,0xFE77,
0xC4D1,0x49C7,0x0840,0x0000,0x5A07,0xFE78,0x9926,0x8802,0x9064,0x9023,0x9003,0x9803,
0x9803,0x9803,0x9803,0x9003,0x9803,0x9002,0xB044,0xA8E6,0x0861,0x0000,0xC3EF,0xC9E8,
0x9802,0xA804,0xA803,0xA803,0xA803,0xA803,0xD005,0x5083,0x0061,0x2082,0x0841,0x3104,
0xF411,0xB002,0xA803,0xB003,0xB003,0xB003,0xB003,0xD006,0x3882,0x0000,0xCC32,0xDA0A,
0xA801,0xB003,0xB003,0xC004,0x9044,0x1062,0x1062,0x1862,0x1862,0x1882,0x0000,0x6187,
0xF2AD,0xA001,0xA803,0xA803,0xA003,0x9803,0xC8A6,0x70E5,0x0000,0x9BF1,0xD34F,0x9001,
0xA024,0xA003,0xA003,0x9803,0x9844,0xBA0A,0xB167,0x9803,0x9001,0x9802,0xA003,0x9803,
0x9803,0xA803,0xA824,0x40A4,0x0082,0x18A3,0x0041,0x59C8,0xC127,0x9002,0x9823,0x9823,
0x9823,0x9003,0x9002,0xBBAF,0xC5F8,0xC5D7,0xCD96,0xBBF0,0x90A4,0x8802,0x9043,0x9043,
0x9043,0x8843,0xA8A5,0x40E4,0x00A2,0x10A2,0x08A2,0x10C3,0x0020,0x4228,0xC3EF,0x8001,
0x9083,0x8863,0x8863,0x8863,0x8843,0x9063,0xA926,0x10A2,0x08A2,0x10C2,0x0000,0x83AC,
0xBB2B,0x8001,0x9063,0x9043,0x9043,0x9043,0x9043,0x9042,0x9843,0xA105,0x10C2,0x08A1,
0x10A2,0x10A2,0x10A2,0x10A2,0x10A1,0x10A1,0x10A1,0x10A1,0x10A1,0x10A1,0x10A1,0x10A1,
0x08A1,0x00A1,0x8104,0xC926,0xB105,0xB0C5,0xB905,0xB905,0xB905,0xB925,0xB925,0xB926,
0xB926,0xB926,0xC126,0xC126,0xC126,0xC126,0xC126,0xC146,0xC146,0xC146,0xC926,0xE167,
0xC187,0x6124,0x08A2,0x0081,0x08A1,0x10C2,0x10C2,0x10C2,0x10C2,0x10A2,0x10C2,0x10C2,
0x10A2,0x10A2,0x10A2,0x18A2,0x00A1,0x5924,0xE967,0xC946,0xD167,0xD147,0xD167,0xD147,
0xD167,0xD167,0xD167,0xD167,0xD147,0xD147,0xD167,0xD167,0xD147,0xD147,0xD147,0xD167,
0xF188,0x9166,0x0060,0x38E3,0xE188,0xE147,0xD947,0xD967,0xD967,0xD926,0xE147,0xF188,
0xB166,0x3103,0x0081,0x0000,0x5B0A,0xF7FB,0xF7FA,0xE799,0xEF99,0xEF99,0xEF99,0xEF99,
0xEF99,0xE799,0xF7DA,0xFFFB,0xE73C,0xE73C,0xDEFB,0xE73C,0xEF5D,0xEF5D,0xEF7D,0xF79E,
0xF79E,0xF79E,0xF79E,0xF79E,0xF79E,0xF79E,0xF79E,0xF79E,0xF79E,0xF79E,0xF79E,0xF79E,
0xF79E,0xEF7D,0xEF7D,0xEF5D,0xE73C,0xDEFB,0xDEDB,0xD69A,0xE71C,0xFFB9,0xFFB9,0xFF37,
0xFF37,0xFF37,0xFF37,0xFF37,0xF6F7,0xFFFA,0x838B,0x0000,0x0000,0xC5F3,0xC40E,0x5800,
0xD531,0xFF59,0x41C6,0x0000,0x0000,0x0000,0x20C2,0x5227,0x72EA,0x730A,0x72EA,0x5A28,
0x2903,0x0000,0x0000,0x0000,0x3965,0xF637,0xCB8E,0x8801,0x9003,0x9003,0x9803,0x9803,
0x9803,0x9803,0x9003,0x9803,0x9803,0x9803,0xA003,0xC885,0x5883,0x0061,0x0820,0xDBF0,
0xC0E5,0xA802,0xB003,0xB003,0xB003,0xB003,0xB003,0xD005,0x4083,0x0062,0x2082,0x0000,
0x59E8,0xFBB0,0xB802,0xB803,0xB803,0xB803,0xB803,0xC003,0xC826,0x0820,0x2904,0xFC94,
0xC003,0xB803,0xB803,0xB803,0xD005,0x6883,0x0062,0x1862,0x1862,0x1862,0x1882,0x0021,
0x3905,0xF2CE,0xB002,0xB803,0xB803,0xB003,0xA803,0xC805,0x8906,0x0000,0xABF1,0xD2AD,
0xA001,0xA804,0xA803,0xA803,0xA803,0xA003,0xA002,0xA002,0xA003,0xA803,0xA803,0xA803,
0xB003,0xB804,0xB804,0x6084,0x0882,0x1082,0x1082,0x0862,0x10E3,0xB167,0xB803,0xA003,
0xA003,0xA003,0xA003,0xA003,0x9801,0x9802,0x9803,0x9002,0x9001,0x9802,0x9843,0x9823,
0x9843,0x9823,0xA044,0x98E5,0x10A3,0x08A2,0x10A2,0x10C3,0x10C3,0x0061,0x2945,0xC40F,
0x9002,0x9043,0x9843,0x9843,0x9843,0x9022,0xA884,0x7905,0x0081,0x10A2,0x10C2,0x0000,
0x630A,0xC40E,0x9001,0x9863,0x9823,0x9843,0x9843,0x9843,0x9802,0xB084,0x7104,0x0081,
0x10A2,0x10A2,0x10A2,0x10A2,0x10A2,0x10A2,0x10A2,0x10A1,0x10A1,0x10A1,0x10A1,0x10A1,
0x10A1,0x10A1,0x08C1,0x00A1,0x8124,0xC906,0xB0E5,0xB105,0xB905,0xB925,0xB925,0xB905,
0xB926,0xB926,0xB926,0xB926,0xC126,0xC126,0xC126,0xC126,0xC126,0xC146,0xC146,0xC126,
0xC146,0xD166,0xE167,0xB967,0x6124,0x10C2,0x0081,0x08A1,0x10C2,0x18C2,0x10A2,0x10C2,
0x10C2,0x10A2,0x10A2,0x10A2,0x10A2,0x00A1,0x28E2,0xE167,0xD146,0xD167,0xD167,0xD167,
0xD147,0xD167,0xD167,0xD167,0xD167,0xD147,0xD147,0xD167,0xD167,0xD167,0xD147,0xD147,
0xD967,0xB186,0x10C2,0x5924,0xE1A8,0xE147,0xD947,0xD947,0xD967,0xD947,0xD946,0xD947,
0xD947,0xE947,0xE988,0x5124,0x00A1,0x0000,0x4A88,0xF7FB,0xEFDA,0xE799,0xEF99,0xEF99,
0xEF99,0xEF99,0xEF99,0xE779,0xFFFC,0xEFBB,0xF79E,0xDEDB,0xE71C,0xE73C,0xEF5D,0xEF7D,
0xEF7D,0xF79E,0xF79E,0xF79E,0xF79E,0xF79E,0xF79E,0xF79E,0xF79E,0xF79E,0xF79E,0xF79E,
0xF79E,0xF79E,0xEF7D,0xEF7D,0xEF5D,0xE73C,0xDEFB,0xDEDB,0xDEFB,0xDEDA,0xFFB9,0xFF37,
0xFF37,0xFF37,0xFF37,0xFF37,0xFF37,0xFF37,0xFFD9,0x41C6,0x0000,0x18A1,0xF758,0xA288,
0x8001,0x7801,0xC44E,0xFFFB,0x9C6F,0x18A2,0x0000,0x0000,0x0000,0x0000,0x0000,0x0000,
0x0000,0x0000,0x0000,0x20C2,0x9BCE,0xFED9,0xCB6D,0x8801,0x9803,0x9803,0x9803,0x9803,
0x9803,0x9803,0x9803,0x9803,0x9803,0x9802,0xA002,0xC805,0x98A4,0x1082,0x0861,0x1882,
0xEBCF,0xC804,0xC803,0xC803,0xC803,0xC803,0xC803,0xC803,0xD005,0x2882,0x0862,0x2082,
0x0000,0x7A8A,0xFB2D,0xD802,0xD804,0xD803,0xD803,0xD003,0xE004,0xC0A6,0x0000,0x932D,
0xFB4E,0xD002,0xD804,0xD003,0xD003,0xC805,0x3883,0x0062,0x1862,0x1862,0x1862,0x1862,
0x0841,0x20A3,0xE2EE,0xD003,0xD003,0xD003,0xD003,0xD003,0xD804,0xB0E7,0x0000,0xB411,
0xE28B,0xB802,0xC004,0xC003,0xC003,0xC003,0xB803,0xC004,0xC004,0xC003,0xC003,0xC803,
0xC804,0xC005,0x9844,0x4883,0x0882,0x0882,0x1082,0x1082,0x1082,0x0062,0x28C4,0xB0E6,
0xD004,0xC003,0xB003,0xB003,0xA803,0xA803,0xA803,0xA803,0xA803,0xA824,0xA803,0xA803,
0xA803,0xB003,0xB824,0xA0E6,0x28C3,0x00A2,0x10A2,0x10A2,0x0861,0x10A2,0x0882,0x10C3,
0xBB8E,0xA003,0xA003,0xA003,0xA003,0xA003,0x9802,0xB8C5,0x40E3,0x00A2,0x10A2,0x10C2,
0x0020,0x4A68,0xCC4F,0xA801,0xA823,0xA803,0xA823,0xA823,0xA823,0xA002,0xB8E5,0x30E3,
0x00A1,0x10A2,0x10A2,0x10A2,0x10A2,0x10A2,0x10A2,0x10A1,0x10A1,0x10A2,0x10A1,0x10A1,
0x10A1,0x10A1,0x10A1,0x10A1,0x08A1,0x00A1,0x7904,0xD106,0xB905,0xB105,0xB905,0xB905,
0xB905,0xB925,0xB926,0xB926,0xB926,0xC126,0xC126,0xC126,0xC126,0xC126,0xC146,0xC146,
0xC126,0xC146,0xC146,0xC126,0xD127,0xE167,0xC967,0x7145,0x20E2,0x0081,0x0081,0x08A1,
0x10A2,0x18C2,0x10C2,0x10C2,0x10A2,0x10A2,0x10C2,0x00A1,0xA166,0xE967,0xC946,0xD147,
0xD147,0xD147,0xD167,0xD167,0xD167,0xD167,0xD147,0xD167,0xD167,0xD147,0xD167,0xD167,
0xD147,0xD967,0x8965,0xA986,0xF188,0xD947,0xD947,0xD947,0xD947,0xD947,0xD947,0xD947,
0xD947,0xD947,0xD146,0xE147,0xF188,0x6944,0x00C2,0x0000,0x632A,0xFFFC,0xEFB9,0xE799,
0xEF99,0xEF99,0xEF99,0xEF99,0xE799,0xEFBA,0xFFFB,0xE71B,0xE73C,0xDEFB,0xE73C,0xEF5D,
0xEF5D,0xEF7D,0xF79E,0xF79E,0xF79E,0xF79E,0xF79E,0xF79E,0xF79E,0xF79E,0xF79E,0xF79E,
0xF79E,0xF79E,0xF79E,0xEF7D,0xEF5D,0xE73C,0xE71C,0xDEFB,0xD6BA,0xEF5D,0xEF39,0xFFFA,
0xFF37,0xFF37,0xFF37,0xFF37,0xFF37,0xFF17,0xFF98,0xF6D6,0x1081,0x0000,0x4A26,0xFF99,
0x88C4,0x8802,0x9023,0x8001,0xA228,0xFEB6,0xFF79,0xB531,0x62E9,0x41A5,0x2923,0x2903,
0x39A5,0x5A88,0x8BCD,0xC573,0xFE97,0xF5B4,0xA9C7,0x8801,0x9802,0x9803,0x9803,0x9803,
0x9803,0x9802,0x9802,0xA003,0xA003,0xA003,0xB003,0xC003,0xA044,0x2882,0x1082,0x0020,
0x4145,0xFBD0,0xE003,0xD804,0xD804,0xD804,0xD004,0xD804,0xD804,0xD846,0x1882,0x1062,
0x20A2,0x0000,0xCB8F,0xF1EA,0xC802,0xC804,0xC804,0xD004,0xC803,0xE805,0xB065,0x0062,
0xFBF1,0xE928,0xD003,0xD804,0xD804,0xD804,0xC846,0x2882,0x0862,0x1862,0x1862,0x1862,
0x1862,0x0841,0x18C3,0xFB4F,0xE804,0xD004,0xD004,0xD004,0xD004,0xD804,0xD8E7,0x0021,
0xCACD,0xE948,0xC803,0xC804,0xC004,0xC004,0xC004,0xC004,0xC004,0xB804,0xB804,0xB804,
0x9824,0x7864,0x40A3,0x1883,0x0882,0x1082,0x1082,0x1082,0x10A3,0x1082,0x1082,0x0082,
0x18A3,0x70A4,0xB004,0xC804,0xC804,0xC804,0xC804,0xC004,0xC004,0xC004,0xC004,0xC004,
0xB804,0xB804,0xA864,0x70C4,0x20C3,0x00A2,0x10A3,0x10A2,0x0000,0x52EB,0x1904,0x0862,
0x0882,0xB36D,0xC065,0xA803,0xB064,0xB044,0xB024,0xB084,0xB167,0x10A2,0x08A2,0x10A2,
0x10C2,0x0040,0x31A6,0xDC90,0xB803,0xB064,0xB044,0xB064,0xA844,0xA843,0xB044,0xB146,
0x08C2,0x08A2,0x10A2,0x10A2,0x10A2,0x10A2,0x10A2,0x10A2,0x10A1,0x10A2,0x10A2,0x10A2,
0x10A2,0x10A1,0x10A1,0x10A1,0x10A1,0x10A1,0x08A1,0x00A1,0x68E3,0xD126,0xB905,0xB105,
0xB905,0xB905,0xB925,0xB926,0xB926,0xB926,0xB926,0xB926,0xC126,0xC126,0xC126,0xC146,
0xC146,0xC126,0xC146,0xC146,0xC146,0xC146,0xC146,0xD146,0xE167,0xD167,0xA166,0x5124,
0x10C2,0x00A1,0x00A1,0x00A1,0x10A2,0x10A2,0x10C2,0x18C2,0x08A1,0x20C2,0xC987,0xE988,
0xD147,0xD167,0xD167,0xD167,0xD167,0xD167,0xD167,0xD167,0xD167,0xD167,0xD167,0xD167,
0xD167,0xD167,0xD167,0xE187,0xE167,0xD147,0xD947,0xD947,0xD947,0xD947,0xD947,0xD947,
0xD947,0xD947,0xD947,0xD947,0xD947,0xE147,0xF188,0x5124,0x00A1,0x0000,0x844E,0xFFFC,
0xE799,0xE799,0xE799,0xEF99,0xEF99,0xEF99,0xE779,0xFFFC,0xEF9B,0xF79E,0xDEDB,0xE71C,
0xE73C,0xEF5D,0xEF7D,0xEF7D,0xF79E,0xF79E,0xF79E,0xF79E,0xF79E,0xF79E,0xF79E,0xF79E,
0xF79E,0xF79E,0xF79E,0xEF7D,0xEF7D,0xEF5D,0xE73C,0xDEFB,0xDEDB,0xDEDB,0xDEDB,0xFFD9,
0xFF98,0xFF37,0xFF57,0xFF37,0xFF37,0xFF37,0xF717,0xFFFA,0xA4AF,0x0000,0x0000,0x946E,
0xF654,0x8001,0x9843,0x9843,0x9843,0x8801,0x8802,0xB30A,0xEDD3,0xFED7,0xFEF8,0xFF18,
0xFF18,0xFEF8,0xFE97,0xFDF5,0xDC6F,0xA9E7,0x8801,0x9001,0x9803,0x9803,0x9803,0xA003,
0xA003,0xA003,0xA003,0xA003,0xA003,0xA803,0xC003,0xC803,0x9823,0x3882,0x0861,0x1882,
0x0821,0x7A28,0xA1E8,0x6042,0x5883,0x5083,0x5083,0x5083,0x5083,0x6083,0x90C5,0x1882,
0x1082,0x1882,0x1062,0x7187,0x5863,0x3883,0x3883,0x4083,0x4083,0x4083,0x50A3,0x5063,
0x28E4,0x70E5,0x4022,0x4883,0x4883,0x4883,0x4883,0x5884,0x1862,0x1062,0x1062,0x1862,
0x1862,0x1862,0x1041,0x20C3,0x7967,0x5042,0x3883,0x3883,0x4083,0x4083,0x4883,0x6084,
0x1062,0x5863,0x4842,0x4083,0x48A4,0x4883,0x4883,0x50A4,0x4884,0x48A4,0x38A3,0x3083,
0x2083,0x1082,0x0882,0x0082,0x0882,0x1082,0x1082,0x1082,0x1082,0x0020,0x0841,0x1082,
0x1082,0x0882,0x0082,0x20A3,0x5083,0x6884,0x8085,0x9084,0x9084,0x9085,0x9085,0x8885,
0x78C5,0x68C4,0x50C4,0x20C3,0x00A2,0x00A2,0x10A3,0x10C3,0x0000,0x428A,0xD7DF,0x1925,
0x0041,0x08A2,0x82CB,0x6905,0x50C4,0x5905,0x5904,0x50E4,0x6125,0x5945,0x0082,0x10A2,
0x08A2,0x10A2,0x0061,0x2985,0x8B0B,0x4082,0x40E4,0x48E4,0x48E4,0x48E3,0x40C3,0x58E4,
0x5924,0x00A1,0x10C2,0x10A2,0x10A2,0x10A2,0x10A2,0x10A2,0x10A2,0x10A2,0x10A2,0x10A2,
0x10A2,0x10A2,0x10A2,0x10A1,0x10A1,0x10A1,0x10A1,0x10A1,0x08A1,0x0081,0x5103,0xC146,
0xC126,0xB105,0xB905,0xB905,0xB926,0xB926,0xB926,0xB926,0xB926,0xB926,0xC126,0xC126,
0xC146,0xC146,0xC126,0xC146,0xC146,0xC146,0xC146,0xC146,0xC146,0xC146,0xC946,0xD947,
0xE167,0xC987,0x9966,0x5924,0x28E2,0x08A2,0x0081,0x0081,0x00A1,0x08A1,0x0081,0x00A1,
0x6945,0xD987,0xD167,0xD167,0xD167,0xD167,0xD167,0xD167,0xD167,0xD167,0xD167,0xD167,
0xD167,0xD167,0xD167,0xD167,0xD167,0xD167,0xD147,0xD147,0xD947,0xD947,0xD947,0xD147,
0xD947,0xD947,0xD947,0xD947,0xD947,0xD947,0xD147,0xE147,0xE187,0x20E2,0x0081,0x0020,
0xCEB6,0xFFFB,0xE799,0xE799,0xE799,0xE799,0xEF99,0xE799,0xF7FB,0xFFFB,0xE73C,0xDEDB,
0xDF1B,0xE73C,0xEF5D,0xEF7D,0xEF7D,0xF79E,0xF79E,0xF79E,0xF79E,0xF79E,0xF79E,0xF79E,
0xF79E,0xF79E,0xF79E,0xEF7D,0xEF7D,0xEF5D,0xEF5D,0xE71C,0xDEFB,0xDEBA,0xEF7D,0xEF39,
0xFFFA,0xFF37,0xFF57,0xFF57,0xFF57,0xFF57,0xFF37,0xFF37,0xFFFA,0x5A87,0x0000,0x0820,
0xDE95,0xCC2E,0x8001,0x9883,0x9823,0x9823,0x9863,0x9802,0x8801,0x8001,0x8801,0x98A3,
0xA124,0xA105,0x98C4,0x9002,0x8801,0x8801,0x9001,0xA003,0xA023,0x9802,0xA003,0xA003,
0xA003,0xA003,0xA803,0xA803,0xB003,0xB803,0xD003,0xC003,0x7842,0x2882,0x0882,0x1882,
0x1882,0x1061,0x1061,0x0041,0x0861,0x0881,0x0861,0x0861,0x0861,0x0881,0x0061,0x0861,
0x1082,0x1862,0x1882,0x1082,0x0841,0x0061,0x0862,0x0862,0x0862,0x0862,0x0862,0x0862,
0x0862,0x1061,0x0041,0x0882,0x0882,0x0882,0x0882,0x0882,0x0882,0x1082,0x1882,0x1882,
0x1882,0x1882,0x1882,0x1882,0x1062,0x0041,0x0862,0x0862,0x0862,0x0882,0x0882,0x0862,
0x0862,0x1062,0x0882,0x0882,0x0882,0x0882,0x0882,0x0882,0x0082,0x0082,0x0082,0x0882,
0x0882,0x0882,0x1082,0x1083,0x18A3,0x1082,0x1082,0x1082,0x0862,0x0000,0x6AED,0x18C3,
0x0000,0x10A3,0x18A3,0x1082,0x0882,0x0082,0x0082,0x0082,0x0882,0x1082,0x1082,0x1082,
0x08A2,0x08A2,0x0082,0x0082,0x08A2,0x10A3,0x18C3,0x0882,0x0000,0x3A08,0xD7DF,0xD7FF,
0x1904,0x0041,0x10C3,0x0882,0x0082,0x00A2,0x00A2,0x00A2,0x00A2,0x00A2,0x00A2,0x08A2,
0x0882,0x10A2,0x18E3,0x0881,0x08A2,0x0061,0x0081,0x00A2,0x00A2,0x00A2,0x00A2,0x00A2,
0x00A2,0x08A2,0x08A2,0x10C2,0x10A2,0x10A2,0x10A2,0x10A2,0x10A2,0x10A2,0x10A2,0x10A2,
0x10A2,0x10A2,0x10A2,0x10A2,0x10A2,0x10A2,0x10A1,0x10A1,0x10A1,0x10A1,0x10A1,0x0081,
0x28C2,0xB126,0xC926,0xB905,0xB905,0xB926,0xB926,0xB926,0xB926,0xB926,0xB926,0xB926,
0xB926,0xC126,0xC146,0xC146,0xC146,0xC146,0xC146,0xC146,0xC146,0xC146,0xC146,0xC146,
0xC146,0xC146,0xD146,0xD967,0xE167,0xD987,0xC187,0x9166,0x7145,0x5124,0x30E3,0x20E2,
0x18C2,0x5924,0xD967,0xD167,0xD167,0xD167,0xD167,0xD167,0xD167,0xD167,0xD167,0xD167,
0xD167,0xD167,0xD167,0xD167,0xD167,0xD147,0xD167,0xD147,0xD147,0xD147,0xD147,0xD947,
0xD147,0xD147,0xD947,0xD947,0xD147,0xD947,0xD946,0xD947,0xD146,0xF167,0x8965,0x00C2,
0x0000,0x4A67,0xFFFB,0xE799,0xE799,0xE799,0xE799,0xE799,0xE799,0xE799,0xFFFB,0xDF1B,
0xE73C,0xDEDB,0xE71C,0xEF5D,0xEF5D,0xEF7D,0xF79E,0xF79E,0xF79E,0xF79E,0xF79E,0xF79E,
0xF79E,0xF79E,0xF79E,0xF79E,0xEF7D,0xEF7D,0xEF5D,0xE73C,0xE71C,0xDEDB,0xDEFB,0xDEFB,
0xFFD9,0xFF98,0xFF37,0xFF57,0xFF57,0xFF57,0xFF57,0xFF37,0xFFB8,0xF716,0x18C2,0x0000,
0x3164,0xFF78,0x9965,0x9002,0x9863,0x9823,0x9843,0x9823,0x9823,0xA063,0xA023,0xA002,
0x9802,0x9802,0x9802,0x9802,0x9802,0xA003,0xA043,0xA023,0xA003,0xA803,0xA803,0xA803,
0xA803,0xB003,0xB003,0xB803,0xC003,0xD003,0xD003,0xA003,0x4882,0x1082,0x0882,0x1882,
0x1882,0x1882,0x1082,0x1082,0x1882,0x1882,0x20A2,0x20A2,0x20A2,0x20A2,0x20A2,0x1882,
0x1882,0x1882,0x1882,0x1882,0x1882,0x1882,0x1882,0x1882,0x1882,0x1882,0x1882,0x1862,
0x1862,0x1862,0x1062,0x1041,0x1041,0x1041,0x1041,0x1041,0x1041,0x1041,0x0841,0x0821,
0x0841,0x0841,0x0841,0x0841,0x0841,0x0821,0x1041,0x1041,0x1021,0x1021,0x1041,0x1041,
0x1021,0x1021,0x0821,0x1041,0x1021,0x1021,0x1021,0x1041,0x1041,0x0841,0x0841,0x1041,
0x0841,0x0841,0x0841,0x0841,0x0821,0x0841,0x1062,0x1082,0x1062,0x0000,0x7B6F,0xFF5F,
0xCDBA,0x39A7,0x0000,0x0000,0x0841,0x1082,0x18A3,0x18A3,0x10A3,0x10A3,0x10A3,0x10A3,
0x10A3,0x10A3,0x10C3,0x10C3,0x18C3,0x10A2,0x0041,0x0000,0x0000,0x634D,0xD77F,0xD77E,
0xCF7E,0x2165,0x0862,0x18E4,0x10E3,0x18E3,0x10E3,0x18E3,0x10E3,0x10E3,0x10E3,0x10E3,
0x1903,0x0000,0x63CE,0x7C91,0x0000,0x1903,0x10E3,0x18E3,0x18E3,0x18C3,0x18E3,0x18E3,
0x18E3,0x18E3,0x10C2,0x10E3,0x10C2,0x10A2,0x10A2,0x10A2,0x10A2,0x10A2,0x10A2,0x10A2,
0x10A2,0x10A2,0x10A2,0x10A2,0x10A2,0x10A2,0x10A2,0x10A2,0x10A2,0x10A1,0x10A1,0x10A1,
0x10A1,0x00A1,0x08A1,0x8125,0xD126,0xC106,0xB105,0xB926,0xB926,0xB926,0xB906,0xB926,
0xB926,0xB926,0xB926,0xC126,0xC126,0xC146,0xC146,0xC146,0xC146,0xC146,0xC146,0xC146,
0xC146,0xC146,0xC146,0xC146,0xC146,0xC146,0xC946,0xD147,0xD947,0xE167,0xE188,0xD9A7,
0xD987,0xE188,0xE168,0xD167,0xC967,0xD167,0xC967,0xD167,0xD167,0xD167,0xD167,0xD167,
0xD167,0xD167,0xD167,0xD167,0xD167,0xD167,0xD167,0xD167,0xD147,0xD147,0xD147,0xD147,
0xD147,0xD147,0xD147,0xD947,0xD147,0xD147,0xD147,0xD147,0xD947,0xD946,0xD947,0xD987,
0x20C2,0x08A2,0x0000,0xC675,0xFFFB,0xE799,0xE799,0xE799,0xE799,0xE799,0xE779,0xFFFC,
0xE77B,0xF79E,0xDEDB,0xE71C,0xE73C,0xEF5D,0xEF7D,0xEF7D,0xF79E,0xF79E,0xF79E,0xF79E,
0xF79E,0xF79E,0xF79E,0xF79E,0xEF7D,0xEF7D,0xEF5D,0xEF5D,0xE71C,0xDEFB,0xDEBA,0xF79E,
0xF759,0xFFFA,0xFF37,0xFF57,0xFF57,0xFF57,0xFF57,0xFF57,0xFF37,0xFFFA,0x940D,0x0000,
0x0000,0x9CAF,0xED92,0x8801,0x9843,0x9843,0xA023,0xA023,0xA023,0xA023,0xA003,0xA003,
0xA003,0xA023,0xA043,0xA023,0xA823,0xA003,0xA003,0xA803,0xA803,0xB003,0xB003,0xB003,
0xB003,0xB803,0xC003,0xD003,0xD803,0xC803,0xA803,0x6062,0x2882,0x0861,0x1082,0x1882,
0x1882,0x1882,0x1882,0x18A2,0x1882,0x1061,0x0821,0x0000,0x0000,0x0000,0x0000,0x0000,
0x0000,0x0000,0x0000,0x0000,0x0000,0x0000,0x0000,0x0000,0x0000,0x0000,0x0000,0x0000,
0x0820,0x1061,0x1061,0x1041,0x20E3,0x20A3,0x18A3,0x18A3,0x18A3,0x18A3,0x18A3,0x18A3,
0x18A3,0x1883,0x1883,0x20A3,0x18A3,0x1883,0x18A3,0x18A3,0x18A3,0x18A3,0x18A3,0x18A3,
0x18A3,0x18A3,0x18A3,0x18A3,0x18A3,0x18A3,0x18A3,0x18A3,0x18A3,0x18A3,0x18A3,0x18A3,
0x18A3,0x18A3,0x18C3,0x18C3,0x18C3,0x2925,0x3146,0x18A3,0x0841,0x0000,0x8390,0xF6DF,
0xDE3C,0xE69D,0xEE9E,0xA474,0x4A2A,0x1082,0x0000,0x0000,0x0000,0x0000,0x0000,0x0000,
0x0020,0x0020,0x0000,0x0000,0x0000,0x0000,0x0000,0x2125,0x5B0D,0xADF8,0xE7BF,0xCF3D,
0xCF1D,0xCF5E,0x0882,0x0000,0x0000,0x0000,0x0000,0x0000,0x0000,0x0000,0x0000,0x0000,
0x0000,0x0000,0x0000,0xC75C,0xAE79,0x0000,0x0000,0x0000,0x0000,0x0000,0x0000,0x0000,
0x0000,0x0000,0x0000,0x0000,0x0000,0x0040,0x10A2,0x10A2,0x10A2,0x10A2,0x10A2,0x10A2,
0x10A2,0x10A2,0x10A2,0x10A2,0x10A2,0x10A2,0x10A2,0x10A2,0x10A2,0x10A2,0x10A2,0x10A2,
0x10A1,0x10A1,0x10A1,0x08A1,0x00A1,0x40E3,0xB146,0xD126,0xB926,0xB926,0xB926,0xB926,
0xB926,0xB926,0xB926,0xB926,0xB926,0xC126,0xC146,0xC146,0xC146,0xC146,0xC146,0xC146,
0xC146,0xC146,0xC146,0xC166,0xC146,0xC146,0xC946,0xC966,0xC146,0xC146,0xC146,0xC947,
0xC967,0xC947,0xC946,0xC967,0xC967,0xC967,0xC967,0xC967,0xC987,0xC967,0xD167,0xD167,
0xD167,0xD167,0xD167,0xD167,0xD167,0xD167,0xD167,0xD167,0xD167,0xD147,0xD147,0xD147,
0xD147,0xD147,0xD147,0xD147,0xD947,0xD147,0xD147,0xD147,0xD147,0xD147,0xD947,0xD126,
0xF167,0x5104,0x08C2,0x0000,0x7C0D,0xFFFC,0xE778,0xE799,0xE799,0xE799,0xE799,0xE799,
0xFFFB,0xEFBB,0xEF7D,0xDEDA,0xDEFB,0xE73C,0xEF5D,0xEF7D,0xEF7D,0xF79E,0xF79E,0xF79E,
0xF79E,0xF79E,0xF79E,0xF79E,0xF79E,0xEF7D,0xEF5D,0xEF5D,0xE73C,0xE71C,0xDEDB,0xEF5D,
0xE6FA,0xFFF9,0xFF57,0xFF57,0xFF57,0xFF57,0xFF57,0xFF57,0xFF37,0xFF98,0xFF57,0x20E2,
0x0000,0x20E2,0xFF57,0xAA07,0x9001,0xA063,0xA023,0xA023,0xA043,0xA043,0xA823,0xA803,
0xA803,0xA803,0xA803,0xA803,0xB003,0xB003,0xA803,0xB003,0xB003,0xB803,0xB803,0xC803,
0xD003,0xD803,0xE003,0xE003,0xC003,0x8822,0x5082,0x1882,0x0882,0x0881,0x1881,0x1881,
0x1882,0x18A2,0x1882,0x0820,0x0000,0x0000,0x0840,0x28E3,0x49A6,0x6A8A,0x936D,0x938E,
0xAC10,0xC4B2,0xCCD3,0xCCF4,0xCCF4,0xD514,0xD514,0xD4F4,0xD4F4,0xCCF4,0xCCF4,0xCCF4,
0xDD35,0xC4B3,0x1082,0x0000,0x3145,0xFE5A,0xFDFA,0xFE1A,0xFE1A,0xFDFA,0xFDFA,0xFDFA,
0xFDFA,0xFE1A,0xFE1A,0xFE1A,0xFDFA,0xFE1A,0xFDFA,0xFDFA,0xFDFA,0xF5FA,0xFDFB,0xFDFB,
0xFDFB,0xFE1B,0xFE1B,0xFE1B,0xFDFB,0xFDFB,0xFDFB,0xFDFB,0xF5FB,0xFDFB,0xFDFB,0xF5FB,
0xF61C,0xF61C,0xEE1C,0xE61C,0xE63C,0xF69E,0xC579,0x524A,0x0841,0x0000,0x9C53,0xF6FF,
0xDE3C,0xDE1C,0xDE1B,0xDE3C,0xEEBE,0xF6DF,0xDE1B,0xACD6,0x83D1,0x5AAC,0x4A09,0x41E8,
0x3187,0x3186,0x3187,0x39E8,0x4229,0x632D,0x8C73,0xB5D8,0xD71D,0xE79F,0xDF5E,0xCEDC,
0xCEDC,0xCEFD,0xCF3E,0x7C72,0x7410,0x7C72,0x7451,0x7451,0x7471,0x7471,0x7451,0x7451,
0x7451,0x7471,0x6C10,0x9575,0xD7FF,0xC75C,0x7450,0x6C30,0x7450,0x7450,0x7450,0x7450,
0x7450,0x742F,0x742F,0x742F,0x742F,0x84D1,0x3A68,0x0040,0x10C2,0x10A2,0x10A2,0x10A2,
0x10A2,0x10A2,0x10A2,0x10A2,0x10A2,0x10A2,0x10A2,0x10A2,0x10A2,0x10A2,0x10A2,0x10A2,
0x10A2,0x10A2,0x10A1,0x10A1,0x10C2,0x10C2,0x0081,0x08A1,0x8145,0xC946,0xC106,0xB106,
0xB926,0xB926,0xB926,0xB926,0xB926,0xB926,0xB926,0xC146,0xC146,0xC146,0xC146,0xC146,
0xC146,0xC146,0xC146,0xC166,0xC166,0xC166,0xC146,0xC146,0xC946,0xC966,0xC966,0xC946,
0xC967,0xC967,0xC967,0xC967,0xC967,0xC967,0xC967,0xC967,0xC987,0xC987,0xC987,0xC987,
0xD167,0xD167,0xD167,0xD167,0xD167,0xD167,0xD167,0xD167,0xD167,0xD167,0xD167,0xD147,
0xD147,0xD147,0xD147,0xD147,0xD147,0xD147,0xD147,0xD147,0xD147,0xD147,0xD147,0xD147,
0xD126,0xF168,0x7145,0x00C1,0x0820,0x39E6,0xFFFB,0xE7B9,0xE799,0xE799,0xE799,0xE799,
0xE799,0xF7FA,0xF7FB,0xE71C,0xDEDB,0xDEFB,0xE71C,0xEF5D,0xEF5D,0xEF7D,0xF79E,0xF79E,
0xF79E,0xF79E,0xF79E,0xF79E,0xEF7D,0xEF7D,0xEF7D,0xEF5D,0xE73C,0xE71C,0xDEDB,0xE73C,
0xE6FB,0xFFD9,0xFFB8,0xFF37,0xFF57,0xFF57,0xFF57,0xFF57,0xFF57,0xFF37,0xFFFA,0x9C8E,
0x0000,0x0000,0x942D,0xFDF3,0x9801,0xA803,0xA823,0xA803,0xA803,0xA803,0xA823,0xB003,
0xB003,0xB003,0xB003,0xB003,0xB003,0xB803,0xC003,0xC803,0xD003,0xD803,0xE003,0xE804,
0xE003,0xC803,0xA803,0x8042,0x5082,0x2882,0x0881,0x0881,0x1082,0x1882,0x18A2,0x18A2,
0x1882,0x0840,0x0000,0x0000,0x28E3,0x6A8A,0xBC71,0xEDB6,0xFE58,0xFE99,0xFEBA,0xFEBA,
0xFEBA,0xFE9A,0xFE7A,0xFE79,0xFE79,0xFE59,0xFE5A,0xFE5A,0xFE7A,0xFE5A,0xFE5A,0xFE5A,
0xFE5A,0xFEFC,0xDD35,0x0000,0x0000,0x5208,0xFE7B,0xC4B4,0xCCF5,0xD515,0xCD15,0xCCF5,
0xCCF5,0xD4F5,0xD515,0xD515,0xD516,0xD515,0xCCF5,0xCCF5,0xCCF5,0xCCF5,0xCCF5,0xCCF6,
0xCCF5,0xCCD5,0xCCD5,0xC4B5,0xCCD5,0xC4D5,0xC4D5,0xC4B5,0xC495,0xC495,0xBC95,0xBC94,
0xBC74,0xBC74,0xBC74,0xB474,0xBCD6,0xCD37,0x7B2E,0x0841,0x0000,0x1062,0xBD38,0xF6DF,
0xDE1B,0xDE1B,0xDE1C,0xDE1C,0xDE1C,0xD61B,0xD61B,0xE65D,0xEE9E,0xF6DF,0xF6DF,0xF6DF,
0xEEFF,0xEEDE,0xE6DE,0xE6FE,0xEF1F,0xEF3F,0xEF5F,0xEF5F,0xDF1E,0xD6DD,0xCE9C,0xCEBC,
0xCEDC,0xCEDC,0xCEDC,0xCF1D,0xDF9F,0xE7FF,0xDFFF,0xDFFF,0xDFFF,0xDFFF,0xDFFF,0xDFFF,
0xDFFF,0xDFFF,0xDFFF,0xDFFF,0xD7DF,0xC75C,0xC77D,0xD7FF,0xDFFF,0xDFFF,0xDFFF,0xDFFF,
0xDFFE,0xDFFE,0xDFFE,0xDFFE,0xDFFE,0xD7FD,0xF7FF,0x530B,0x0000,0x10C3,0x10A2,0x10A2,
0x10A2,0x10A2,0x10A2,0x10A2,0x10A2,0x10C2,0x10A2,0x10A2,0x10A2,0x10A2,0x10A2,0x10A2,
0x10A2,0x10A2,0x10A1,0x10A2,0x10A2,0x0000,0x0000,0x0840,0x0020,0x0000,0x30C2,0xB166,
0xD146,0xB926,0xB906,0xB926,0xB926,0xB926,0xB926,0xB926,0xC146,0xC146,0xC146,0xC146,
0xC146,0xC146,0xC146,0xC146,0xC166,0xC166,0xC146,0xC166,0xC146,0xC166,0xC146,0xC966,
0xC966,0xC967,0xC967,0xC967,0xC967,0xC967,0xC967,0xC967,0xC967,0xC967,0xC987,0xC987,
0xC967,0xC967,0xC967,0xC987,0xD167,0xD167,0xD167,0xD167,0xD167,0xD167,0xD167,0xD167,
0xD147,0xD147,0xD167,0xD147,0xD147,0xD147,0xD147,0xD147,0xD147,0xD147,0xD147,0xD147,
0xD147,0xD146,0xF167,0x7124,0x00A1,0x1081,0x1081,0xDF58,0xEFFA,0xE799,0xE799,0xE799,
0xE799,0xE799,0xEFB9,0xF7FB,0xDEDB,0xDEFB,0xDEDB,0xE71C,0xE73C,0xEF5D,0xEF7D,0xEF7D,
0xF79E,0xF79E,0xF79E,0xF79E,0xF79E,0xEF7D,0xEF7D,0xEF5D,0xE73C,0xE71C,0xDEFB,0xDEFB,
0xEF5D,0xFF99,0xFFF9,0xFF57,0xFF57,0xFF57,0xFF57,0xFF57,0xFF57,0xFF57,0xFFB8,0xFF57,
0x2102,0x0000,0x2923,0xFEF6,0xB9A6,0xA801,0xB043,0xB003,0xB003,0xB003,0xB003,0xB003,
0xB803,0xC003,0xC803,0xD003,0xD803,0xE003,0xE804,0xE804,0xE003,0xD003,0xB803,0xA023,
0x8063,0x5882,0x3082,0x18A2,0x08A2,0x0882,0x10A1,0x1081,0x18A2,0x18C2,0x18A2,0x0841,
0x0000,0x0000,0x20C3,0x7AEA,0xCCF2,0xFE58,0xFEB9,0xFE99,0xFE58,0xFE17,0xF5F7,0xF5D6,
0xF5D6,0xF5D6,0xEDD7,0xEDD7,0xF5D7,0xF5D7,0xF5D7,0xF5D7,0xF5D7,0xF5D7,0xF5D7,0xF5D8,
0xF5D8,0xEDB7,0xFE7A,0x9BCF,0x0000,0x0000,0x830C,0xFE3A,0xB452,0xBC93,0xBC93,0xBCB3,
0xBCB4,0xC4B4,0xC4B4,0xC4B4,0xC4B4,0xC4B4,0xC4B4,0xC4B4,0xC4B4,0xC4B4,0xC4B4,0xC4B4,
0xC4B4,0xBC94,0xBC94,0xBC94,0xBC74,0xBC94,0xBC94,0xBC94,0xBC74,0xB473,0xB453,0xB433,
0xAC33,0xAC33,0xAC33,0xAC12,0xBC74,0xB454,0x5209,0x0000,0x0000,0x2925,0xD599,0xF6BE,
0xDE1B,0xDE1B,0xDE1B,0xDE1B,0xDE1C,0xDE1C,0xDE1C,0xDE1C,0xDE1B,0xD61B,0xD5FB,0xD61B,
0xD61B,0xD61B,0xDE3C,0xD63C,0xD65C,0xD65C,0xD65C,0xD65C,0xCE5B,0xCE7C,0xD69C,0xCEBC,
0xD6BC,0xCEBC,0xCEDC,0xCEDC,0xCEDC,0xC6BC,0xC6BC,0xC6DC,0xC6DC,0xC6DC,0xC6FC,0xC6FC,
0xBEFC,0xBF1C,0xBF1C,0xBF1C,0xBF1C,0xBF3C,0xC73D,0xC73C,0xBF1C,0xBF1B,0xBF1B,0xBF1B,
0xBF1B,0xBF1B,0xBF1B,0xBF1B,0xBF1A,0xBF1A,0xBEFA,0xD7FD,0x3207,0x0000,0x10C3,0x10A2,
0x10A2,0x10A2,0x10A2,0x10A2,0x10A2,0x10A2,0x10A2,0x10A2,0x10C2,0x10A2,0x10A2,0x10A2,
0x10A2,0x10A2,0x10A2,0x10A1,0x10C2,0x0020,0x31E5,0xA5F3,0xBED5,0xB694,0x63AB,0x0020,
0x0020,0x6924,0xC166,0xC926,0xB906,0xB926,0xB926,0xB946,0xB926,0xB946,0xC146,0xC146,
0xC146,0xC146,0xC146,0xC146,0xC146,0xC146,0xC166,0xC146,0xC146,0xC166,0xC166,0xC166,
0xC146,0xC946,0xC967,0xC967,0xC967,0xC967,0xC967,0xC967,0xC967,0xC967,0xC967,0xC987,
0xC967,0xC967,0xC967,0xC987,0xC987,0xC987,0xC967,0xD167,0xD167,0xD167,0xD167,0xD167,
0xD167,0xD147,0xD147,0xD147,0xD147,0xD167,0xD147,0xD147,0xD147,0xD147,0xD147,0xD147,
0xD147,0xD147,0xD126,0xE967,0x5124,0x00A1,0x18C2,0x0000,0xB614,0xF7FB,0xE778,0xE799,
0xE799,0xE799,0xE799,0xE7B9,0xF7FA,0xDEDA,0xDEFB,0xDEDB,0xE71C,0xE73C,0xEF5D,0xEF7D,
0xEF7D,0xF79E,0xF79E,0xF79E,0xF79E,0xEF7D,0xEF7D,0xEF5D,0xEF5D,0xE73C,0xDEFB,0xDEFB,
0xF79E,0xFF99,0xFFFA,0xFF37,0xFF57,0xFF57,0xFF57,0xFF57,0xFF57,0xFF57,0xFF37,0xFFFA,
0x83CC,0x0000,0x0000,0xACCF,0xFD10,0xB001,0xB803,0xB803,0xB803,0xC003,0xD003,0xD803,
0xE004,0xE804,0xE804,0xE003,0xD803,0xD003,0xB803,0x9843,0x7062,0x5882,0x38A2,0x28A2,
0x10A2,0x08A2,0x08A1,0x08A1,0x10A2,0x18C2,0x20C2,0x18C2,0x1881,0x0840,0x0000,0x0000,
0x18A2,0x5A48,0xB4B0,0xFE98,0xFF1A,0xFED8,0xFE37,0xF5F6,0xF5D6,0xF5F6,0xF5F7,0xF5F7,
0xF5F7,0xF5F7,0xF5F7,0xF5F7,0xF5F7,0xF5F7,0xF5F7,0xF5F7,0xF5F7,0xF5F7,0xF5F8,0xF5F8,
0xF5F8,0xF5F8,0xF5D7,0xFEBB,0x72CB,0x0000,0x0000,0xB431,0xF5D8,0xB432,0xBC93,0xBCB3,
0xC4B3,0xBC93,0xBC93,0xBCB3,0xBCB3,0xC4B4,0xC4B4,0xC4D4,0xC4B4,0xC4D4,0xC4D5,0xC4D5,
0xC4D5,0xC4B5,0xC4B4,0xC4B5,0xC4B4,0xC4B4,0xBC94,0xBC94,0xBC94,0xBC94,0xBC74,0xBC74,
0xBC74,0xBC54,0xB453,0xB453,0xC4B5,0xAC12,0x49C8,0x0000,0x0000,0x2905,0xDDBA,0xF65D,
0xDDBA,0xDDDB,0xDDFB,0xDE1B,0xDE1B,0xDE1B,0xDE1C,0xDE1C,0xDE1C,0xDE1C,0xDE1B,0xD61B,
0xD61B,0xD61B,0xD61B,0xD5FB,0xD61B,0xD61B,0xD63B,0xD63B,0xD65C,0xD65C,0xD65C,0xD65C,
0xCE7C,0xCE9C,0xCE9C,0xCE9C,0xCE9C,0xCEBC,0xCEBC,0xCEBC,0xC6BC,0xC6DC,0xC6DC,0xC6DC,
0xC6FC,0xC6FC,0xC71C,0xC71C,0xC6FC,0xBF1C,0xBF1C,0xBF1C,0xBF1C,0xBF1C,0xBF1C,0xBF1C,
0xBF1B,0xBF1B,0xBF1B,0xBF1B,0xBF1B,0xBF1B,0xBF1A,0xC71A,0xCFBC,0x2985,0x0041,0x10C2,
0x10A2,0x10A2,0x10A2,0x10A2,0x10A2,0x10A2,0x10A2,0x10A2,0x10A2,0x10A2,0x10A2,0x10A2,
0x10A2,0x10A2,0x10A2,0x10A2,0x10C2,0x0861,0x10A2,0xCF78,0xDFFA,0xCF98,0xD7B8,0xE7FA,
0xA5F2,0x08C2,0x0020,0x28E2,0x9145,0xC946,0xC946,0xB946,0xB946,0xB946,0xB946,0xB946,
0xB946,0xB946,0xC146,0xC126,0xC146,0xC146,0xC146,0xC166,0xC146,0xC146,0xC166,0xC166,
0xC166,0xC146,0xC946,0xC967,0xC967,0xC967,0xC967,0xC967,0xC967,0xC967,0xC967,0xC967,
0xC967,0xC967,0xC967,0xC967,0xC967,0xC987,0xC987,0xC967,0xC967,0xD167,0xD167,0xD167,
0xD167,0xD167,0xD167,0xD147,0xD147,0xD147,0xD147,0xD147,0xD147,0xD147,0xD147,0xD147,
0xD147,0xD147,0xD147,0xD947,0xE187,0x28E2,0x08A2,0x18C2,0x0000,0xA551,0xFFFB,0xDF78,
0xE799,0xE799,0xE799,0xE799,0xE799,0xFFFB,0xD6DA,0xE71C,0xDEDB,0xDEFB,0xE73C,0xEF5D,
0xEF7D,0xEF7D,0xF79E,0xF79E,0xF79E,0xEF7D,0xEF7D,0xEF5D,0xEF5D,0xE73C,0xE71C,0xDEFB,
0xF79E,0xFF79,0xFFFA,0xFF57,0xFF57,0xFF57,0xFF57,0xFF57,0xFF57,0xFF57,0xFF37,0xFFF9,
0xDE94,0x1061,0x0000,0x39E5,0xFEB5,0xD064,0xD003,0xE004,0xE804,0xE804,0xE803,0xD803,
0xB823,0x9863,0x7862,0x60A2,0x40A2,0x28A2,0x18A2,0x10A2,0x08A2,0x08A2,0x08A2,0x08A2,
0x10C2,0x18C2,0x18C2,0x18C2,0x18A1,0x1061,0x0000,0x0000,0x0000,0x0000,0x20E3,0x5A68,
0xB4B0,0xFEB7,0xFF7A,0xFF39,0xFE97,0xF656,0xF656,0xF657,0xF637,0xF636,0xF616,0xF5F6,
0xF5F6,0xF5F7,0xF5F7,0xF5F7,0xF5F7,0xF5F7,0xF5F7,0xF5F7,0xF5F7,0xF5F7,0xF5F7,0xF5F7,
0xF5F7,0xF5F8,0xF5F8,0xF5D7,0xFEBB,0x49C7,0x0000,0x0000,0xD535,0xDD36,0xAC31,0xBC72,
0xBC72,0xC493,0xCCF4,0xD515,0xD536,0xD536,0xDD36,0xDD36,0xD515,0xC4D4,0xCCD5,0xCCD5,
0xCCD5,0xCCD5,0xC4D5,0xC4D5,0xC4D5,0xCCD5,0xD516,0xDD78,0xDD58,0xDD58,0xDD57,0xDD37,
0xD537,0xD516,0xCCD6,0xC4B5,0xCCF6,0xA3F2,0x4187,0x0841,0x0821,0x49A7,0xFEBE,0xFF1F,
0xFE9E,0xFEBE,0xFE9E,0xF67D,0xE61B,0xDDFB,0xDE1B,0xDE1B,0xDE1B,0xDE1C,0xDE3C,0xE67D,
0xF6BF,0xF6DF,0xF6DF,0xF6DF,0xF6DF,0xF6DF,0xF6FF,0xF6FF,0xF6FF,0xF71F,0xF71F,0xF73F,
0xEF3F,0xEF3F,0xEF5F,0xEF5F,0xEF7F,0xEF7F,0xEF9F,0xEF9F,0xEFBF,0xE7BF,0xE7BF,0xE7DF,
0xE7DF,0xE7FF,0xE7FF,0xE7FF,0xDFFF,0xDFFF,0xDFFF,0xDFFF,0xDFFF,0xDFFF,0xDFFF,0xDFFF,
0xDFFF,0xDFFF,0xDFFF,0xDFFF,0xDFFF,0xDFFF,0xDFFF,0xDFFF,0xE7FF,0xDFFE,0x1903,0x0881,
0x10C2,0x10C2,0x10A2,0x10C2,0x10A2,0x10A2,0x10A2,0x10A2,0x10A2,0x10A2,0x10A2,0x10A2,
0x10A2,0x10A2,0x10C2,0x10C2,0x10A2,0x10C2,0x0000,0x5309,0xE7FB,0xC6F6,0xC737,0xC716,
0xC6F6,0xE7FA,0xA5F2,0x0000,0x0081,0x00A1,0x38E3,0xA166,0xC967,0xC946,0xB926,0xB946,
0xB946,0xB946,0xB946,0xC146,0xC126,0xC146,0xC146,0xC146,0xC146,0xC146,0xC146,0xC166,
0xC166,0xC166,0xC166,0xC146,0xC967,0xC967,0xC967,0xC967,0xC967,0xC967,0xC967,0xC967,
0xC967,0xC987,0xC967,0xC967,0xC967,0xC967,0xC987,0xC987,0xC987,0xC967,0xC967,0xC967,
0xD167,0xD167,0xD167,0xD167,0xD167,0xD167,0xD147,0xD147,0xD147,0xD147,0xD147,0xD147,
0xD147,0xD147,0xD147,0xD126,0xE947,0xA966,0x00A1,0x10C2,0x18E2,0x0000,0x7C2D,0xFFFC,
0xDF78,0xE799,0xE799,0xE799,0xE799,0xE779,0xFFFB,0xDEFA,0xE73C,0xDEDB,0xDEFB,0xE73C,
0xEF5D,0xEF7D,0xEF7D,0xF79E,0xF79E,0xF79E,0xEF7D,0xEF7D,0xEF5D,0xE73C,0xE71C,0xDEFB,
0xF79E,0xFF7A,0xFFFB,0xFF57,0xFF57,0xFF57,0xFF57,0xFF57,0xFF57,0xFF57,0xFF57,0xFF98,
0xFFF9,0x39C5,0x0000,0x0861,0xEDF2,0xF289,0xE803,0xD804,0xB003,0x8862,0x6082,0x40A2,
0x20A2,0x10A1,0x08C2,0x08A2,0x08A2,0x08C2,0x10C2,0x18C2,0x18C2,0x18C2,0x18C2,0x18A1,
0x1061,0x0840,0x0000,0x0000,0x0000,0x0000,0x18A2,0x5227,0x8BCC,0xC551,0xDE14,0xFF18,
0xFF9A,0xFF7A,0xFEF8,0xF697,0xF696,0xFE97,0xFE97,0xFE77,0xFE77,0xF657,0xF637,0xF636,
0xF616,0xF5F6,0xF5F6,0xF5F6,0xF5F7,0xF5F7,0xF5F7,0xF5F7,0xF5F7,0xF5F7,0xF5F7,0xF5F7,
0xF5F7,0xF5F7,0xF5F7,0xF5F7,0xF5F8,0xFE59,0x28E3,0x0000,0x1041,0xEDD7,0xC4B3,0xAC31,
0xC4B3,0xCCF4,0xCCF4,0xBC73,0xAC11,0xA3D0,0x9BB0,0x938F,0x8B6E,0xE577,0xCCF5,0xCCF5,
0xCCF5,0xCCF5,0xCCF5,0xCCF5,0xCCF5,0xCCD5,0xDD57,0x9BB0,0x3945,0x3945,0x2904,0x28E4,
0x2904,0x28E4,0x28E4,0x20A3,0x20C3,0x28E4,0x1062,0x0000,0x0800,0x0000,0x49C8,0x72CC,
0x5A09,0x624B,0x6AAC,0x93B1,0xC537,0xF67D,0xFEBE,0xE63C,0xDE1B,0xDE1B,0xD5FB,0xEE9E,
0x9C54,0x41C8,0x526B,0x4A09,0x41E9,0x41E9,0x41E9,0x4A09,0x4A09,0x4A29,0x4A09,0x4A09,
0x4A29,0x4A4A,0x5A8B,0x5ACC,0x5ACC,0x5ACC,0x5ACC,0x528B,0x4A8B,0x4A8B,0x52AB,0x52AB,
0x52AB,0x52CB,0x52CB,0x52CB,0x52EC,0x5B2D,0x530C,0x52EC,0x52EC,0x52EC,0x52EC,0x52EC,
0x4AEC,0x530C,0x534D,0x5B8E,0x5B6D,0x5B8E,0x5B6D,0x532C,0x532C,0x5B4C,0x532C,0x0861,
0x0861,0x0881,0x0881,0x0882,0x0861,0x08A2,0x10A2,0x10A2,0x10A2,0x10A2,0x10A2,0x10A2,
0x10A2,0x10A2,0x10A2,0x10C2,0x10C2,0x10A2,0x10C2,0x0000,0x6BEC,0xE7FB,0xC717,0xC737,
0xC737,0xC737,0xC716,0xDFF9,0x3A26,0x0000,0x10C2,0x0081,0x00A1,0x3903,0x9966,0xD167,
0xC946,0xB946,0xB946,0xB946,0xB946,0xC146,0xC146,0xC146,0xC146,0xC146,0xC146,0xC146,
0xC166,0xC166,0xC166,0xC166,0xC166,0xC167,0xC167,0xC967,0xC967,0xC967,0xC967,0xC967,
0xC967,0xC967,0xC967,0xC967,0xC967,0xC967,0xC967,0xC987,0xC967,0xC967,0xC967,0xC967,
0xC967,0xC967,0xC967,0xD167,0xD167,0xD147,0xD167,0xD147,0xD167,0xD147,0xD147,0xD146,
0xD147,0xD146,0xD147,0xD147,0xD126,0xF168,0x4903,0x0081,0x18C2,0x18E2,0x0000,0x73CC,
0xFFFC,0xDF78,0xE799,0xE799,0xE799,0xE799,0xE779,0xFFFC,0xDEFA,0xE73C,0xD6BA,0xDEFB,
0xE73C,0xEF5D,0xEF7D,0xEF7D,0xF79E,0xF79E,0xEF7D,0xEF7D,0xEF5D,0xE73C,0xE71C,0xDEFB,
0xF79E,0xF75A,0xFFFA,0xFF57,0xFF57,0xFF57,0xFF57,0xFF57,0xFF57,0xFF57,0xFF57,0xFF57,
0xFFFA,0x8BEC,0x0000,0x0861,0xAC4D,0xEC2D,0x8801,0x50A2,0x28A2,0x10A2,0x08A2,0x08C2,
0x10C2,0x10C2,0x18E2,0x18E2,0x18A2,0x1081,0x1060,0x0820,0x0000,0x0000,0x0000,0x0000,
0x0840,0x20E2,0x3164,0x5247,0x7B6B,0xACAF,0xDE14,0xFF38,0xFFDA,0xFFDA,0xFFB9,0xFF79,
0xFF17,0xF6D7,0xF6B7,0xFEB7,0xFEB7,0xFEB7,0xFEB7,0xFE97,0xFE97,0xFE77,0xFE77,0xFE57,
0xF657,0xF637,0xF636,0xF616,0xF5F6,0xF5F6,0xF5F6,0xF5F7,0xF5F7,0xF5F7,0xF5F7,0xF5F7,
0xF5F7,0xF5F7,0xF5F7,0xF5F7,0xF5D7,0xFE38,0xF5D7,0x1041,0x0000,0x3124,0xFE39,0xBC92,
0xC4B3,0xB452,0x938E,0x626A,0x49A7,0x3945,0x3125,0x3104,0x1862,0x4186,0xFE1A,0xCCF5,
0xD515,0xD515,0xD515,0xD515,0xD515,0xCCF5,0xD516,0xE578,0x7ACC,0x0000,0x0000,0x28E4,
0x28E4,0x1882,0x1883,0x1883,0x20A3,0x18A3,0x20A3,0x20C4,0x2905,0x2905,0x2904,0x1883,
0x1041,0x1882,0x1062,0x0000,0x0000,0x0000,0x18A3,0x93D1,0xF65D,0xEE7D,0xDDFB,0xDDFB,
0xF6DF,0x6B0E,0x0000,0x0000,0x1083,0x18A3,0x1082,0x1062,0x1082,0x1082,0x1082,0x1062,
0x1062,0x1883,0x18A3,0x0000,0x0000,0x0000,0x0000,0x0000,0x18C3,0x1082,0x0862,0x0862,
0x0862,0x0862,0x0862,0x0862,0x10A3,0x18E3,0x0000,0x0861,0x10C3,0x0861,0x0862,0x0861,
0x0882,0x0882,0x10A2,0x0041,0x0000,0x0000,0x0000,0x0020,0x08A2,0x0020,0x0000,0x0020,
0x08A2,0x10C2,0x08A2,0x0882,0x10A2,0x2144,0x10A2,0x08A2,0x10A2,0x10A2,0x10A2,0x10A2,
0x10C2,0x10A2,0x10A2,0x10A2,0x10C2,0x10C2,0x10A2,0x10C2,0x0000,0x638B,0xE7FB,0xC717,
0xC737,0xC737,0xC737,0xC717,0xD7B8,0xAE54,0x0000,0x0861,0x18E2,0x10C2,0x0040,0x0081,
0x4103,0x9945,0xC967,0xC946,0xB926,0xB926,0xB946,0xB946,0xC146,0xC166,0xC146,0xC146,
0xC166,0xC166,0xC166,0xC166,0xC166,0xC166,0xC167,0xC167,0xC167,0xC967,0xC967,0xC967,
0xC967,0xC967,0xC967,0xC967,0xC967,0xC967,0xC967,0xC967,0xC987,0xC967,0xC967,0xC967,
0xC967,0xC967,0xC967,0xC967,0xC967,0xD167,0xD167,0xD167,0xD147,0xD167,0xD146,0xD146,
0xD146,0xD167,0xD146,0xD146,0xD146,0xE947,0xA966,0x00A1,0x10C2,0x10C2,0x18E2,0x0000,
0x73AC,0xFFFC,0xDF78,0xE799,0xE799,0xE799,0xE799,0xE778,0xFFFC,0xDF19,0xEF5D,0xD6BA,
0xDEFB,0xE71C,0xEF5D,0xEF5D,0xEF7D,0xF79E,0xF79E,0xEF7D,0xEF7D,0xEF5D,0xE73C,0xE71C,
0xEF7D,0xE71B,0xFFF9,0xFF77,0xFF57,0xFF57,0xFF57,0xFF57,0xFF57,0xFF57,0xFF57,0xFF37,
0xFFFA,0xBD71,0x0000,0x0861,0x49A5,0x7AA8,0x0020,0x00A1,0x08E2,0x10E2,0x18C2,0x1081,
0x1061,0x0820,0x0000,0x0000,0x0000,0x0000,0x1081,0x2103,0x3985,0x5AA8,0x7B8B,0xACEF,
0xCDB2,0xE695,0xFF57,0xFFD9,0xFFFA,0xFFFA,0xFFFA,0xFFB9,0xFF58,0xFF17,0xF6F7,0xF6F7,
0xF6F7,0xFEF7,0xFEF7,0xFEF7,0xFED7,0xFED7,0xFED7,0xFEB7,0xFEB7,0xFEB7,0xFE97,0xFE97,
0xFE77,0xFE77,0xFE57,0xF657,0xF637,0xF636,0xF616,0xF5F6,0xF5F6,0xF5F7,0xF5F7,0xF5F7,
0xF5F7,0xF5F7,0xF5F7,0xF5F7,0xF5F7,0xF5D7,0xFE59,0xDD75,0x0820,0x0000,0x41A6,0xFE59,
0xC4B3,0x8B6E,0x51E8,0x3104,0x1061,0x0841,0x0841,0x0841,0x1061,0x0000,0x5208,0xFE7B,
0xCCF5,0xD536,0xDD36,0xD536,0xD536,0xD516,0xD516,0xDD56,0xD536,0x5A29,0x0841,0x1062,
0x5209,0xFE5B,0xFEBD,0xFE7C,0xFE7C,0xFE7C,0xFE7C,0xFE7C,0xFE7D,0xFE5C,0xFE5C,0xFE5C,
0xFE5D,0xFE7D,0xFE7D,0xFE7D,0xFE1B,0xD517,0x9390,0x20A3,0x0000,0x3966,0xDDDA,0xF67D,
0xDDDA,0xFEDF,0x7B6F,0x0000,0x0821,0x9433,0xFF7F,0xEEBE,0xF6DF,0xF6DF,0xF6DF,0xF6DF,
0xF6DF,0xEEBE,0xFF7F,0x8C12,0x0000,0x18C3,0x18A3,0x18C3,0x0841,0xA4F5,0xFFDF,0xE73F,
0xE75F,0xE77F,0xE77F,0xE77F,0xE77F,0xF7FF,0x6BAF,0x0000,0x52CC,0xEFFF,0xDFBF,0xDFDF,
0xDFDF,0xDFDF,0xD7DF,0xE7FF,0xA659,0x0041,0x10E3,0x10C3,0x1924,0xBEFB,0xD7FF,0xCF7D,
0xCF9D,0xC75C,0xC75C,0xC73B,0xC75B,0xCFBD,0x6C0F,0x0882,0x10A2,0x10A2,0x10A2,0x10A2,
0x10A2,0x10A2,0x10A2,0x10A2,0x10A2,0x10C2,0x10C2,0x10A2,0x10C2,0x0020,0x31C6,0xDFFB,
0xC738,0xC738,0xC738,0xC737,0xC737,0xC717,0xDFFA,0x7C6E,0x0000,0x0000,0x0000,0x2143,
0x0861,0x0020,0x00A1,0x3903,0x9946,0xC987,0xD167,0xC146,0xB946,0xB946,0xC146,0xC166,
0xC146,0xC146,0xC146,0xC166,0xC166,0xC146,0xC146,0xC166,0xC167,0xC167,0xC167,0xC967,
0xC967,0xC967,0xC967,0xC967,0xC987,0xC967,0xC967,0xC967,0xC967,0xC987,0xC967,0xC967,
0xC967,0xC967,0xC967,0xC967,0xC967,0xC967,0xC967,0xD167,0xD167,0xD147,0xD167,0xD166,
0xD146,0xD146,0xD166,0xD146,0xC946,0xE167,0xC187,0x10C2,0x08A2,0x10C2,0x10A2,0x18C2,
0x0000,0x6BAC,0xFFFC,0xDF78,0xE799,0xE799,0xE799,0xE799,0xE778,0xFFFB,0xDF19,0xEF5D,
0xD6BA,0xDEFB,0xE71C,0xEF5D,0xEF5D,0xEF7D,0xF79E,0xEF7D,0xEF7D,0xEF5D,0xE73C,0xE71C,
0xDEFB,0xEF7D,0xFFFA,0xFFF9,0xFF57,0xFF57,0xFF57,0xFF57,0xFF57,0xFF57,0xFF57,0xFF57,
0xFFF9,0xE6D5,0x1081,0x0861,0x18C2,0x18C2,0x0861,0x10A1,0x0840,0x0000,0x0000,0x0000,
0x1081,0x20E2,0x41E5,0x6B09,0x940D,0xBD71,0xE674,0xFF37,0xFFB8,0xFFF9,0xFFFA,0xFFFA,
0xFFFA,0xFFF9,0xFFB8,0xFF78,0xFF37,0xFF17,0xF716,0xF717,0xFF17,0xFF37,0xFF17,0xFF17,
0xFF17,0xFF17,0xFF17,0xFEF7,0xFEF7,0xFEF7,0xFEF7,0xFED7,0xFED7,0xFED7,0xFEB7,0xFEB7,
0xFE97,0xFE97,0xF677,0xF677,0xF657,0xFE77,0xFE77,0xF637,0xF616,0xF5F6,0xF5F6,0xF5F6,
0xF5F7,0xF5F7,0xF5F7,0xF5F7,0xF5F7,0xF5F7,0xF5D7,0xFE79,0xC4B2,0x0000,0x0000,0x5A28,
0xFE18,0x6A8A,0x3124,0x1061,0x0841,0x1061,0x18A2,0x18A2,0x1882,0x20A2,0x0000,0x832D,
0xFE7A,0xCD15,0xDD56,0xDD36,0xDD36,0xDD56,0xD536,0xD536,0xE577,0xC4D4,0x49C7,0x0820,
0x1882,0x0000,0x832E,0xFE3B,0xCCF5,0xD516,0xD516,0xD517,0xD516,0xD516,0xD4F6,0xD516,
0xD516,0xD516,0xD517,0xD517,0xD537,0xE578,0xF5DA,0xFE7D,0xFE7E,0x830E,0x0000,0x28E4,
0xEE3C,0xE61B,0xFEDF,0x732E,0x0000,0x0000,0x6ACD,0xEE9E,0xBD37,0xC578,0xC578,0xC578,
0xC578,0xC578,0xC578,0xDE5C,0x524A,0x0000,0x10A3,0x1082,0x10A3,0x0000,0x2946,0xE6DE,
0xBDB9,0xBDB9,0xBDD9,0xB5D9,0xB5B8,0xCE7B,0x9D36,0x0020,0x0841,0x0000,0xB63A,0xC6DC,
0xADF8,0xB639,0xAE59,0xAE59,0xB6BB,0xCF5E,0x10E4,0x0041,0x18E3,0x0000,0x532C,0xD7FF,
0xAE79,0xAE99,0xAE99,0xB6B9,0xB6B9,0xC73B,0x63EE,0x0000,0x08A2,0x10A2,0x10A2,0x10A2,
0x10A2,0x10C2,0x10C2,0x10A2,0x10A2,0x10A2,0x10C2,0x10C2,0x10A2,0x10A2,0x10A2,0x0020,
0xB6B6,0xD7DA,0xC718,0xC738,0xC738,0xC737,0xC737,0xC757,0xDFF9,0xAE74,0x6BCC,0x8D30,
0xDFF9,0xAE33,0x0881,0x0040,0x00A1,0x0081,0x20C2,0x7124,0xB966,0xD167,0xC946,0xC146,
0xB966,0xB946,0xC146,0xC146,0xC166,0xC166,0xC166,0xC146,0xC167,0xC167,0xC167,0xC167,
0xC167,0xC167,0xC967,0xC967,0xC967,0xC987,0xC967,0xC967,0xC967,0xC967,0xC987,0xC967,
0xC967,0xC967,0xC967,0xC967,0xC967,0xC967,0xC967,0xC967,0xD147,0xD147,0xD167,0xD167,
0xD146,0xD146,0xD166,0xC967,0xD146,0xE947,0xC187,0x20C2,0x00A1,0x18C2,0x10A2,0x18E2,
0x31C5,0x0000,0x73CC,0xFFFC,0xDF78,0xE799,0xE799,0xE799,0xE799,0xE778,0xFFFB,0xDEF9,
0xE73C,0xD6BA,0xDEFB,0xE71C,0xEF5D,0xEF5D,0xEF7D,0xF79E,0xEF7D,0xEF7D,0xEF5D,0xE73C,
0xDEFB,0xEF7D,0xE71B,0xFFF9,0xFF37,0xFF57,0xFF57,0xFF57,0xFF57,0xFF57,0xFF57,0xFF37,
0xFFF9,0xF737,0x2923,0x0840,0x18C2,0x0861,0x0000,0x0000,0x0820,0x2923,0x6B29,0xA4AE,
0xCDF2,0xF736,0xFF77,0xFFF9,0xFFFA,0xFFFA,0xFFF9,0xFFD9,0xFF98,0xFF78,0xFF57,0xFF37,
0xF716,0xF717,0xFF17,0xFF37,0xFF37,0xFF37,0xFF37,0xFF37,0xFF37,0xFF37,0xFF37,0xFF37,
0xFF37,0xFF17,0xFF17,0xFF17,0xFF17,0xFF17,0xFEF7,0xFEF7,0xFEF7,0xFEF7,0xFED7,0xFED7,
0xF6B7,0xF6B7,0xFED7,0xFF39,0xFF7A,0xFF19,0xFED8,0xFED8,0xFED8,0xFEF9,0xFE37,0xF616,
0xF5F6,0xF5F6,0xF5F6,0xF5F7,0xF5F7,0xF5F7,0xF5F7,0xF5D6,0xFEBA,0x9B8E,0x0000,0x0820,
0x72AB,0xB451,0x20C3,0x0841,0x1882,0x18A2,0x1061,0x0000,0x0000,0x1041,0x1882,0x0000,
0xAC31,0xFE39,0xCCF4,0xDD56,0xDD56,0xDD36,0xDD56,0xDD36,0xD516,0xE577,0xBC93,0x4186,
0x0820,0x20A3,0x0000,0x72AB,0xFE3B,0xC4B4,0xCCF6,0xCCF6,0xCD16,0xCD16,0xD516,0xD517,
0xD537,0xD537,0xD537,0xD516,0xCCF6,0xCCF6,0xCCF6,0xCCF6,0xCCF6,0xE579,0xFEBE,0x626B,
0x0000,0x6AAC,0xFE7D,0xFEBE,0x522A,0x0000,0x0000,0xACB5,0xDE3C,0xB4F6,0xBD38,0xBD58,
0xBD58,0xBD58,0xBD58,0xBD37,0xD61B,0x732E,0x0021,0x1082,0x1082,0x10A3,0x0020,0x2125,
0xE6BE,0xBD98,0xB578,0xB598,0xAD77,0xAD77,0xC63A,0x5B0D,0x0841,0x10A2,0x0000,0xADD8,
0xCEFD,0xADD8,0xAE19,0xADF8,0xAE18,0xAE18,0xD7DF,0x428A,0x0000,0x1903,0x0020,0x29C7,
0xCFBF,0xA638,0xA618,0xA618,0x9DF7,0xA658,0x9DB6,0x2145,0x0041,0x10C3,0x10A2,0x10A2,
0x10A2,0x10A2,0x10A2,0x10C2,0x10C2,0x08A2,0x0882,0x10C2,0x10C2,0x10A2,0x10A2,0x10C2,
0x0000,0x3A27,0xDFFB,0xC759,0xC738,0xC738,0xC738,0xC738,0xC737,0xC737,0xD7B9,0xDFF9,
0xDFD9,0xCF57,0xE7FA,0x9DB1,0x0000,0x10A1,0x10A1,0x00A1,0x0081,0x10A1,0x4903,0x9166,
0xC987,0xD167,0xC946,0xC146,0xB946,0xB946,0xC166,0xC146,0xC146,0xC166,0xC166,0xC167,
0xC167,0xC167,0xC167,0xC166,0xC167,0xC167,0xC967,0xC967,0xC967,0xC967,0xC967,0xC987,
0xC967,0xC967,0xC967,0xC967,0xC967,0xC967,0xC967,0xC967,0xC967,0xC967,0xC947,0xC967,
0xC967,0xC966,0xC946,0xC946,0xD967,0xE9A8,0x9146,0x10C2,0x00A1,0x18C2,0x18C2,0x0840,
0x31C5,0x6B8B,0x0000,0x7C0D,0xFFFB,0xDF58,0xE798,0xE798,0xE799,0xE799,0xE778,0xFFFB,
0xDEF9,0xE73C,0xD6BA,0xDEFB,0xE71C,0xEF5D,0xEF5D,0xEF7D,0xF79E,0xEF7D,0xEF5D,0xEF5D,
0xE71C,0xDEFB,0xF79E,0xF77A,0xFFF9,0xFF37,0xFF57,0xFF57,0xFF57,0xFF57,0xFF57,0xFF57,
0xFFF9,0xFF77,0x2923,0x0000,0x0000,0x0020,0x2103,0x5267,0x9C8E,0xE695,0xFFD9,0xFFFA,
0xFFFA,0xFFF9,0xFFB8,0xFF78,0xFF57,0xFF37,0xFF37,0xFF37,0xFF37,0xFF57,0xFF57,0xFF57,
0xFF57,0xFF57,0xFF57,0xFF57,0xFF57,0xFF37,0xFF37,0xFF37,0xFF37,0xFF37,0xFF37,0xFF37,
0xFF37,0xFF37,0xFF37,0xFF37,0xFF17,0xFF17,0xFF17,0xFF17,0xFF17,0xFEF7,0xF6D7,0xFED7,
0xFEF7,0xFF79,0xFFBA,0xFF38,0xF6B8,0xD616,0xBD95,0xB596,0xB596,0xB575,0xDE16,0xFED9,
0xFE57,0xF636,0xF616,0xF5F6,0xF5F6,0xF5F7,0xF5F7,0xF5F7,0xF5D6,0xFEDA,0x6A69,0x0000,
0x1061,0x4186,0x20C2,0x0841,0x18A2,0x0820,0x0000,0x0820,0x3965,0xA3CF,0x5A08,0x0800,
0x0000,0xD515,0xF5D8,0xCCF4,0xD535,0xD536,0xD536,0xD535,0xD516,0xD515,0xE577,0xA3F1,
0x3145,0x0820,0x20A3,0x0000,0x9BB0,0xFE3B,0xC4D5,0xD516,0xD536,0xD536,0xD537,0xD536,
0xCCD5,0xCCF6,0xCCD5,0xD516,0xE599,0xDD58,0xD537,0xDD37,0xDD37,0xD537,0xCCF6,0xF5FB,
0xD517,0x0000,0x0800,0xED9A,0xFE3C,0x18A3,0x0000,0x2905,0xEE7D,0xCD79,0xBD37,0xC558,
0xC578,0xC578,0xC578,0xC578,0xBD78,0xDE1B,0x83D1,0x0841,0x1062,0x1082,0x18A3,0x0000,
0x3987,0xEEDE,0xBD98,0xBD98,0xBDB8,0xB578,0xBDD9,0xBDD9,0x4229,0x0841,0x10A2,0x0000,
0xB5F9,0xCEDC,0xB5F9,0xB63A,0xB619,0xB639,0xADF8,0xCF5E,0x84D3,0x0000,0x10E3,0x0020,
0x29C7,0xD7DF,0xAE7A,0xAE59,0xAE59,0xA638,0xB69A,0x9596,0x2144,0x0861,0x10E3,0x10C3,
0x10C3,0x10E3,0x10C3,0x10A2,0x0020,0x0000,0x0861,0x0881,0x0020,0x0000,0x10A2,0x10A2,
0x10A2,0x10C2,0x0000,0x7C8F,0xDFFC,0xC738,0xC738,0xC738,0xC738,0xC738,0xC738,0xC717,
0xC717,0xC717,0xC737,0xC716,0xE7FA,0x638B,0x0000,0x10C2,0x10A1,0x10A1,0x08A1,0x0081,
0x00A1,0x28E2,0x7145,0xA966,0xD167,0xD967,0xC967,0xC146,0xB946,0xB946,0xC166,0xC166,
0xC167,0xC167,0xC166,0xC167,0xC167,0xC167,0xC167,0xC167,0xC167,0xC967,0xC967,0xC967,
0xC987,0xC967,0xC967,0xC967,0xC967,0xC967,0xC967,0xC967,0xC967,0xC967,0xC967,0xC967,
0xC967,0xC967,0xC967,0xE167,0xE187,0xB987,0x5123,0x00A1,0x08A2,0x10C2,0x10C2,0x18C2,
0x0040,0x4A67,0x52E9,0x0000,0x9510,0xF7FB,0xDF58,0xE798,0xE798,0xE798,0xE798,0xDF78,
0xFFFB,0xD6D9,0xE71C,0xD6BA,0xDEFB,0xE71C,0xEF5D,0xEF5D,0xEF7D,0xF79E,0xEF7D,0xEF5D,
0xE73C,0xE71C,0xDEDB,0xF79E,0xFF99,0xFFF9,0xFF57,0xFF57,0xFF57,0xFF57,0xFF57,0xFF57,
0xFFB8,0xE6B5,0x1081,0x0000,0x41E6,0x8BEC,0xD654,0xFFB8,0xFFFA,0xFFFA,0xFFF9,0xFF77,
0xFF37,0xFF37,0xFF37,0xFF57,0xFF57,0xFF57,0xFF57,0xFF57,0xFF57,0xFF57,0xFF57,0xFF57,
0xFF57,0xFF57,0xFF57,0xFF57,0xFF57,0xFF57,0xFF57,0xFF57,0xFF37,0xFF37,0xFF37,0xFF37,
0xFF37,0xFF37,0xFF37,0xFF37,0xFF37,0xFF37,0xFF17,0xFEF7,0xFEF7,0xFEF7,0xFF58,0xFFB9,
0xFFDA,0xFF58,0xF6D8,0xD616,0xBDB6,0xC618,0xC618,0xBDD7,0xB596,0xAD75,0xB596,0xC638,
0xCDD6,0xFF19,0xF636,0xF637,0xF636,0xF616,0xF5F6,0xF5F6,0xF5F6,0xF5F7,0xFEB9,0x4185,
0x0000,0x18A2,0x1061,0x1061,0x0000,0x0000,0x2904,0x8B4D,0xE555,0xFE7A,0xFF5D,0x49C7,
0x0000,0x0820,0xEDB7,0xE576,0xC4B3,0xCCF4,0xCCF5,0xCCF5,0xCCF5,0xCCF5,0xCCF5,0xD515,
0x938F,0x2904,0x0841,0x18A3,0x0000,0xAC11,0xFDFA,0xC4B4,0xD516,0xD516,0xCCF5,0xDD37,
0xBC73,0x4187,0x49A7,0x51C8,0x5A09,0xA3D1,0xE578,0xDD37,0xDD37,0xDD37,0xD537,0xD517,
0xDD58,0xE578,0x3105,0x0000,0xC495,0xD517,0x0000,0x0000,0x72ED,0xFEBE,0xBD17,0xC537,
0xC538,0xC558,0xC558,0xBD58,0xC578,0xBD78,0xD5FB,0x9413,0x1082,0x1062,0x1082,0x18A3,
0x0000,0x5A6B,0xF6FF,0xBD78,0xBD98,0xBD99,0xBD78,0xC5FA,0xAD37,0x39E8,0x0841,0x1082,
0x0841,0xCE7C,0xC67B,0xB5F9,0xB619,0xB619,0xB619,0xADF9,0xBE7B,0xC6DC,0x0862,0x0882,
0x0000,0x3A49,0xD7FF,0xAE59,0xAE59,0xAE59,0xA639,0xB6BA,0x8D54,0x10C3,0x0881,0x0041,
0x0000,0x0000,0x0000,0x0000,0x0020,0x29A6,0x84D2,0xBED9,0xBEF9,0xAE57,0x4AEB,0x0000,
0x0882,0x10A2,0x10C2,0x0881,0x0040,0xBEF8,0xCF9A,0xC718,0xC738,0xC738,0xC738,0xC738,
0xC738,0xC738,0xC737,0xC737,0xC737,0xCF77,0xD7B8,0x2984,0x0000,0x10C2,0x10A1,0x10A1,
0x10A1,0x10A1,0x0081,0x0081,0x00A1,0x30E2,0x7145,0xA966,0xC987,0xD987,0xD167,0xC967,
0xC166,0xC146,0xB946,0xB966,0xC166,0xC166,0xC167,0xC167,0xC167,0xC167,0xC167,0xC967,
0xC967,0xC987,0xC967,0xC967,0xC967,0xC967,0xC967,0xC967,0xC967,0xC967,0xC966,0xC946,
0xD147,0xD967,0xE988,0xE1A8,0xA966,0x4103,0x00A1,0x00A1,0x10C2,0x10C2,0x10C2,0x10C2,
0x18C2,0x0020,0x634A,0x31A5,0x0000,0xADB2,0xF7FB,0xDF58,0xDF98,0xE798,0xE798,0xE798,
0xDF78,0xF7FA,0xD6B9,0xDEFB,0xD6BA,0xDEFB,0xE71C,0xEF5D,0xEF5D,0xEF7D,0xEF7D,0xEF7D,
0xEF5D,0xE73C,0xE71C,0xDEDA,0xEF7D,0xFFB9,0xFFF9,0xFF57,0xFF57,0xFF57,0xFF57,0xFF57,
0xFF57,0xFF98,0x9C6E,0xA4AE,0xFF37,0xFFF9,0xFFFA,0xFFF9,0xFF98,0xFF57,0xFF37,0xFF57,
0xFF57,0xFF57,0xFF57,0xFF57,0xFF57,0xFF57,0xFF57,0xFF57,0xFF57,0xFF57,0xFF57,0xFF57,
0xFF57,0xFF57,0xFF57,0xFF57,0xFF57,0xFF57,0xFF57,0xFF57,0xFF57,0xFF57,0xFF57,0xFF37,
0xFF37,0xFF37,0xFF37,0xFF37,0xFF17,0xFF17,0xFF37,0xFF78,0xFFD9,0xFFFA,0xFFD9,0xFF78,
0xEEF8,0xCE37,0xBDD6,0xC638,0xC638,0xBDD7,0xB596,0xB596,0xB596,0xB596,0xB596,0xAD75,
0xAD55,0xC618,0xF677,0xFEF8,0xF657,0xF657,0xF637,0xF616,0xF616,0xF5F6,0xFE17,0xFE58,
0x20C2,0x1041,0x1882,0x0000,0x0000,0x4186,0xBC72,0xFE59,0xFEBA,0xFE59,0xFE18,0xFE19,
0x28E4,0x0000,0x1862,0xF618,0xCCD4,0xB472,0xBC93,0xBC93,0xBC93,0xC493,0xBC93,0xC4B3,
0xCCF4,0x830D,0x1882,0x1041,0x1882,0x0000,0xD516,0xE598,0xBC73,0xC4D4,0xC4D4,0xC4B4,
0xD4F6,0xB432,0x20A3,0x0000,0x1041,0x0821,0x3105,0xCCF6,0xDD58,0xD516,0xD537,0xD537,
0xD517,0xDD37,0xC4B5,0x3105,0x0000,0x8B70,0x6A8B,0x0000,0x0800,0xCD17,0xE5DA,0xBCF6,
0xC517,0xC537,0xC537,0xBD37,0xBD38,0xBD58,0xBD58,0xD5FB,0xA4B5,0x18C4,0x0841,0x10A3,
0x18A3,0x0000,0x62AC,0xEEBF,0xBD37,0xBD78,0xBD78,0xBD78,0xC5DA,0xA4F5,0x31A7,0x0841,
0x0862,0x10A3,0xDEFE,0xBE1A,0xB5D8,0xB5F9,0xB5F9,0xADF8,0xADD8,0xADB8,0xDF7F,0x426A,
0x0020,0x0000,0x428A,0xDFDF,0xA618,0xAE59,0xA659,0xAE59,0xB6DB,0x7CD3,0x10C3,0x0000,
0x530C,0xB699,0x9595,0x9DB6,0x9DB6,0xAE78,0xD7DD,0xDFFE,0xD79C,0xCF9C,0xD7DD,0xE7FE,
0x7C90,0x0000,0x10C2,0x10A2,0x10C2,0x0000,0x534B,0xEFFE,0xC759,0xC718,0xC738,0xC738,
0xC738,0xC738,0xC738,0xC738,0xC737,0xC737,0xC717,0xDFF9,0xAE33,0x0000,0x0881,0x10C2,
0x10A1,0x10A1,0x10A1,0x10A1,0x10A1,0x08A1,0x0081,0x0081,0x00A1,0x20E2,0x5103,0x8945,
0xB986,0xD187,0xD987,0xD987,0xD167,0xD167,0xC967,0xC967,0xC167,0xC167,0xC166,0xC166,
0xC166,0xC166,0xC186,0xC166,0xC167,0xC166,0xC146,0xC947,0xC947,0xD167,0xD967,0xE167,
0xE988,0xD987,0xB166,0x7145,0x2902,0x0081,0x0081,0x10C2,0x18C2,0x10A2,0x10C2,0x10C2,
0x10C2,0x10C2,0x0040,0x846E,0x18E2,0x0000,0xC695,0xEFFA,0xDF78,0xDF78,0xDF78,0xDF98,
0xDF78,0xE798,0xEFFA,0xD6B9,0xDEDB,0xD6BA,0xDEFB,0xE71C,0xEF5D,0xEF5D,0xEF7D,0xEF7D,
0xEF7D,0xEF5D,0xE73C,0xDEFB,0xDEDA,0xF79E,0xFF99,0xFFF9,0xFF57,0xFF57,0xFF57,0xFF57,
0xFF57,0xFF57,0xFF77,0xFFB8,0xFFFA,0xFFB8,0xFF57,0xFF37,0xFF37,0xFF57,0xFF57,0xFF57,
0xFF57,0xFF57,0xFF57,0xFF57,0xFF57,0xFF57,0xFF57,0xFF57,0xFF57,0xFF57,0xFF57,0xFF57,
0xFF57,0xFF57,0xFF57,0xFF57,0xFF57,0xFF57,0xFF57,0xFF57,0xFF57,0xFF57,0xFF37,0xFF37,
0xFF37,0xFF37,0xFF37,0xFF78,0xFFB9,0xFFFA,0xFFFA,0xFFD9,0xFF98,0xF718,0xDE77,0xC5F6,
0xBDD7,0xCE59,0xC638,0xBDF7,0xB5B6,0xBDD7,0xBDD7,0xBDD7,0xBDF7,0xBDD7,0xBDD7,0xB5B6,
0xB5B6,0xB596,0xC638,0xD617,0xFF59,0xF677,0xFE77,0xF657,0xF637,0xF636,0xF616,0xFE58,
0xEDB6,0x1041,0x0000,0x0000,0x3965,0xBC91,0xFE99,0xFE9A,0xFE17,0xF5D7,0xEDD7,0xFE38,
0xEDB6,0x1061,0x0000,0x3124,0xFE59,0xAC31,0xAC11,0xB451,0xB451,0xB452,0xB452,0xB452,
0xB452,0xC4B4,0x72CB,0x1041,0x1862,0x1061,0x0000,0xE597,0xCCF5,0xAC11,0xB473,0xBC73,
0xB452,0xC4B4,0xA3D0,0x20C3,0x1041,0x1882,0x1041,0x0820,0xD516,0xDD57,0xCCD5,0xCCF6,
0xCCF6,0xCCF5,0xD516,0xA3F1,0x20C3,0x0000,0x3105,0x18A3,0x0000,0x4167,0xFE5D,0xC4D6,
0xBCB5,0xBCB5,0xBCD6,0xC537,0xB4D6,0xBD17,0xBD37,0xB517,0xCDBA,0xB4F6,0x2925,0x0841,
0x10A3,0x18A3,0x0000,0x734F,0xE69D,0xACF6,0xB517,0xB517,0xB517,0xC599,0x9C94,0x2945,
0x0841,0x0841,0x18C3,0xDEDE,0xB5B8,0xAD77,0xAD97,0xAD97,0xAD97,0xADB7,0x9D36,0xCEFD,
0x84B3,0x0000,0x0000,0x428A,0xDFBF,0xA5D7,0xA5F8,0xA618,0xA618,0xB69A,0x6C10,0x08A2,
0x0000,0x7CD2,0xEFFF,0xD7DE,0xD7FF,0xD7FE,0xCFBD,0xC73C,0xBF1B,0xC73B,0xC73B,0xC71A,
0xC73B,0xDFFE,0x4ACA,0x0000,0x10C3,0x10C2,0x08A2,0x0000,0x6C0E,0xDFFC,0xD7BB,0xC739,
0xC739,0xC738,0xC738,0xC738,0xC738,0xC738,0xC738,0xC737,0xC717,0xDFFA,0x84CF,0x0000,
0x0881,0x10C2,0x10A1,0x10A1,0x10A1,0x10A1,0x10A1,0x10A1,0x10A1,0x10A1,0x00A1,0x0081,
0x0081,0x08A1,0x28E2,0x4923,0x7165,0x8965,0xA166,0xB987,0xC9A7,0xD1A7,0xD9A8,0xD9A8,
0xD9A7,0xD987,0xD9A7,0xE1A7,0xE1A7,0xD987,0xE188,0xD9A7,0xD9A7,0xD1A7,0xC187,0xA966,
0x8965,0x5924,0x20E2,0x00A1,0x0081,0x00A1,0x10A2,0x18C2,0x10C2,0x10C2,0x10C2,0x10A2,
0x10C2,0x10C2,0x0861,0x2164,0x94CF,0x0000,0x18E2,0xDF98,0xE7B9,0xDF78,0xDF78,0xDF78,
0xDF78,0xDF78,0xE7B9,0xEFFA,0xD69A,0xD6BA,0xD6BA,0xDEFB,0xE71C,0xEF5D,0xEF5D,0xEF7D,
0xEF7D,0xEF7D,0xEF5D,0xE73C,0xE71C,0xDEBA,0xEF7D,0xF759,0xFFFA,0xFF37,0xFF57,0xFF57,
0xFF57,0xFF57,0xFF57,0xFF57,0xFF57,0xFF37,0xFF57,0xFF57,0xFF57,0xFF57,0xFF57,0xFF57,
0xFF57,0xFF57,0xFF57,0xFF57,0xFF57,0xFF57,0xFF57,0xFF57,0xFF57,0xFF57,0xFF57,0xFF57,
0xFF57,0xFF57,0xFF57,0xFF57,0xFF57,0xFF57,0xFF37,0xFF37,0xFF37,0xFF37,0xFF77,0xFF98,
0xFFF9,0xFFFA,0xFFFA,0xFFF9,0xFFB8,0xFF78,0xEEF7,0xD657,0xC5F7,0xBDD7,0xC638,0xCE59,
0xC618,0xBDD7,0xBDD7,0xBDD7,0xBDF7,0xBDF7,0xC618,0xC618,0xC618,0xC618,0xC618,0xC618,
0xBDF7,0xBDD7,0xB5B6,0xCE59,0xCE16,0xFF7A,0xF677,0xFE77,0xFE77,0xFE57,0xF657,0xF636,
0xFEB8,0xC4B1,0x0000,0x28E3,0xB450,0xFEB9,0xFE99,0xF5F7,0xF5D6,0xF5F7,0xF5F7,0xF5D7,
0xFE79,0xCCF3,0x0000,0x0000,0x49C7,0xFE39,0x9BAF,0x9BCF,0xA3F0,0xA3F0,0xA3F0,0xA3F0,
0x9BD0,0xAC11,0xBC73,0x6229,0x0820,0x1882,0x0841,0x18A2,0xF5F9,0xB452,0x9BB0,0xA3F1,
0xA3F1,0xA3D0,0xB452,0x8B2E,0x1882,0x1041,0x1862,0x1062,0x0000,0xCCF5,0xCCF6,0xB453,
0xBC94,0xBC73,0xB453,0xC495,0x830E,0x1862,0x1042,0x1062,0x1882,0x0000,0x9BD1,0xFE1B,
0xA3F2,0xB453,0x9BD1,0x7B0E,0xD599,0xA454,0xB4B5,0xACB5,0xACB5,0xBD37,0xB4F6,0x3987,
0x0821,0x18A3,0x10A3,0x0000,0x9433,0xDE3C,0x9C74,0xA4B5,0xA4B5,0xA494,0xB537,0x9453,
0x20E4,0x0861,0x0020,0x3166,0xE6FE,0xA516,0x9CF5,0x9CF5,0x9CF5,0x9D15,0x9CF5,0x94D4,
0xA577,0xBE5A,0x0862,0x0000,0x4ACB,0xD77F,0x8D35,0x9D96,0x9576,0x9596,0xAE59,0x63CF,
0x0882,0x0000,0x7451,0xD7FF,0xBEFB,0xBF1C,0xBF1B,0xC73C,0xC73C,0xC73C,0xC73B,0xC73B,
0xC73B,0xC73B,0xCF7C,0xCFBC,0x3A27,0x0000,0x0881,0x10E3,0x10A2,0x0000,0x31E6,0xAE56,
0xCF9A,0xC739,0xC739,0xC738,0xC738,0xC738,0xC738,0xC738,0xC738,0xC738,0xC737,0xE7FA,
0x6BEC,0x0000,0x0840,0x10C2,0x10A1,0x10A1,0x10A1,0x10A1,0x10A1,0x10A1,0x10A1,0x10A1,
0x10A2,0x10A1,0x08A1,0x00A1,0x0081,0x0081,0x0081,0x0081,0x0081,0x10A2,0x28E2,0x28E3,
0x3903,0x5124,0x5924,0x5924,0x5944,0x5944,0x5924,0x5924,0x4103,0x28E2,0x18C2,0x08A2,
0x0081,0x0081,0x0081,0x08A1,0x10A2,0x18C2,0x10C2,0x10A2,0x10A2,0x10C2,0x10C2,0x10C2,
0x10C2,0x10C2,0x18E2,0x0000,0x638B,0x7C0D,0x0000,0x3A26,0xF7FA,0xDF78,0xDF78,0xDF78,
0xDF78,0xDF78,0xDF78,0xEFFA,0xEFFA,0xD6BA,0xCE79,0xD6BA,0xDEFB,0xE73C,0xEF5D,0xEF5D,
0xEF7D,0xEF7D,0xEF7D,0xEF5D,0xE73C,0xDEFB,0xD6BA,0xE73C,0xDED9,0xFFFA,0xFF37,0xFF57,
0xFF57,0xFF57,0xFF57,0xFF57,0xFF57,0xFF57,0xFF57,0xFF57,0xFF57,0xFF57,0xFF57,0xFF57,
0xFF57,0xFF57,0xFF57,0xFF57,0xFF57,0xFF57,0xFF57,0xFF57,0xFF57,0xFF57,0xFF57,0xFF57,
0xFF37,0xFF37,0xFF37,0xFF37,0xFF57,0xFF77,0xFFB8,0xFFF9,0xFFFA,0xFFFA,0xFFF9,0xFFD9,
0xFFB9,0xFF58,0xE6D7,0xD656,0xC5F6,0xBDD6,0xC618,0xCE79,0xCE59,0xC618,0xBDD7,0xBDD7,
0xBDD7,0xBDF7,0xBDF7,0xC618,0xC618,0xC638,0xCE59,0xCE59,0xCE59,0xCE79,0xCE79,0xCE59,
0xCE59,0xC638,0xC618,0xBDF7,0xCE79,0xDE57,0xFF7A,0xF697,0xFE97,0xFE97,0xFE77,0xFE77,
0xF656,0xFEB8,0xC4D1,0x8B6C,0xFE98,0xFE99,0xFDF7,0xF5D6,0xF5F7,0xF5F7,0xF5F7,0xF5F7,
0xF5D6,0xFE9A,0xAC30,0x0000,0x0000,0x72CB,0xFE18,0x8B4D,0x938E,0x938E,0x938F,0x938F,
0x938F,0x936E,0xA3D0,0xB431,0x49C7,0x0820,0x18A2,0x0820,0x2904,0xFE3A,0x9BAF,0x936E,
0x93AF,0x938F,0x936F,0xA3F1,0x7ACC,0x1062,0x1061,0x1882,0x1041,0x1062,0xEDB9,0xB453,
0x9BD0,0xABF1,0xA411,0xA412,0xB432,0x6229,0x1041,0x1062,0x1882,0x1041,0x0821,0xEDB9,
0xCCD6,0x936F,0xA3F2,0x7AED,0x5A09,0xEDDA,0x9BF2,0xA433,0xA433,0x9C33,0xAC95,0xB4F6,
0x4A09,0x0021,0x18A3,0x10A3,0x0000,0x9C74,0xCDDA,0x8BD1,0x9433,0x9433,0x8BF2,0xACD5,
0x9433,0x18C3,0x1082,0x0000,0x4209,0xEEFF,0x9473,0x8C53,0x8C53,0x8C73,0x8C73,0x8452,
0x8452,0x7C31,0xCEDC,0x4A8A,0x0000,0x636E,0xD73E,0x7C72,0x8D14,0x8CF4,0x8CF4,0xAE19,
0x63AF,0x0882,0x0000,0x52EC,0xDFFF,0xBF1C,0xC75D,0xC73C,0xC73C,0xC73C,0xC73C,0xC73C,
0xC73C,0xC73B,0xC73B,0xC71B,0xCF7C,0xD7DD,0x6BEE,0x0041,0x0000,0x0000,0x0020,0x0000,
0x532B,0xDFFC,0xBF19,0xC739,0xC739,0xC739,0xC738,0xC738,0xC738,0xC738,0xC738,0xC738,
0xC738,0xDFFA,0x8D30,0x0861,0x0000,0x0881,0x10E2,0x10C2,0x10A1,0x10A1,0x10A1,0x10A1,
0x10A1,0x10A1,0x10A1,0x10C2,0x10C2,0x18C2,0x10C2,0x10C2,0x10A2,0x10A1,0x08A1,0x00A1,
0x00A1,0x0081,0x0081,0x0081,0x0081,0x0081,0x0081,0x0081,0x0081,0x0081,0x08A1,0x08A1,
0x10A2,0x10A2,0x10A2,0x18A2,0x10A2,0x10A2,0x10A2,0x10A2,0x10A2,0x10A2,0x10C2,0x10C2,
0x10C2,0x10C2,0x10C2,0x10C2,0x0000,0x9D71,0x3A06,0x0000,0x6BCC,0xFFFB,0xD757,0xDF78,
0xDF78,0xDF78,0xDF78,0xDF78,0xF7FA,0xE779,0xE73C,0xCE79,0xD6BA,0xDEFB,0xE73C,0xEF5D,
0xEF7D,0xEF7D,0xEF7D,0xEF7D,0xEF5D,0xE73C,0xDEFB,0xDEBA,0xD69A,0xDEDB,0xFFD9,0xFFF9,
0xFF57,0xFF57,0xFF57,0xFF57,0xFF57,0xFF57,0xFF57,0xFF57,0xFF57,0xFF57,0xFF57,0xFF57,
0xFF57,0xFF57,0xFF57,0xFF57,0xFF57,0xFF57,0xFF57,0xFF57,0xFF37,0xFF37,0xFF37,0xFF57,
0xFF98,0xFFD9,0xFFF9,0xFFFA,0xFFFA,0xFFF9,0xFFD9,0xFFB8,0xFF58,0xEED7,0xD676,0xC616,
0xBDF7,0xBDD7,0xC638,0xCE59,0xCE59,0xC618,0xBDD7,0xB5B6,0xBDD7,0xBDD7,0xBDF7,0xBDF7,
0xC618,0xC618,0xC638,0xC638,0xCE59,0xCE79,0xCE79,0xD69A,0xD69A,0xD69A,0xD6BA,0xD69A,
0xD69A,0xCE79,0xCE79,0xC638,0xC618,0xD6BA,0xDE77,0xFF9A,0xF697,0xFEB7,0xFE97,0xFE97,
0xFE97,0xFE77,0xFE77,0xFEB8,0xFED9,0xFE57,0xF616,0xF616,0xF5F6,0xF5F6,0xF5F7,0xF5F7,
0xF5F7,0xF5D6,0xFEBA,0x830C,0x0000,0x0000,0x936E,0xE576,0x7AEC,0x8B4D,0x8B4D,0x8B4E,
0x8B4E,0x8B4E,0x8B4D,0x9BAF,0xA3F0,0x3965,0x0820,0x18A2,0x0000,0x49C7,0xFDF9,0x830D,
0x832D,0x8B4E,0x8B4E,0x832E,0x938F,0x728B,0x1062,0x1882,0x20C3,0x0000,0x49A8,0xFE3B,
0x936F,0x936F,0x938F,0x9390,0x9BD0,0x938F,0x4166,0x0821,0x1862,0x1882,0x0000,0x51E8,
0xFE5C,0x9390,0x832E,0x9BD1,0x6A6B,0x28E4,0xEDBA,0xA3D2,0x93D1,0x93D1,0x93D1,0x93F2,
0xB4D6,0x628B,0x0020,0x10A3,0x1082,0x0000,0xB4F6,0xBD37,0x7B6F,0x83D1,0x83B1,0x8390,
0x9C53,0x83B0,0x1062,0x1082,0x0000,0x4A4A,0xE6BE,0x83D1,0x83F1,0x83F1,0x83F1,0x8411,
0x7BF1,0x7C11,0x73B0,0xB5B8,0xA556,0x0000,0x73F0,0xCEFC,0x73D0,0x7C72,0x7C72,0x7C72,
0xA5D8,0x638E,0x0861,0x0000,0x3A69,0xDFFF,0xBF3D,0xC73D,0xC73D,0xC73C,0xC73C,0xC73C,
0xC73C,0xC73C,0xC73C,0xC73C,0xC73B,0xC73B,0xCF5C,0xDFFE,0xBED9,0x742F,0x3A48,0x3A48,
0x744F,0xC71A,0xCF7B,0xC739,0xC739,0xC739,0xC739,0xC739,0xC739,0xC738,0xC738,0xC738,
0xC738,0xC738,0xC738,0xDFFA,0xBED6,0x4AC9,0x0020,0x0000,0x0040,0x0881,0x10C2,0x10C2,
0x10C2,0x10C2,0x10C2,0x10A1,0x0881,0x0040,0x0020,0x0860,0x10A1,0x10C2,0x10C2,0x10C2,
0x1081,0x0860,0x1081,0x18C2,0x18C2,0x18C2,0x18C2,0x18C2,0x18C2,0x18E2,0x0881,0x0020,
0x1081,0x10A2,0x10A1,0x10A2,0x10A2,0x10A2,0x10A2,0x10A2,0x10A2,0x10A2,0x10A2,0x10C2,
0x10C2,0x10C2,0x10A2,0x18C2,0x0020,0x3A06,0xADF3,0x0020,0x0000,0xA571,0xF7FA,0xD757,
0xDF78,0xDF78,0xDF78,0xDF78,0xDF58,0xF7FB,0xDF39,0xE73C,0xCE79,0xDEDB,0xDEFB,0xE73C,
0xEF5D,0xEF7D,0xEF7D,0xEF7D,0xEF7D,0xEF5D,0xE73C,0xE71C,0xDEDB,0xD69A,0xDEFB,0xDED9,
0xFFFA,0xFF57,0xFF57,0xFF57,0xFF57,0xFF57,0xFF57,0xFF57,0xFF57,0xFF57,0xFF57,0xFF57,
0xFF57,0xFF57,0xFF57,0xFF57,0xFF37,0xFF37,0xFF37,0xFF77,0xFFB8,0xFFF9,0xFFFA,0xFFFA,
0xFFF9,0xFFD9,0xFF98,0xF738,0xE6B7,0xCE56,0xC5F6,0xBDD6,0xBDD7,0xC638,0xCE59,0xC638,
0xC618,0xBDF7,0xBDD7,0xB5B6,0xBDD7,0xBDD7,0xBDD7,0xBDF7,0xC618,0xC618,0xC618,0xC638,
0xC638,0xCE59,0xCE59,0xCE79,0xCE79,0xD69A,0xD6BA,0xD6BA,0xD6BA,0xDEDB,0xDEDB,0xDEDB,
0xDEDB,0xD6BA,0xD6BA,0xD69A,0xCE79,0xC638,0xDEDB,0xDE78,0xFFBA,0xFED7,0xFEB7,0xFEB7,
0xFEB7,0xFE97,0xFE97,0xFE77,0xF657,0xF656,0xF657,0xF637,0xF636,0xF616,0xF5F6,0xF5F6,
0xF5F6,0xF5F7,0xF5F6,0xFEB9,0x5A28,0x0000,0x0000,0xBC71,0xCCD3,0x72AB,0x8B2D,0x832C,
0x832D,0x8B2D,0x8B2D,0x830C,0x9BAF,0xA38F,0x28E4,0x0841,0x18A2,0x0000,0x626A,0xFDF8,
0x728B,0x830D,0x830D,0x830D,0x830D,0x8B4E,0x59E8,0x0000,0x0000,0x0000,0x0000,0xDD36,
0xE577,0x7ACC,0x8B4E,0x8B4E,0x8B4E,0x938F,0x7ACC,0x3105,0x0841,0x1862,0x1882,0x0000,
0xBC94,0xE558,0x7ACC,0x832E,0x9370,0x51A8,0x0821,0xE599,0xABF2,0x8B4F,0x9390,0x8B90,
0x8370,0xB494,0x7B0E,0x0821,0x1883,0x1082,0x0000,0xC578,0xA494,0x730E,0x7B6F,0x7B6F,
0x732E,0x9433,0x7B4F,0x0841,0x10A3,0x0000,0x6AED,0xDE3C,0x732E,0x7B90,0x7B90,0x7B90,
0x7BB0,0x7BB0,0x7BB0,0x73B0,0x8432,0xD6DD,0x0000,0x73F1,0xCEBC,0x636E,0x7411,0x7411,
0x7411,0xA597,0x636E,0x0861,0x0061,0x1924,0xCF9F,0xC75D,0xC73D,0xC73D,0xC73D,0xC73D,
0xC73C,0xC73C,0xC73C,0xC73C,0xC73C,0xC73C,0xC73B,0xC73B,0xC71B,0xCF9C,0xDFFE,0xD7FD,
0xD7FD,0xDFFD,0xCF7B,0xC73A,0xC73A,0xC73A,0xC739,0xC739,0xC739,0xC739,0xC739,0xC739,
0xC738,0xC738,0xC738,0xC738,0xC737,0xD799,0xDFFA,0xB674,0x5B4A,0x1903,0x0840,0x0000,
0x0000,0x0000,0x0000,0x0000,0x0000,0x10A1,0x29A5,0x31E5,0x18E2,0x0040,0x0000,0x0000,
0x0000,0x10A1,0x2984,0x10A1,0x0000,0x0000,0x0861,0x0881,0x0860,0x0000,0x0000,0x0881,
0x73EC,0x2164,0x0861,0x10A2,0x10A1,0x10A2,0x10A2,0x10A2,0x10A2,0x10A2,0x10A2,0x10A2,
0x10A2,0x10A2,0x1081,0x18C2,0x10C2,0x0000,0xADD2,0x73EC,0x0000,0x1081,0xCF17,0xE7D9,
0xDF57,0xDF78,0xDF78,0xDF78,0xDF78,0xDF78,0xF7FB,0xD6B9,0xDEFB,0xD69A,0xDEDB,0xDEFB,
0xE73C,0xEF5D,0xEF7D,0xEF7D,0xEF7D,0xEF7D,0xEF5D,0xE73C,0xE71C,0xDEDB,0xD6BA,0xCE79,
0xDEFB,0xEF18,0xFFFB,0xFF77,0xFF37,0xFF57,0xFF57,0xFF57,0xFF57,0xFF57,0xFF57,0xFF57,
0xFF57,0xFF37,0xFF37,0xFF57,0xFFB8,0xFFF9,0xFFFA,0xFFFA,0xFFD9,0xFFB8,0xF738,0xE6B7,
0xCE36,0xC5F6,0xBDD6,0xBDF7,0xCE59,0xCE59,0xC638,0xC618,0xBDD7,0xBDD7,0xBDB6,0xBDD7,
0xBDD7,0xBDF7,0xBDF7,0xBDF7,0xC618,0xC618,0xC618,0xC638,0xC638,0xCE59,0xCE59,0xCE79,
0xCE79,0xD69A,0xD69A,0xD6BA,0xD6BA,0xD6BA,0xDEDB,0xDEDB,0xDEFB,0xDEFB,0xDEFB,0xE71C,
0xE71C,0xDEFB,0xDEFB,0xDEDB,0xD6BA,0xD69A,0xCE79,0xD69A,0xD678,0xFF79,0xFEF7,0xFED7,
0xFED7,0xFEB7,0xFEB7,0xFEB7,0xFE97,0xFE97,0xFE77,0xFE77,0xFE57,0xF657,0xF637,0xF636,
0xF616,0xF5F6,0xF5F6,0xF5F7,0xFE99,0x4165,0x0000,0x0800,0xD514,0xABEF,0x72AA,0x830C,
0x830C,0x830C,0x830C,0x830C,0x7ACB,0x9B8E,0x9B2D,0x20A2,0x1041,0x18A2,0x0000,0x7B0C,
0xED76,0x6A29,0x7AEC,0x7ACC,0x7AEC,0x82EC,0x7AAB,0x726A,0x5A49,0x5A29,0x72AC,0xE598,
0xFE7B,0x936F,0x7ACC,0x82ED,0x82ED,0x8B0E,0x932E,0x6209,0x1882,0x1041,0x1882,0x0821,
0x20A3,0xFE3B,0x9BB0,0x72AC,0x830E,0x8B0D,0x3905,0x0000,0xD517,0xB433,0x7AED,0x8B4F,
0x8B2F,0x830E,0xAC33,0x8B4F,0x0841,0x1082,0x1062,0x0000,0xC579,0x9BF2,0x6AED,0x732E,
0x732E,0x730E,0x93F2,0x72ED,0x0841,0x18A3,0x0000,0x7B6F,0xD5DB,0x6ACD,0x7B6F,0x734F,
0x734F,0x736F,0x736F,0x736F,0x738F,0x630D,0xCE5B,0x4209,0x6B6F,0xCE9C,0x632D,0x73D0,
0x73D0,0x6BAF,0xA597,0x634E,0x0041,0x10A3,0x0020,0xB69A,0xD7BF,0xC71C,0xC73D,0xC73D,
0xC73D,0xC73D,0xC73D,0xC73C,0xC73C,0xC73C,0xC73C,0xC73C,0xC73C,0xC73B,0xC73B,0xBF1A,
0xC73B,0xC73A,0xBF1A,0xC73A,0xC73A,0xC73A,0xC73A,0xC73A,0xC73A,0xC739,0xC739,0xC739,
0xC739,0xC739,0xC738,0xC738,0xC738,0xC738,0xC738,0xC737,0xD7B9,0xDFFA,0xD7B9,0xBEF6,
0x9DB2,0x7C6E,0x7C6E,0x7C6E,0x9530,0xB673,0xCF77,0xDFF8,0xDFF9,0xD797,0xBEB5,0x9550,
0x7C6D,0xA5F2,0xCF36,0xDFF9,0xD777,0x8D0F,0x3A26,0x10A2,0x08A1,0x1902,0x4267,0x848E,
0xDFB8,0xD777,0x0881,0x10A1,0x10A2,0x10A1,0x10A1,0x10A2,0x10A2,0x10A2,0x10A2,0x10A2,
0x10A2,0x10C2,0x0020,0x4227,0x3A26,0x0000,0x31E5,0xDF78,0x10A2,0x0000,0x4267,0xF7FA,
0xDF78,0xDF78,0xDF78,0xDF78,0xDF78,0xDF78,0xDF98,0xEFFA,0xCE79,0xD69A,0xD69A,0xDEDB,
0xE71C,0xE73C,0xEF5D,0xEF7D,0xEF7D,0xF79E,0xEF7D,0xEF5D,0xE73C,0xE71C,0xDEFB,0xD6BA,
0xCE79,0xCE59,0xDEDB,0xE6D8,0xFFFA,0xFFF9,0xFF57,0xFF37,0xFF37,0xFF37,0xFF37,0xFF57,
0xFF77,0xFFD8,0xFFF9,0xFFFA,0xFFF9,0xFFB8,0xF738,0xDE97,0xCE16,0xBDD6,0xBDF7,0xC638,
0xCE59,0xC638,0xC618,0xBDD7,0xB5B6,0xB5B6,0xBDD7,0xBDD7,0xBDD7,0xBDF7,0xBDF7,0xC618,
0xC618,0xC618,0xC638,0xC638,0xC638,0xCE59,0xCE59,0xCE59,0xCE79,0xCE79,0xD69A,0xD69A,
0xD6BA,0xD6BA,0xD6BA,0xDEDB,0xDEDB,0xDEFB,0xDEFB,0xDEFB,0xE71C,0xE71C,0xE73C,0xE73C,
0xE73C,0xE73C,0xE73C,0xE71C,0xDEFB,0xDEDB,0xD6BA,0xD69A,0xCE59,0xDEDB,0xFF59,0xFF79,
0xF6D7,0xFED7,0xFED7,0xFED7,0xFEB7,0xFEB7,0xFEB7,0xFE97,0xFE97,0xFE77,0xFE77,0xF657,
0xF657,0xF637,0xF636,0xF5F6,0xFE17,0xFE17,0x20A2,0x0820,0x1041,0xEDB6,0x934C,0x7A8A,
0x82CB,0x82EB,0x82CB,0x82CB,0x82CB,0x7AAB,0x9B4D,0x8ACB,0x1882,0x1041,0x18A2,0x0000,
0xA410,0xDD15,0x6A08,0x82CB,0x82AB,0x82CC,0x82AB,0x8ACB,0xED77,0xFE5A,0xFE3A,0xFE19,
0xDD15,0x930D,0x7A8B,0x82CC,0x82AB,0x8ACC,0x930D,0x7A2A,0x3925,0x0841,0x1862,0x18A2,
0x0000,0x72AB,0xFE1B,0x726B,0x7A8B,0x82ED,0x824B,0x28A3,0x0000,0xAC33,0xBC74,0x728C,
0x830E,0x82ED,0x7AAC,0xA3B1,0x9B70,0x1062,0x1062,0x1041,0x1062,0xDDDB,0x832E,0x72CD,
0x72ED,0x72ED,0x72AC,0x93D1,0x6A8B,0x0841,0x18A3,0x0000,0x83D1,0xC558,0x628B,0x7B0E,
0x730E,0x732E,0x730E,0x732E,0x734E,0x736F,0x6B0D,0x9C93,0x8C73,0x73B0,0xCE3B,0x5ACC,
0x738F,0x6B8F,0x6B4E,0xA556,0x632D,0x0020,0x10E3,0x0000,0x7C51,0xDFFF,0xBEFC,0xC73D,
0xC73D,0xC73D,0xC73D,0xC73D,0xC73D,0xC73C,0xC73C,0xC73C,0xC73C,0xC73C,0xC73C,0xC73C,
0xC73B,0xC73B,0xC73B,0xC73B,0xC73B,0xC73A,0xC73A,0xC73A,0xC73A,0xC73A,0xC73A,0xC739,
0xC739,0xC739,0xC739,0xC739,0xC739,0xC738,0xC738,0xC738,0xC738,0xC718,0xC717,0xCF58,
0xD798,0xDFD9,0xDFFA,0xDFF9,0xDFF9,0xDFD9,0xD7B8,0xCF57,0xC736,0xC736,0xCF57,0xD7B7,
0xDFF8,0xDFF9,0xDFD8,0xD777,0xCF37,0xD777,0xE7F9,0xE7F9,0xD757,0xCF36,0xD798,0xE7F9,
0xE7F9,0xEFFB,0x6BAB,0x0000,0x10C2,0x10A1,0x10A1,0x10A1,0x10A2,0x10A2,0x10A2,0x10A2,
0x10A2,0x10C2,0x0840,0x1903,0x9D51,0x1081,0x0000,0xCEF6,0x848E,0x0000,0x0000,0x9D51,
0xEFFA,0xD757,0xDF78,0xDF78,0xDF78,0xDF78,0xDF58,0xEFFA,0xE799,0xDEDB,0xCE79,0xD6BA,
0xDEDB,0xE71C,0xE73C,0xEF5D,0xEF7D,0xEF7D,0xF79E,0xEF7D,0xEF5D,0xEF5D,0xE73C,0xDEFB,
0xDEDB,0xD69A,0xCE59,0xCE59,0xDEDB,0xCE78,0xFF78,0xFFF9,0xFFFA,0xFFFA,0xFFF9,0xFFFA,
0xFFFA,0xFFF9,0xFFB8,0xEF18,0xD677,0xBDF6,0xBDD7,0xC638,0xCE59,0xC638,0xBDF7,0xB5B6,
0xB5D6,0xBDD7,0xBDD7,0xBDD7,0xBDF7,0xBDF7,0xC618,0xC618,0xC618,0xC638,0xC638,0xC638,
0xCE59,0xCE59,0xCE59,0xCE79,0xCE79,0xD69A,0xD69A,0xD69A,0xD69A,0xD6BA,0xD6BA,0xDEDB,
0xDEDB,0xDEDB,0xDEFB,0xDEFB,0xDEFB,0xE71C,0xE71C,0xE73C,0xE73C,0xE73C,0xEF5D,0xEF5D,
0xEF5D,0xEF5D,0xEF5D,0xEF5D,0xE73C,0xE71C,0xDEFB,0xDEDB,0xD6BA,0xCE79,0xDEDB,0xDE99,
0xFFDA,0xFEF7,0xFED7,0xFEF7,0xFED7,0xFED7,0xFED7,0xFEB7,0xFEB7,0xFE97,0xFE97,0xFE97,
0xFE77,0xFE77,0xF657,0xF637,0xF616,0xFE78,0xE595,0x0841,0x0820,0x28E3,0xF5F7,0x82AA,
0x7A69,0x828A,0x82AA,0x828A,0x828A,0x828A,0x8269,0x9AEC,0x8A49,0x1061,0x1061,0x18A2,
0x0000,0xB472,0xCC72,0x71A7,0x828A,0x826A,0x826A,0x824A,0x8A4A,0x8A6A,0x826A,0x7A29,
0x7A09,0x79E8,0x8229,0x8A4A,0x8A4A,0x822A,0x8A6B,0x71E8,0x4105,0x1061,0x1062,0x1062,
0x1062,0x0000,0xCD16,0xCC53,0x69C8,0x7A6B,0x8A8C,0x7187,0x2083,0x0000,0x832E,0xD4D6,
0x724A,0x82CD,0x82AC,0x7A4B,0x9B0E,0xB390,0x2082,0x1062,0x0841,0x20C3,0xEE1B,0x828C,
0x7A8B,0x7AAC,0x7AAC,0x726B,0x9B90,0x6209,0x0041,0x18A3,0x0000,0xA495,0xB495,0x622A,
0x7ACD,0x72AC,0x7A8C,0x832E,0x72CD,0x72ED,0x730D,0x730D,0x72CC,0xB577,0x8C73,0xB577,
0x62AB,0x732E,0x734E,0x6AEC,0xA4D4,0x6B4D,0x0020,0x10C3,0x0000,0x39E8,0xE7FF,0xC71D,
0xC71D,0xC73D,0xC73D,0xC73D,0xC73D,0xC73D,0xC73D,0xC73D,0xC73C,0xC73C,0xC73C,0xC73C,
0xC73C,0xC73C,0xC73C,0xC73B,0xC73B,0xC73B,0xC73B,0xC73B,0xC73A,0xC73A,0xC73A,0xC73A,
0xC73A,0xC73A,0xC739,0xC739,0xC739,0xC739,0xC739,0xC739,0xC738,0xC738,0xC738,0xC738,
0xC738,0xC737,0xC717,0xC717,0xC717,0xC716,0xC716,0xC716,0xC736,0xC736,0xC736,0xC736,
0xC736,0xC716,0xC716,0xC716,0xC736,0xCF36,0xCF36,0xC716,0xCF36,0xD777,0xD777,0xD757,
0xCF36,0xCF16,0xE7F9,0x3A26,0x0000,0x10C2,0x10A1,0x10A1,0x10A1,0x10A2,0x10A1,0x10A2,
0x10A1,0x10C2,0x0881,0x0000,0xA591,0x4AC8,0x0000,0x7C4E,0xF7FB,0x10A2,0x0000,0x1903,
0xE7B9,0xDF98,0xD777,0xDF78,0xDF78,0xDF78,0xDF78,0xD758,0xF7FB,0xDF19,0xE71C,0xCE79,
0xD6BA,0xDEFB,0xE71C,0xEF5D,0xEF5D,0xEF7D,0xF79E,0xF79E,0xEF7D,0xEF7D,0xEF5D,0xE73C,
0xE71C,0xDEFB,0xD6BA,0xD69A,0xCE59,0xC638,0xD69A,0xD69A,0xC637,0xDEB7,0xEEF8,0xEEF8,
0xE6D7,0xD657,0xBDF7,0xBDF7,0xCE79,0xCE59,0xC618,0xBDD7,0xB5B6,0xBDD7,0xBDD7,0xBDF7,
0xBDF7,0xC618,0xC618,0xC618,0xC638,0xC638,0xC638,0xCE59,0xCE59,0xCE59,0xCE79,0xCE79,
0xD69A,0xD69A,0xD69A,0xD6BA,0xD6BA,0xD6BA,0xD6BA,0xDEDB,0xDEDB,0xDEDB,0xDEFB,0xDEFB,
0xDEFB,0xE71C,0xE71C,0xE71C,0xE73C,0xE73C,0xE73C,0xE73C,0xEF5D,0xEF5D,0xEF5D,0xEF5D,
0xEF5D,0xEF7D,0xEF7D,0xEF7D,0xEF5D,0xEF5D,0xE73C,0xE71C,0xDEFB,0xD6BA,0xD69A,0xCE59,
0xDEFB,0xEEF8,0xFFFB,0xF6F7,0xFEF7,0xFEF7,0xFED7,0xFED7,0xFED7,0xFEB7,0xFEB7,0xFEB7,
0xFE97,0xFE97,0xFE77,0xFE77,0xFE57,0xF636,0xFEB9,0xD533,0x0000,0x0800,0x4186,0xFE37,
0x79E8,0x8228,0x8A49,0x8229,0x8A29,0x8A49,0x8A29,0x81E8,0xA2AB,0x81C8,0x0841,0x1882,
0x1882,0x0000,0xD535,0xBB8F,0x7966,0x8A09,0x8A08,0x8A08,0x89E8,0x9209,0x9229,0x81C8,
0x89C8,0x89C8,0x91E9,0x91E9,0x8967,0xA26A,0x91E9,0x40A3,0x30C3,0x1061,0x1062,0x1862,
0x1882,0x0000,0x3125,0xFDFA,0x924A,0x79A8,0x8209,0x9209,0x58C4,0x0021,0x0000,0x51E8,
0xDCF6,0x71E9,0x828B,0x824B,0x820A,0x926B,0xC370,0x30A3,0x0842,0x0821,0x2904,0xE5BA,
0x81C9,0x7A2A,0x7A2A,0x7A2A,0x7A09,0xA32F,0x5966,0x0041,0x18A3,0x0000,0xB517,0xABF2,
0x69E8,0x7A6B,0x7A4B,0x79E9,0x9BD1,0x82ED,0x724A,0x7A8C,0x7AAC,0x6A2A,0x8B8F,0xBDF9,
0xA4B4,0x6A4A,0x72CC,0x72EC,0x6A6A,0x9C11,0x7B6E,0x0021,0x10A3,0x0882,0x0841,0xBE7B,
0xD77E,0xC6FC,0xC71D,0xC71D,0xC73D,0xC73D,0xC73D,0xC73D,0xC73D,0xC73D,0xC73D,0xC73C,
0xC73C,0xC73C,0xC73C,0xC73C,0xC73C,0xC73B,0xC73B,0xC73B,0xC73B,0xC73B,0xC73B,0xC73A,
0xC73A,0xC73A,0xC73A,0xC73A,0xC73A,0xC739,0xC739,0xC739,0xC739,0xC739,0xC738,0xC738,
0xC738,0xC738,0xC738,0xC738,0xC738,0xC737,0xC737,0xC737,0xC737,0xC737,0xC736,0xC736,
0xC736,0xC736,0xC736,0xC736,0xC736,0xCF36,0xCF36,0xCF36,0xCF36,0xCF36,0xCF36,0xCF36,
0xCF36,0xCF36,0xD797,0xCF36,0x0881,0x0861,0x10C2,0x10A2,0x10A1,0x10A1,0x10A2,0x10A1,
0x10A1,0x10E2,0x0861,0x0000,0x9510,0xA591,0x0000,0x4AC8,0xFFFD,0x73EC,0x0000,0x0000,
0x6BAC,0xF7FA,0xD757,0xDF78,0xDF78,0xDF78,0xDF78,0xDF58,0xDF78,0xEFF9,0xCE99,0xD6BA,
0xD69A,0xD6BA,0xDEFB,0xE73C,0xEF5D,0xEF5D,0xEF7D,0xF79E,0xF79E,0xEF7D,0xEF7D,0xEF5D,
0xEF5D,0xE73C,0xE71C,0xDEDB,0xD6BA,0xD69A,0xCE59,0xC638,0xC618,0xCE59,0xD69A,0xD69A,
0xD69A,0xCE79,0xCE79,0xC618,0xBDD7,0xBDD7,0xBDD7,0xBDF7,0xBDF7,0xC618,0xC618,0xC618,
0xC638,0xC638,0xCE59,0xCE59,0xCE59,0xCE79,0xCE79,0xD69A,0xD69A,0xD69A,0xD6BA,0xD6BA,
0xD6BA,0xD6BA,0xDEDB,0xDEDB,0xDEDB,0xDEDB,0xDEFB,0xDEFB,0xDEFB,0xE71C,0xE71C,0xE71C,
0xE71C,0xE73C,0xE73C,0xE73C,0xEF5D,0xEF5D,0xEF5D,0xEF5D,0xEF5D,0xEF5D,0xEF7D,0xEF7D,
0xEF7D,0xEF7D,0xEF7D,0xEF7D,0xEF7D,0xEF7D,0xEF5D,0xEF5D,0xE73C,0xE71C,0xDEDB,0xD6BA,
0xCE59,0xCE59,0xD69A,0xF718,0xFFFB,0xFF38,0xFED7,0xF6D7,0xFEF7,0xFED7,0xFED7,0xFED7,
0xFEB7,0xFEB7,0xFEB7,0xFE97,0xFE97,0xFE77,0xF656,0xFF19,0xAC4F,0x0000,0x0000,0x5A48,
0xF595,0x7945,0x89C7,0x89C7,0x89C7,0x89C7,0x91C7,0x91A7,0x8987,0xB249,0x7986,0x0041,
0x1882,0x1062,0x0000,0xDD35,0xAA8B,0x8105,0x91A7,0x8987,0x9187,0x9167,0x9146,0x89E8,
0xBACC,0x8906,0x9167,0x9147,0x9146,0x9106,0x9967,0xE3F1,0x28A3,0x0021,0x1862,0x1862,
0x1062,0x1882,0x0000,0x936F,0xED36,0x80E6,0x9187,0x8967,0x9167,0x5105,0x2104,0x18A3,
0x41C8,0xDCF6,0x81A8,0x89E9,0x89C9,0x89A8,0x89C8,0xCB4F,0x48E4,0x0842,0x0800,0x4187,
0xED79,0x7926,0x81A8,0x81A8,0x81A8,0x7988,0xAAAD,0x5925,0x0041,0x18A3,0x0000,0xB517,
0x9B0E,0x7167,0x81C9,0x81A8,0x8188,0x7ACC,0xBC53,0x7167,0x820A,0x7A09,0x7A0A,0x6946,
0xC5B9,0xACB5,0x6987,0x7A4A,0x7A6A,0x69C8,0x9B8F,0x8B6E,0x0020,0x10A3,0x10C3,0x0000,
0x634E,0xE7DF,0xC6DC,0xCF1D,0xC71D,0xC71D,0xC71D,0xC73D,0xC73D,0xC73D,0xC73D,0xC73D,
0xC73D,0xC73D,0xC73C,0xC73C,0xC73C,0xC73C,0xC73C,0xC73C,0xC73B,0xC73B,0xC73B,0xC73B,
0xC73B,0xC73A,0xC73A,0xC73A,0xC73A,0xC73A,0xC73A,0xC73A,0xC739,0xC739,0xC739,0xC739,
0xC739,0xC738,0xC738,0xC738,0xC738,0xC738,0xC738,0xC738,0xC737,0xC737,0xC737,0xC716,
0xC716,0xC736,0xC736,0xC736,0xC736,0xC736,0xC736,0xC736,0xCF36,0xCF36,0xCF36,0xCF36,
0xCF36,0xCF36,0xC716,0xDFF8,0xA5B2,0x0000,0x10C2,0x10A1,0x10A2,0x10A1,0x10A1,0x10C2,
0x10C2,0x10A2,0x0000,0x0000,0xAE13,0xC6F6,0x0000,0x4A87,0xF7FB,0xCEF6,0x0020,0x0860,
0x0881,0xCF16,0xE7D9,0xD757,0xD777,0xD777,0xDF78,0xDF78,0xD757,0xEFF9,0xE7B9,0xD6BA,
0xCE59,0xD69A,0xDEDB,0xDEFB,0xE73C,0xEF5D,0xEF7D,0xEF7D,0xF79E,0xF79E,0xF79E,0xEF7D,
0xEF7D,0xEF5D,0xE73C,0xE71C,0xDEFB,0xDEDB,0xD6BA,0xD69A,0xCE79,0xCE59,0xC638,0xC618,
0xC618,0xC617,0xBDF7,0xBDF7,0xBDF7,0xC618,0xC618,0xC618,0xC638,0xC638,0xCE59,0xCE59,
0xCE79,0xCE79,0xCE79,0xD69A,0xD69A,0xD69A,0xD6BA,0xD6BA,0xD6BA,0xDEDB,0xDEDB,0xDEDB,
0xDEFB,0xDEFB,0xDEFB,0xDEFB,0xE71C,0xE71C,0xE71C,0xE71C,0xE73C,0xE73C,0xE73C,0xE73C,
0xEF5D,0xEF5D,0xEF5D,0xEF5D,0xEF5D,0xEF5D,0xEF5D,0xEF7D,0xEF7D,0xEF7D,0xEF7D,0xEF7D,
0xEF7D,0xF79E,0xF79E,0xF79E,0xF79E,0xEF7D,0xEF7D,0xEF7D,0xEF5D,0xEF5D,0xE71C,0xDEFB,
0xD6BA,0xD69A,0xCE59,0xCE59,0xD69A,0xE6B7,0xFF99,0xFFFA,0xFF58,0xFED7,0xFEF7,0xFEF7,
0xFED7,0xFED7,0xFED7,0xFEB7,0xFEB7,0xFE97,0xFE97,0xF676,0xFF5A,0x8B6C,0x0000,0x0000,
0x72EA,0xE513,0x78C4,0x9166,0x9166,0x9146,0x9146,0x9146,0x9126,0x8905,0xC209,0x6905,
0x0061,0x1882,0x1041,0x1882,0xED96,0xA187,0x8884,0x9106,0x9105,0x9906,0x98E5,0xA106,
0x2882,0xC32D,0xA926,0x9064,0x98C5,0x98C5,0xA0A5,0x8803,0xE32E,0x8A4A,0x0000,0x1882,
0x1062,0x1862,0x1062,0x0000,0xDD36,0xC2ED,0x8864,0x9906,0x90A5,0x9906,0xE494,0xFD36,
0xF4F5,0xED16,0xD3B1,0x8906,0x9167,0x9147,0x9126,0x88E6,0xD2ED,0x7126,0x0041,0x0000,
0x5A29,0xECD6,0x8084,0x9147,0x8927,0x8927,0x8126,0xB24B,0x50E5,0x0062,0x1082,0x0821,
0xCD79,0x924B,0x78E5,0x8147,0x8106,0x9988,0x2883,0xB453,0x89A8,0x7926,0x8187,0x8187,
0x7906,0x8A6B,0x9B0E,0x7926,0x79A8,0x79C8,0x7146,0x928B,0x9B8F,0x0021,0x10A2,0x10A3,
0x0861,0x0882,0xCEDC,0xD73E,0xC6DC,0xCEFD,0xC71D,0xC71D,0xC71D,0xC71D,0xC73D,0xC73D,
0xC73D,0xC73D,0xC73D,0xC73D,0xC73C,0xC73C,0xC73C,0xC73C,0xC73C,0xC73C,0xC73C,0xC73B,
0xC73B,0xC73B,0xC73B,0xC73B,0xC73A,0xC73A,0xC73A,0xC73A,0xC73A,0xC73A,0xC739,0xC739,
0xC739,0xC739,0xC739,0xC739,0xC738,0xC738,0xC738,0xC738,0xC738,0xC738,0xC737,0xC757,
0xD7B9,0xD7B9,0xCF57,0xC716,0xC716,0xC716,0xCF77,0xD797,0xCF56,0xC736,0xC736,0xCF36,
0xCF36,0xCF36,0xCF36,0xC716,0xE7F9,0x742D,0x0000,0x10C2,0x10A2,0x10A1,0x10A2,0x10A1,
0x0040,0x0000,0x0000,0x4A87,0xC6F5,0xCF16,0x0881,0x638B,0xEFFA,0xF7FB,0x4AA8,0x0000,
0x0000,0x638B,0xEFFA,0xD737,0xD757,0xD757,0xD777,0xD777,0xD777,0xD757,0xF7FB,0xD6F9,
0xDEFB,0xCE59,0xD69A,0xDEDB,0xE71C,0xE73C,0xEF5D,0xEF7D,0xEF7D,0xF79E,0xF79E,0xF79E,
0xF79E,0xEF7D,0xEF5D,0xEF5D,0xE73C,0xE71C,0xDEFB,0xDEDB,0xD6BA,0xD69A,0xD69A,0xCE79,
0xCE59,0xCE59,0xC638,0xC638,0xC638,0xCE59,0xCE59,0xCE59,0xCE59,0xCE79,0xCE79,0xD69A,
0xD69A,0xD6BA,0xD6BA,0xD6BA,0xD6BA,0xDEDB,0xDEDB,0xDEDB,0xDEFB,0xDEFB,0xDEFB,0xE71C,
0xE71C,0xE71C,0xE71C,0xE73C,0xE73C,0xE73C,0xE73C,0xE73C,0xEF5D,0xEF5D,0xEF5D,0xEF5D,
0xEF5D,0xEF5D,0xEF5D,0xEF7D,0xEF7D,0xEF7D,0xEF7D,0xEF7D,0xEF7D,0xEF7D,0xEF7D,0xF79E,
0xF79E,0xF79E,0xF79E,0xF79E,0xF79E,0xF79E,0xF79E,0xF79E,0xEF7D,0xEF7D,0xEF5D,0xE73C,
0xE71C,0xDEDB,0xD6BA,0xCE79,0xCE59,0xC618,0xD6BA,0xC5F7,0xDE97,0xFF38,0xFFDA,0xFEF7,
0xFEF7,0xFEF7,0xFEF7,0xFED7,0xFED7,0xFEB7,0xFEB7,0xFEB7,0xF696,0xFF5A,0x6268,0x0000,
0x0000,0x93AD,0xDC70,0x7802,0x9125,0x90E5,0x98C5,0x98C5,0x98A5,0x9884,0x90A4,0xC9C8,
0x58C3,0x0061,0x1882,0x0820,0x20E3,0xED55,0x98A4,0x9824,0x9884,0x9864,0x9844,0xA024,
0xA8E5,0x0020,0x61A6,0xDA2A,0x9002,0xA004,0xA004,0xA004,0x9803,0xB0E6,0xDBAF,0x1041,
0x1061,0x1882,0x1882,0x0000,0x41A7,0xFD77,0x9844,0xA004,0xA004,0xA004,0xA803,0xB003,
0xA802,0xA803,0xB003,0xA803,0x9844,0xA065,0x9865,0x9865,0x9004,0xD1EA,0x8967,0x0061,
0x0000,0x6A6B,0xE433,0x8802,0xA0A6,0x9865,0x9865,0x8885,0xC1AA,0x48A4,0x0062,0x1062,
0x1062,0xD5B9,0x91A9,0x8084,0x88E6,0x8885,0xA948,0x0000,0x626A,0xC34F,0x7803,0x88A5,
0x80C5,0x88C5,0x80A5,0x80A5,0x88E6,0x8906,0x8906,0x8084,0x91A8,0xA3D0,0x0841,0x10A2,
0x10A2,0x10A3,0x0000,0x6BAF,0xE7DF,0xC6BC,0xCEFD,0xCEFD,0xCEFD,0xC71D,0xC71D,0xC71D,
0xC73D,0xC73D,0xC73D,0xC73D,0xC73D,0xC73D,0xC73D,0xC73C,0xC73C,0xC73C,0xC73C,0xC73C,
0xC73C,0xC73B,0xC73B,0xC73B,0xC73B,0xC73B,0xC73B,0xC73A,0xC73A,0xC73A,0xC73A,0xC73A,
0xC73A,0xC739,0xC739,0xC739,0xC739,0xC739,0xC739,0xC738,0xC738,0xC738,0xC738,0xCF78,
0xD7B9,0xAE34,0xAE34,0xCF58,0xDFFA,0xCF78,0xDFD9,0xC716,0x5B2A,0xC756,0xCF56,0xC736,
0xC736,0xCF36,0xCF36,0xCF36,0xC736,0xE7F9,0x4AA8,0x0000,0x10C2,0x10A2,0x10A2,0x0861,
0x0020,0x2984,0x5B09,0xADF3,0xEFFA,0xE7FA,0x848E,0x9D71,0xEFFA,0xEFFA,0x9550,0x0000,
0x0840,0x10C2,0xCF37,0xDFB8,0xD757,0xD757,0xD757,0xD757,0xD757,0xD757,0xDF98,0xE7F9,
0xCE79,0xCE79,0xCE79,0xD6BA,0xDEFB,0xE71C,0xEF5D,0xEF5D,0xEF7D,0xF79E,0xF79E,0xF79E,
0xF79E,0xF79E,0xEF7D,0xEF7D,0xEF5D,0xEF5D,0xE73C,0xE73C,0xE71C,0xDEFB,0xDEDB,0xD6BA,
0xD6BA,0xD69A,0xD69A,0xD69A,0xD69A,0xD69A,0xD69A,0xD69A,0xD69A,0xD6BA,0xD6BA,0xD6BA,
0xDEDB,0xDEDB,0xDEDB,0xDEFB,0xDEFB,0xDEFB,0xE71C,0xE71C,0xE71C,0xE71C,0xE73C,0xE73C,
0xE73C,0xE73C,0xEF5D,0xEF5D,0xEF5D,0xEF5D,0xEF5D,0xEF5D,0xEF5D,0xEF5D,0xEF7D,0xEF7D,
0xEF7D,0xEF7D,0xEF7D,0xEF7D,0xEF7D,0xEF7D,0xEF7D,0xF79E,0xF79E,0xF79E,0xF79E,0xF79E,
0xF79E,0xF79E,0xF79E,0xF79E,0xF79E,0xF79E,0xF79E,0xF79E,0xF79E,0xEF7D,0xEF7D,0xEF5D,
0xEF5D,0xE73C,0xDEFB,0xDEDB,0xD69A,0xCE79,0xC638,0xBDF7,0xC618,0xCE59,0xC618,0xE697,
0xFFDA,0xFEF7,0xFEF7,0xFEF7,0xFEF7,0xFED7,0xFED7,0xFED7,0xFEB7,0xFEB7,0xFF59,0x3985,
0x0840,0x0000,0xAC6F,0xD3EE,0x8802,0x98A4,0x9864,0x9844,0x9824,0x9804,0x9803,0x9864,
0xD1A8,0x40A2,0x0861,0x2082,0x0000,0x4185,0xFD34,0x9802,0xA003,0xA003,0xA003,0xA003,
0xA803,0xA8A5,0x0861,0x1061,0xDACC,0xB024,0xA803,0xA803,0xA803,0xA803,0xA001,0xF36E,
0x61C7,0x0000,0x1882,0x1882,0x0000,0xABF0,0xDB8F,0x9801,0xA804,0xB003,0xB803,0xC803,
0xC803,0xC803,0xC803,0xC803,0xC003,0xB004,0xA804,0xA804,0xA804,0xA003,0xC968,0xB188,
0x0062,0x0000,0x82ED,0xE3D1,0x9001,0xA804,0xA004,0xA804,0x9803,0xC948,0x48A4,0x0062,
0x1041,0x18A3,0xD558,0x90A5,0x8804,0x9044,0x9004,0xA927,0x1062,0x10A3,0xCC12,0x9865,
0x8803,0x9044,0x9024,0x9024,0x9044,0x9044,0x9044,0x9064,0x8804,0x90C5,0xC3F1,0x1882,
0x0882,0x10A3,0x10A3,0x0862,0x0041,0xC65A,0xDF3E,0xCEBC,0xCEDC,0xCEFD,0xCEFD,0xCF1D,
0xC71D,0xC71D,0xC71D,0xC73D,0xC73D,0xC73D,0xC73D,0xC73D,0xC73D,0xC73D,0xC73C,0xC73C,
0xC73C,0xC73C,0xC73C,0xC73C,0xC73B,0xC73B,0xC73B,0xC73B,0xC73B,0xC73B,0xC73A,0xC73A,
0xC73A,0xC73A,0xC73A,0xC73A,0xC739,0xC739,0xC739,0xC739,0xC739,0xC738,0xC738,0xC718,
0xD7DA,0x530A,0x0000,0x0020,0x18E2,0x742D,0xCF78,0xC737,0x2164,0x0020,0xCF98,0xC736,
0xC736,0xC736,0xC736,0xC736,0xC716,0xD797,0xC6F5,0x0881,0x0881,0x10C2,0x10A2,0x10A1,
0x0040,0x9D71,0xE7F9,0xE7F9,0xDFD9,0xCF36,0xCF37,0xDFB8,0xDFB8,0xDF98,0xD757,0x18E2,
0x0860,0x0000,0x8CCF,0xEFFA,0xD737,0xD757,0xD757,0xD757,0xD757,0xD757,0xD737,0xEFFA,
0xD719,0xDEFB,0xCE59,0xD69A,0xDEDB,0xDEFB,0xE73C,0xEF5D,0xEF7D,0xEF7D,0xF79E,0xF79E,
0xF79E,0xF79E,0xF79E,0xF79E,0xEF7D,0xEF7D,0xEF5D,0xEF5D,0xE73C,0xE73C,0xE71C,0xDEFB,
0xDEFB,0xDEDB,0xDEDB,0xDEDB,0xD6BA,0xD6BA,0xD6BA,0xDEDB,0xDEDB,0xDEDB,0xDEDB,0xDEFB,
0xDEFB,0xDEFB,0xE71C,0xE71C,0xE71C,0xE73C,0xE73C,0xE73C,0xE73C,0xE73C,0xEF5D,0xEF5D,
0xEF5D,0xEF5D,0xEF5D,0xEF5D,0xEF5D,0xEF7D,0xEF7D,0xEF7D,0xEF7D,0xEF7D,0xEF7D,0xEF7D,
0xEF7D,0xEF7D,0xEF7D,0xF79E,0xF79E,0xF79E,0xF79E,0xF79E,0xF79E,0xF79E,0xF79E,0xF79E,
0xF79E,0xF79E,0xF79E,0xF79E,0xF79E,0xF79E,0xF79E,0xF79E,0xF79E,0xF79E,0xF79E,0xEF7D,
0xEF7D,0xEF5D,0xE73C,0xE71C,0xDEFB,0xD6BA,0xD69A,0xCE59,0xC638,0xBDF7,0xB5B6,0xB5B6,
0xCE59,0xF6F8,0xFFD9,0xF6F7,0xFEF7,0xFEF7,0xFEF7,0xFEF7,0xFED7,0xFED7,0xFEF7,0xFEF8,
0x18A2,0x1061,0x0000,0xCCF1,0xC2CA,0x9001,0xA023,0xA003,0xA003,0xA003,0xA003,0xA002,
0xA864,0xD947,0x3061,0x0861,0x20A2,0x0000,0x5A08,0xFC72,0x9801,0xA803,0xA803,0xA803,
0xA803,0xB803,0xA084,0x0881,0x0020,0x89C7,0xE9A9,0xA802,0xB003,0xB003,0xB803,0xA802,
0xD988,0xC30D,0x0000,0x1882,0x1041,0x1061,0xF556,0xC167,0xA802,0xB003,0xC003,0x8023,
0x6042,0x6043,0x6042,0x6042,0x6063,0xC0C6,0xC003,0xB003,0xB003,0xB003,0xB003,0xC085,
0xC968,0x1082,0x0000,0x934E,0xE2EE,0xA001,0xB003,0xB003,0xB003,0xA803,0xD8A7,0x4083,
0x0882,0x0841,0x28E4,0xDCF6,0x9803,0x9803,0x9803,0x9803,0xB0E7,0x18A2,0x0000,0x7A6B,
0xCA4B,0x9001,0x9803,0x9803,0x9803,0x9803,0x9803,0x9803,0x9803,0x9803,0x9002,0xD36F,
0x3925,0x0041,0x18A3,0x1082,0x10A3,0x0000,0x4A4A,0xEFBF,0xCEBC,0xCEDC,0xCEDC,0xCEFD,
0xCEFD,0xCEFD,0xCF1D,0xC71D,0xC71D,0xC71D,0xC73D,0xC73D,0xC73D,0xC73D,0xC73D,0xC73D,
0xC73C,0xC73C,0xC73C,0xC73C,0xC73C,0xC73C,0xC73C,0xC73B,0xC73B,0xC73B,0xC73B,0xC73B,
0xC73A,0xC73A,0xC73A,0xC73A,0xC73A,0xC73A,0xC739,0xC739,0xC739,0xC739,0xC739,0xC739,
0xC718,0xD7DB,0x4288,0x0000,0x0020,0x0000,0x0000,0x18E2,0x0881,0x0000,0x532A,0xDFF9,
0xC716,0xC736,0xC736,0xC736,0xC736,0xC716,0xE7F9,0x5B6A,0x0000,0x10C2,0x10A2,0x10E2,
0x0000,0x3A06,0xEFFA,0xCF57,0xCF16,0xCF36,0xCF57,0xCF57,0xCF36,0xCF57,0xE7F9,0x4287,
0x0000,0x0020,0x31C5,0xE7F9,0xD777,0xD757,0xD757,0xD757,0xD757,0xD757,0xD757,0xDF78,
0xE7F9,0xCE79,0xCE79,0xCE59,0xD6BA,0xDEDB,0xE71C,0xE73C,0xEF5D,0xEF7D,0xEF7D,0xF79E,
0xF79E,0xF79E,0xF79E,0xF79E,0xF79E,0xF79E,0xEF7D,0xEF7D,0xEF7D,0xEF5D,0xEF5D,0xE73C,
0xE73C,0xE71C,0xE71C,0xE71C,0xDEFB,0xDEFB,0xDEFB,0xDEFB,0xDEFB,0xE71C,0xE71C,0xE71C,
0xE71C,0xE73C,0xE73C,0xE73C,0xE73C,0xEF5D,0xEF5D,0xEF5D,0xEF5D,0xEF5D,0xEF5D,0xEF5D,
0xEF7D,0xEF7D,0xEF7D,0xEF7D,0xEF7D,0xEF7D,0xEF7D,0xEF7D,0xF79E,0xF79E,0xF79E,0xF79E,
0xF79E,0xF79E,0xF79E,0xF79E,0xF79E,0xF79E,0xF79E,0xF79E,0xF79E,0xF79E,0xF79E,0xF79E,
0xF79E,0xF79E,0xF79E,0xF79E,0xF79E,0xF79E,0xF79E,0xF79E,0xF79E,0xF79E,0xF79E,0xF79E,
0xF79E,0xEF7D,0xEF5D,0xEF5D,0xE73C,0xE71C,0xDEDB,0xD6BA,0xD69A,0xCE59,0xC618,0xBDF7,
0xB5B6,0xC618,0xCE16,0xFFD9,0xFF17,0xFF17,0xFF17,0xFEF7,0xFEF7,0xFEF7,0xF6D7,0xFF38,
0xE635,0x0820,0x1081,0x0840,0xE593,0xB9E7,0xA002,0xA803,0xA803,0xA803,0xA803,0xA803,
0xA002,0xB864,0xD106,0x1861,0x1082,0x18A2,0x0000,0x7AAA,0xF3CF,0xA001,0xB003,0xB003,
0xB003,0xB003,0xC804,0x9884,0x0082,0x0861,0x20A2,0xEA4A,0xC003,0xB803,0xC003,0xC003,
0xB803,0xC003,0xFB4E,0x30E4,0x0841,0x0000,0x59E8,0xFCB4,0xB002,0xB803,0xC003,0xC003,
0x5062,0x0082,0x0882,0x0882,0x0882,0x0020,0xBAED,0xD886,0xB002,0xB803,0xB803,0xB803,
0xC004,0xE148,0x30A3,0x0000,0xA34F,0xE24B,0xB001,0xB803,0xB803,0xB803,0xB003,0xE087,
0x3862,0x0882,0x0820,0x3966,0xE495,0x9802,0xA003,0xA003,0xA003,0xB0A6,0x1082,0x0042,
0x18A3,0xCB4F,0xA804,0xA003,0xA003,0xA003,0xA003,0xA003,0xA003,0x9803,0xA003,0x9001,
0xCA8C,0x724A,0x0020,0x18A3,0x1082,0x10A2,0x10A3,0x0000,0x94B3,0xEF7F,0xCEBC,0xCEDC,
0xCEDC,0xCEDC,0xCEFD,0xCEFD,0xCEFD,0xC71D,0xC71D,0xC71D,0xC71D,0xC73D,0xC73D,0xC73D,
0xC73D,0xC73D,0xC73D,0xC73C,0xC73C,0xC73C,0xC73C,0xC73C,0xC73C,0xC73C,0xC73B,0xC73B,
0xC73B,0xC73B,0xC73B,0xC73A,0xC73A,0xC73A,0xC73A,0xC73A,0xC73A,0xC739,0xC739,0xC739,
0xC739,0xC739,0xCF79,0xCF9A,0xAE75,0xAE55,0x638B,0x0860,0x0000,0x0000,0x4AC9,0xCF78,
0xCF78,0xC737,0xC737,0xC736,0xC736,0xC716,0xDFD8,0xAE33,0x0020,0x0881,0x10C2,0x10E2,
0x0860,0x0000,0x9D71,0xDFD8,0xCF16,0xCF36,0xCF36,0xCF36,0xCF57,0xCF36,0xEFFA,0x848E,
0x0000,0x0881,0x0861,0xBEB5,0xE7D9,0xCF37,0xD757,0xD757,0xD757,0xD757,0xD757,0xD737,
0xEFFA,0xD738,0xDEDB,0xC658,0xCE79,0xD6BA,0xDEFB,0xE71C,0xEF5D,0xEF5D,0xEF7D,0xF79E,
0xF79E,0xF79E,0xF79E,0xF79E,0xF79E,0xF79E,0xF79E,0xF79E,0xEF7D,0xEF7D,0xEF7D,0xEF5D,
0xEF5D,0xEF5D,0xEF5D,0xE73C,0xE73C,0xE73C,0xE73C,0xE73C,0xE73C,0xE73C,0xE73C,0xE73C,
0xE73C,0xEF5D,0xEF5D,0xEF5D,0xEF5D,0xEF5D,0xEF5D,0xEF7D,0xEF7D,0xEF7D,0xEF7D,0xEF7D,
0xEF7D,0xEF7D,0xEF7D,0xF79E,0xF79E,0xF79E,0xF79E,0xF79E,0xF79E,0xF79E,0xF79E,0xF79E,
0xF79E,0xF79E,0xF79E,0xF79E,0xF79E,0xF79E,0xF79E,0xF79E,0xF79E,0xF79E,0xF79E,0xF79E,
0xF79E,0xF79E,0xF79E,0xF79E,0xF79E,0xF79E,0xF79E,0xF79E,0xF79E,0xF79E,0xF79E,0xF79E,
0xF79E,0xF79E,0xEF7D,0xEF7D,0xEF5D,0xEF5D,0xE73C,0xDEFB,0xDEDB,0xD6BA,0xCE79,0xC638,
0xC618,0xBDD7,0xBDF7,0xBDD6,0xFF78,0xFF37,0xFF17,0xFF17,0xFF17,0xFF17,0xFEF7,0xF6D7,
0xFF99,0xCD93,0x0000,0x1081,0x18A2,0xEDB3,0xB8A4,0xB002,0xB003,0xB003,0xB003,0xB003,
0xB003,0xB002,0xD064,0xC8E6,0x0841,0x1082,0x18A2,0x0000,0x932B,0xF2AB,0xB001,0xC003,
0xB803,0xC003,0xC003,0xD004,0x8864,0x0061,0x1882,0x0020,0xA208,0xF0E6,0xC002,0xC803,
0xC803,0xC803,0xC002,0xF1E9,0xA2AB,0x0000,0x0000,0xC3D0,0xE28B,0xB802,0xC003,0xC803,
0xB004,0x3862,0x0882,0x1862,0x1862,0x1882,0x0000,0x9AAB,0xF1EA,0xB802,0xC003,0xC003,
0xC003,0xC003,0xE0E7,0x48C4,0x0000,0xCBD0,0xD9C9,0xB802,0xC004,0xC003,0xC003,0xC003,
0xD8A7,0x2082,0x1082,0x0000,0x41A7,0xEC12,0xA802,0xB003,0xB003,0xB003,0xB8C6,0x0882,
0x1082,0x0000,0x8A6B,0xDA4B,0xA002,0xA804,0xA803,0xA803,0xA803,0xA803,0xA003,0xA003,
0x9802,0xC127,0xBB2E,0x0041,0x1082,0x1082,0x1082,0x10A3,0x0841,0x0841,0xCE5B,0xE73F,
0xCE9C,0xCEBC,0xCEDC,0xCEDC,0xCEDC,0xCEFD,0xCEFD,0xCEFD,0xC71D,0xC71D,0xC73D,0xC73D,
0xC73D,0xC73D,0xC73D,0xC73D,0xC73D,0xC73D,0xC73C,0xC73C,0xC73C,0xC73C,0xC73C,0xC73C,
0xC73B,0xC73B,0xC73B,0xC73B,0xC73B,0xC73B,0xC73A,0xC73A,0xC73A,0xC73A,0xC73A,0xC73A,
0xC739,0xC739,0xC739,0xC739,0xC759,0xCF9A,0xD7DB,0xDFFC,0xB696,0x8D11,0xAE75,0xDFFA,
0xCF99,0xC737,0xC737,0xC737,0xC737,0xC716,0xCF57,0xD797,0x2164,0x0020,0x10E2,0x0860,
0x0000,0x0881,0x84AE,0xDFF9,0xCF36,0xCF36,0xCF36,0xCF36,0xCF36,0xCF16,0xE7F9,0xA5D2,
0x0000,0x0881,0x0000,0x8CEF,0xEFFA,0xCF36,0xD757,0xD757,0xD757,0xD757,0xD757,0xD757,
0xDF98,0xE7F9,0xCE79,0xCE79,0xCE59,0xD69A,0xDEDB,0xE71C,0xE73C,0xEF5D,0xEF7D,0xEF7D,
0xF79E,0xF79E,0xF79E,0xF79E,0xF79E,0xF79E,0xF79E,0xF79E,0xF79E,0xF79E,0xF79E,0xEF7D,
0xEF7D,0xEF7D,0xEF7D,0xEF5D,0xEF5D,0xEF5D,0xEF5D,0xEF5D,0xEF5D,0xEF5D,0xEF5D,0xEF5D,
0xEF5D,0xEF5D,0xEF5D,0xEF5D,0xEF7D,0xEF7D,0xEF7D,0xEF7D,0xEF7D,0xEF7D,0xEF7D,0xF79E,
0xF79E,0xF79E,0xF79E,0xF79E,0xF79E,0xF79E,0xF79E,0xF79E,0xF79E,0xF79E,0xF79E,0xF79E,
0xF79E,0xF79E,0xF79E,0xF79E,0xF79E,0xF79E,0xF79E,0xF79E,0xF79E,0xF79E,0xF79E,0xF79E,
0xF79E,0xF79E,0xF79E,0xF79E,0xF79E,0xF79E,0xF79E,0xF79E,0xF79E,0xF79E,0xF79E,0xF79E,
0xF79E,0xF79E,0xF79E,0xF79E,0xEF7D,0xEF7D,0xEF5D,0xE73C,0xE71C,0xDEFB,0xDEDB,0xD69A,
0xCE59,0xC638,0xBDD7,0xC638,0xCE17,0xFF99,0xFF17,0xFF17,0xFF17,0xFF17,0xFF17,0xFF17,
0xF6D7,0xFFDA,0xA44E,0x0000,0x0861,0x3144,0xFD52,0xB003,0xB803,0xB803,0xB803,0xB803,
0xB803,0xB803,0xB002,0xD865,0xB105,0x0061,0x1882,0x1882,0x0000,0xAB8D,0xF229,0xB802,
0xC803,0xC003,0xC803,0xC003,0xE004,0x7883,0x0061,0x2082,0x0041,0x5125,0xF209,0xD003,
0xD003,0xD003,0xD003,0xC803,0xD804,0xF36E,0x0041,0x28E3,0xFC93,0xD004,0xC803,0xC803,
0xD003,0xA004,0x2082,0x1082,0x1862,0x1062,0x1882,0x0000,0x824A,0xF2AC,0xC002,0xC003,
0xC803,0xC803,0xC003,0xE8A6,0x60E5,0x0000,0xD3F1,0xE107,0xC002,0xC804,0xC803,0xC803,
0xC803,0xD8E7,0x1882,0x1082,0x0000,0x6209,0xFB90,0xB802,0xC003,0xB803,0xC003,0xC0A6,
0x0882,0x1082,0x0842,0x28A3,0xE34F,0xB803,0xB003,0xB003,0xB003,0xA803,0xA803,0xA803,
0xA803,0xA803,0xA803,0xE32E,0x3925,0x0041,0x10A3,0x1082,0x1082,0x10A3,0x0020,0x2925,
0xD6DD,0xDEFE,0xCE9C,0xCEBC,0xCEDC,0xCEDC,0xCEDC,0xCEDC,0xCEFD,0xCEFD,0xCF1D,0xC71D,
0xC71D,0xC71D,0xC73D,0xC73D,0xC73D,0xC73D,0xC73D,0xC73D,0xC73D,0xC73C,0xC73C,0xC73C,
0xC73C,0xC73C,0xC73C,0xC73B,0xC73B,0xC73B,0xC73B,0xC73B,0xC73B,0xC73A,0xC73A,0xC73A,
0xC73A,0xC73A,0xC73A,0xC739,0xC739,0xC739,0xC719,0xC718,0xC718,0xCF9A,0xD7DA,0xD79A,
0xC738,0xC738,0xC738,0xC737,0xC737,0xC737,0xC737,0xE7FA,0x6BCC,0x0000,0x08A1,0x0000,
0x10E2,0x63AB,0xC716,0xDFF9,0xCF56,0xCF36,0xCF36,0xCF36,0xCF36,0xC716,0xE7F9,0xB653,
0x0881,0x0881,0x0000,0x638B,0xEFFA,0xCF57,0xCF57,0xCF57,0xD757,0xD757,0xD757,0xD757,
0xD737,0xEFFA,0xD6D8,0xDEDB,0xC638,0xCE79,0xD6BA,0xDEFB,0xE71C,0xE73C,0xEF5D,0xEF7D,
0xEF7D,0xF79E,0xF79E,0xF79E,0xF79E,0xF79E,0xF79E,0xF79E,0xF79E,0xF79E,0xF79E,0xF79E,
0xF79E,0xF79E,0xEF7D,0xEF7D,0xEF7D,0xEF7D,0xEF7D,0xEF7D,0xEF7D,0xEF7D,0xEF7D,0xEF7D,
0xEF7D,0xEF7D,0xEF7D,0xEF7D,0xEF7D,0xEF7D,0xEF7D,0xF79E,0xF79E,0xF79E,0xF79E,0xF79E,
0xF79E,0xF79E,0xF79E,0xF79E,0xF79E,0xF79E,0xF79E,0xF79E,0xF79E,0xF79E,0xF79E,0xF79E,
0xF79E,0xF79E,0xF79E,0xF79E,0xF79E,0xF79E,0xF79E,0xF79E,0xF79E,0xF79E,0xF79E,0xF79E,
0xF79E,0xF79E,0xF79E,0xF79E,0xF79E,0xF79E,0xF79E,0xF79E,0xF79E,0xF79E,0xF79E,0xF79E,
0xF79E,0xF79E,0xF79E,0xF79E,0xF79E,0xEF7D,0xEF7D,0xEF5D,0xEF5D,0xE73C,0xE71C,0xDEDB,
0xD6BA,0xCE79,0xC638,0xBDF7,0xDEDB,0xE6B8,0xFFFA,0xFF17,0xFF37,0xFF37,0xFF17,0xFF17,
0xFF17,0xF6F7,0xFFFA,0x7B6B,0x0000,0x0840,0x5A06,0xFCF0,0xB002,0xC003,0xC003,0xC003,
0xC003,0xC003,0xC003,0xB802,0xE045,0xB905,0x0061,0x18A2,0x1882,0x0000,0xCBCE,0xF167,
0xD802,0xD803,0xD803,0xD803,0xD803,0xF004,0x70A3,0x0061,0x2082,0x1061,0x1061,0xE1E9,
0xF004,0xD803,0xE003,0xE003,0xE003,0xD802,0xF20A,0x5125,0x7289,0xFBAF,0xD802,0xD803,
0xE003,0xE804,0x9044,0x0862,0x1082,0x1882,0x1862,0x18A2,0x0000,0x7229,0xFB2E,0xD802,
0xD804,0xD803,0xE003,0xD003,0xF006,0x8105,0x0000,0xE411,0xF066,0xD803,0xD804,0xD803,
0xD803,0xE004,0xE128,0x1862,0x1082,0x0000,0x7A8B,0xFB4F,0xD002,0xD804,0xD003,0xD003,
0xC0C7,0x0882,0x1062,0x1882,0x0000,0x926B,0xE28C,0xB802,0xB004,0xB003,0xB003,0xB003,
0xB003,0xB003,0xB003,0xA802,0xC968,0xC2CD,0x0041,0x0862,0x1082,0x1082,0x1082,0x10A3,
0x0000,0x4A29,0xEF5F,0xD6DD,0xCE9C,0xCEBC,0xCEBC,0xCEDC,0xCEDC,0xCEDC,0xCEFD,0xCEFD,
0xCEFD,0xCF1D,0xC71D,0xC71D,0xC71D,0xC73D,0xC73D,0xC73D,0xC73D,0xC73D,0xC73D,0xC73C,
0xC73C,0xC73C,0xC73C,0xC73C,0xC73C,0xC73C,0xC73B,0xC73B,0xC73B,0xC73B,0xC73B,0xC73A,
0xC73A,0xC73A,0xC73A,0xC73A,0xC73A,0xC739,0xC739,0xC739,0xC739,0xC739,0xC738,0xC718,
0xC738,0xC738,0xC738,0xC738,0xC738,0xC737,0xC717,0xDFFA,0x9DD2,0x0020,0x0040,0x0040,
0x742D,0xCF77,0xDFF9,0xD797,0xC716,0xC736,0xCF36,0xCF36,0xCF36,0xC716,0xDFF9,0xBEB5,
0x10A1,0x0040,0x0000,0x4246,0xDFD9,0xD777,0xCF36,0xCF57,0xCF57,0xCF57,0xD757,0xD757,
0xCF37,0xE7D9,0xDFB9,0xCE59,0xC638,0xCE59,0xD69A,0xDEDB,0xDEFB,0xE73C,0xEF5D,0xEF7D,
0xEF7D,0xF79E,0xF79E,0xF79E,0xF79E,0xF79E,0xF79E,0xF79E,0xF79E,0xF79E,0xF79E,0xF79E,
0xF79E,0xF79E,0xF79E,0xF79E,0xF79E,0xF79E,0xEF7D,0xEF7D,0xEF7D,0xEF7D,0xEF7D,0xEF7D,
0xEF7D,0xEF7D,0xEF7D,0xF79E,0xF79E,0xF79E,0xF79E,0xF79E,0xF79E,0xF79E,0xF79E,0xF79E,
0xF79E,0xF79E,0xF79E,0xF79E,0xF79E,0xF79E,0xF79E,0xF79E,0xF79E,0xF79E,0xF79E,0xF79E,
0xF79E,0xF79E,0xF79E,0xF79E,0xF79E,0xF79E,0xF79E,0xF79E,0xF79E,0xF79E,0xF79E,0xF79E,
0xF79E,0xF79E,0xF79E,0xF79E,0xF79E,0xF79E,0xF79E,0xF79E,0xF79E,0xF79E,0xF79E,0xF79E,
0xF79E,0xF79E,0xF79E,0xF79E,0xF79E,0xF79E,0xF79E,0xEF7D,0xEF7D,0xEF5D,0xE73C,0xE71C,
0xDEFB,0xD6BA,0xD69A,0xC658,0xDEDB,0xD678,0xFFB8,0xFF57,0xFF17,0xFF37,0xFF37,0xFF37,
0xFF37,0xFF17,0xFF17,0xFFDA,0x41C5,0x0840,0x0020,0x8309,0xFC6E,0xB802,0xC803,0xC803,
0xC803,0xC803,0xC803,0xC803,0xC003,0xE825,0xB125,0x0041,0x20A2,0x0861,0x28C2,0xFC70,
0xF0C5,0xE003,0xD804,0xD803,0xD803,0xD003,0xF005,0x88C4,0x0061,0x1882,0x1882,0x0041,
0x8966,0xF066,0xD003,0xD804,0xD003,0xD004,0xD803,0xE025,0xCA09,0xE36E,0xF147,0xD003,
0xC804,0xC803,0xD804,0x9064,0x0062,0x1862,0x1862,0x1862,0x1882,0x0000,0xA2CC,0xF2CC,
0xC802,0xC804,0xC803,0xD004,0xC803,0xE005,0xA8E6,0x1082,0xFB6F,0xE005,0xD803,0xD004,
0xD004,0xD004,0xD804,0xE908,0x2082,0x1062,0x0000,0xBB4E,0xF28C,0xD803,0xD804,0xD804,
0xE004,0xD8C7,0x0882,0x1062,0x1882,0x0042,0x3083,0xE34F,0xC004,0xB803,0xB804,0xB003,
0xB003,0xB003,0xB803,0xB003,0xB003,0xB002,0xE28C,0x79E9,0x0001,0x1082,0x1082,0x1082,
0x1082,0x10A3,0x0000,0x528B,0xEF3F,0xD6DD,0xCE9C,0xCEBC,0xCEBC,0xCEBC,0xCEDC,0xCEDC,
0xCEDC,0xCEFD,0xCEFD,0xCEFD,0xC71D,0xC71D,0xC71D,0xC73D,0xC73D,0xC73D,0xC73D,0xC73D,
0xC73D,0xC73D,0xC73C,0xC73C,0xC73C,0xC73C,0xC73C,0xC73C,0xC73C,0xC73B,0xC73B,0xC73B,
0xC73B,0xC73B,0xC73A,0xC73A,0xC73A,0xC73A,0xC73A,0xC73A,0xC739,0xC739,0xC739,0xC739,
0xC739,0xC739,0xC738,0xC738,0xC738,0xC738,0xC738,0xCF79,0xCF78,0x2144,0x0000,0x0020,
0x9551,0xE7FA,0xCF57,0xC716,0xC716,0xC736,0xC736,0xC736,0xC736,0xC716,0xDFF9,0xB674,
0x10E2,0x0040,0x0020,0x29A5,0xD797,0xD798,0xCF36,0xCF57,0xCF57,0xCF57,0xCF57,0xCF57,
0xCF37,0xCF37,0xE7F9,0xC678,0xD69A,0xC638,0xCE79,0xD6BA,0xDEFB,0xE71C,0xE73C,0xEF5D,
0xEF7D,0xEF7D,0xF79E,0xF79E,0xF79E,0xF79E,0xF79E,0xF79E,0xF79E,0xF79E,0xF79E,0xF79E,
0xF79E,0xF79E,0xF79E,0xF79E,0xF79E,0xF79E,0xF79E,0xF79E,0xF79E,0xF79E,0xF79E,0xF79E,
0xF79E,0xF79E,0xF79E,0xF79E,0xF79E,0xF79E,0xF79E,0xF79E,0xF79E,0xF79E,0xF79E,0xF79E,
0xF79E,0xF79E,0xF79E,0xF79E,0xF79E,0xF79E,0xF79E,0xF79E,0xF79E,0xF79E,0xF79E,0xF79E,
0xF79E,0xF79E,0xF79E,0xF79E,0xF79E,0xF79E,0xF79E,0xF79E,0xF79E,0xF79E,0xF79E,0xF79E,
0xF79E,0xF79E,0xF79E,0xF79E,0xF79E,0xF79E,0xF79E,0xF79E,0xF79E,0xF79E,0xF79E,0xF79E,
0xF79E,0xF79E,0xF79E,0xF79E,0xF79E,0xF79E,0xF79E,0xF79E,0xEF7D,0xEF7D,0xEF5D,0xE73C,
0xE71C,0xDEFB,0xD6BA,0xD699,0xDEFB,0xD699,0xFFB9,0xFFB8,0xFF37,0xFF37,0xFF37,0xFF37,
0xFF37,0xFF37,0xFF17,0xFF99,0xEE95,0x0840,0x18A1,0x0000,0xBC4E,0xF32B,0xC002,0xD003,
0xD003,0xD003,0xD003,0xD003,0xC803,0xC803,0xE804,0xD166,0x0081,0x1081,0x0861,0x5165,
0x6985,0x4841,0x6863,0x5882,0x5862,0x5882,0x5062,0x7083,0x50A3,0x0861,0x1882,0x1862,
0x1081,0x1862,0x3082,0x3882,0x4082,0x3882,0x3082,0x3882,0x3042,0x4882,0x50C3,0x3021,
0x3082,0x3082,0x3082,0x4082,0x3882,0x1062,0x1862,0x1882,0x1862,0x1862,0x0861,0x4125,
0x3082,0x2862,0x3083,0x3062,0x3062,0x3862,0x4063,0x4883,0x1862,0x4883,0x3042,0x3883,
0x3883,0x4063,0x4863,0x4863,0x6084,0x1862,0x1062,0x1862,0x5146,0x4042,0x4863,0x5083,
0x5883,0x6863,0x88C5,0x1882,0x1062,0x1062,0x1082,0x0000,0xB9C9,0xF32F,0xD003,0xC804,
0xC003,0xB803,0xB803,0xB803,0xB803,0xB804,0xB003,0xC004,0xEB0E,0x5987,0x0000,0x1083,
0x1082,0x1082,0x1082,0x10A3,0x0000,0x528B,0xEF5F,0xDEDD,0xCE9C,0xD6BC,0xCEBC,0xCEBC,
0xCEDC,0xCEDC,0xCEDC,0xCEDC,0xCEFD,0xCEFD,0xCF1D,0xC71D,0xC71D,0xC73D,0xC73D,0xC73D,
0xC73D,0xC73D,0xC73D,0xC73D,0xC73D,0xC73C,0xC73C,0xC73C,0xC73C,0xC73C,0xC73C,0xC73B,
0xC73B,0xC73B,0xC73B,0xC73B,0xC73B,0xC73A,0xC73A,0xC73A,0xC73A,0xC73A,0xC73A,0xC739,
0xC739,0xC739,0xC739,0xC739,0xC739,0xC738,0xC738,0xC718,0xE7FB,0x532A,0x0000,0x0000,
0x8D31,0xE7FA,0xC716,0xC716,0xC737,0xC736,0xC736,0xC736,0xC736,0xC736,0xE7F9,0xAE53,
0x0881,0x0040,0x0000,0x2984,0xD777,0xD7B8,0xCF36,0xCF36,0xCF36,0xCF57,0xCF57,0xCF57,
0xCF57,0xCF37,0xEFFA,0xD6F8,0xD6BA,0xC618,0xCE59,0xD69A,0xDEDB,0xDEFB,0xE73C,0xEF5D,
0xEF5D,0xEF7D,0xF79E,0xF79E,0xF79E,0xF79E,0xF79E,0xF79E,0xF79E,0xF79E,0xF79E,0xF79E,
0xF79E,0xF79E,0xF79E,0xF79E,0xF79E,0xF79E,0xF79E,0xF79E,0xF79E,0xF79E,0xF79E,0xF79E,
0xF79E,0xF79E,0xF79E,0xF79E,0xF79E,0xF79E,0xF79E,0xF79E,0xF79E,0xF79E,0xF79E,0xF79E,
0xF79E,0xF79E,0xF79E,0xF79E,0xF79E,0xF79E,0xF79E,0xF79E,0xF79E,0xF79E,0xF79E,0xF79E,
0xF79E,0xF79E,0xF79E,0xF79E,0xF79E,0xF79E,0xF79E,0xF79E,0xF79E,0xF79E,0xF79E,0xF79E,
0xF79E,0xF79E,0xF79E,0xF79E,0xF79E,0xF79E,0xF79E,0xF79E,0xF79E,0xF79E,0xF79E,0xF79E,
0xF79E,0xF79E,0xF79E,0xF79E,0xF79E,0xF79E,0xF79E,0xF79E,0xF79E,0xEF7D,0xEF7D,0xEF5D,
0xE73C,0xE71C,0xDEFB,0xD6BA,0xE73C,0xDEBA,0xFFD9,0xFFD9,0xFF37,0xFF37,0xFF37,0xFF37,
0xFF37,0xFF37,0xFF37,0xFF17,0xFFFA,0x736B,0x0000,0x10A1,0x1081,0xF551,0xE105,0xD002,
0xD003,0xD003,0xD803,0xE003,0xE803,0xE804,0xF004,0xF003,0xF106,0xA166,0x1061,0x1881,
0x1061,0x0041,0x0881,0x0081,0x0081,0x0081,0x0861,0x0881,0x0061,0x0861,0x1082,0x1882,
0x1881,0x1882,0x1082,0x0882,0x0882,0x0882,0x0882,0x0882,0x0882,0x1082,0x0882,0x0882,
0x10A2,0x1082,0x10A2,0x1082,0x1082,0x1082,0x1882,0x1882,0x18A2,0x18A2,0x18A2,0x1882,
0x1062,0x1082,0x1082,0x1082,0x1082,0x1082,0x0882,0x0882,0x0882,0x1082,0x0882,0x0882,
0x0882,0x0882,0x0882,0x0862,0x0862,0x0862,0x1062,0x1862,0x1062,0x0841,0x0862,0x0882,
0x0862,0x0062,0x0062,0x0862,0x1062,0x1062,0x1062,0x1862,0x0862,0x3082,0xA1A8,0xB024,
0xC004,0xD004,0xD804,0xD004,0xD004,0xC803,0xC003,0xB803,0xB803,0xC825,0xE30E,0x5967,
0x0020,0x1082,0x1082,0x1082,0x1082,0x10A3,0x0000,0x526A,0xE6FF,0xDEDE,0xCE7C,0xD6BC,
0xCEBC,0xCEBC,0xCEBC,0xCEDC,0xCEDC,0xCEDC,0xCEDC,0xCEFD,0xCEFD,0xCF1D,0xC71D,0xC71D,
0xC71D,0xC73D,0xC73D,0xC73D,0xC73D,0xC73D,0xC73D,0xC73D,0xC73C,0xC73C,0xC73C,0xC73C,
0xC73C,0xC73C,0xC73B,0xC73B,0xC73B,0xC73B,0xC73B,0xC73B,0xC73A,0xC73A,0xC73A,0xC73A,
0xC73A,0xC73A,0xC739,0xC739,0xC739,0xC739,0xC739,0xC718,0xDFFC,0xA614,0x0000,0x0000,
0x6BEC,0xDFFB,0xC737,0xC737,0xC737,0xC737,0xC737,0xC736,0xC716,0xCF56,0xE7F9,0x9550,
0x0861,0x0040,0x0000,0x31C5,0xCF56,0xDFB8,0xCF36,0xCF36,0xCF36,0xCF36,0xCF36,0xCF36,
0xCF57,0xCF36,0xE7F9,0xDF98,0xCE59,0xC638,0xC658,0xCE79,0xD6BA,0xDEFB,0xE71C,0xE73C,
0xEF5D,0xEF7D,0xEF7D,0xF79E,0xF79E,0xF79E,0xF79E,0xF79E,0xF79E,0xF79E,0xF79E,0xF79E,
0xF79E,0xF79E,0xF79E,0xF79E,0xF79E,0xF79E,0xF79E,0xF79E,0xF79E,0xF79E,0xF79E,0xF79E,
0xF79E,0xF79E,0xF79E,0xF79E,0xF79E,0xF79E,0xF79E,0xF79E,0xF79E,0xF79E,0xF79E,0xF79E,
0xF79E,0xF79E,0xF79E,0xF79E,0xF79E,0xF79E,0xF79E,0xF79E,0xF79E,0xF79E,0xF79E,0xF79E,
0xF79E,0xF79E,0xF79E,0xF79E,0xF79E,0xF79E,0xF79E,0xF79E,0xF79E,0xF79E,0xF79E,0xF79E,
0xF79E,0xF79E,0xF79E,0xF79E,0xF79E,0xF79E,0xF79E,0xF79E,0xF79E,0xF79E,0xF79E,0xF79E,
0xF79E,0xF79E,0xF79E,0xF79E,0xF79E,0xF79E,0xF79E,0xF79E,0xF79E,0xF79E,0xEF7D,0xEF5D,
0xEF5D,0xE73C,0xE71C,0xDEDB,0xEF5D,0xDEFB,0xFFD9,0xFFD9,0xFF37,0xFF57,0xFF57,0xFF37,
0xFF37,0xFF37,0xFF37,0xFF17,0xFFD9,0xE6B5,0x0840,0x1881,0x0020,0x6A67,0xFCAF,0xD802,
0xE003,0xE804,0xF004,0xF004,0xE804,0xD003,0xC003,0xA823,0x6882,0x5062,0x50A2,0x18A2,
0x1081,0x1882,0x18A2,0x18A2,0x20A2,0x20A2,0x20A2,0x20A2,0x20A2,0x2082,0x1882,0x1882,
0x1061,0x1061,0x1061,0x1041,0x1041,0x1041,0x1041,0x1041,0x0821,0x0820,0x0800,0x0000,
0x0800,0x0000,0x0000,0x0000,0x0000,0x0000,0x0000,0x0000,0x0000,0x0000,0x0000,0x0000,
0x0000,0x0000,0x0000,0x0000,0x0000,0x0000,0x0000,0x0000,0x0000,0x0800,0x0000,0x0800,
0x0820,0x0821,0x1041,0x1041,0x1041,0x1041,0x1041,0x1061,0x1062,0x1062,0x1862,0x1862,
0x1882,0x1883,0x1883,0x1883,0x18A3,0x1883,0x1883,0x1882,0x1862,0x1882,0x0862,0x0041,
0x1862,0x3083,0x4883,0x6083,0x9044,0xA804,0xC004,0xD804,0xD804,0xD004,0xC003,0xC805,
0xEB0E,0x61C8,0x0021,0x0882,0x18A3,0x1082,0x1082,0x10A3,0x0000,0x39A7,0xDE9D,0xE71F,
0xCE5B,0xD69C,0xD6BC,0xCEBC,0xCEBC,0xCEBC,0xCEDC,0xCEDC,0xCEDC,0xCEFD,0xCEFD,0xCEFD,
0xC71D,0xC71D,0xC71D,0xC71D,0xC73D,0xC73D,0xC73D,0xC73D,0xC73D,0xC73D,0xC73C,0xC73C,
0xC73C,0xC73C,0xC73C,0xC73C,0xC73C,0xC73B,0xC73B,0xC73B,0xC73B,0xC73B,0xC73A,0xC73A,
0xC73A,0xC73A,0xC73A,0xC73A,0xC739,0xC739,0xC739,0xC719,0xD7BA,0xA635,0x0000,0x0000,
0x6C0D,0xDFFB,0xC758,0xC738,0xC737,0xC737,0xC737,0xC737,0xC716,0xCF98,0xDFF9,0x742D,
0x0000,0x0860,0x0000,0x3A26,0xD797,0xD7B8,0xC716,0xCF36,0xCF36,0xCF36,0xCF36,0xCF36,
0xCF36,0xCF36,0xD797,0xDFD8,0xC638,0xCE79,0xC618,0xCE79,0xD69A,0xDEDB,0xDEFB,0xE73C,
0xEF5D,0xEF5D,0xEF7D,0xF79E,0xF79E,0xF79E,0xF79E,0xF79E,0xF79E,0xF79E,0xF79E,0xF79E,
0xF79E,0xF79E,0xF79E,0xF79E,0xF79E,0xF79E,0xF79E,0xF79E,0xF79E,0xF79E,0xF79E,0xF79E,
0xF79E,0xF79E,0xF79E,0xF79E,0xF79E,0xF79E,0xF79E,0xF79E,0xF79E,0xF79E,0xF79E,0xF79E,
0xF79E,0xF79E,0xF79E,0xF79E,0xF79E,0xF79E,0xF79E,0xF79E,0xF79E,0xF79E,0xF79E,0xF79E,
0xF79E,0xF79E,0xF79E,0xF79E,0xF79E,0xF79E,0xF79E,0xF79E,0xF79E,0xF79E,0xF79E,0xF79E,
0xF79E,0xF79E,0xF79E,0xF79E,0xF79E,0xF79E,0xF79E,0xF79E,0xF79E,0xF79E,0xF79E,0xF79E,
0xF79E,0xF79E,0xF79E,0xF79E,0xF79E,0xF79E,0xF79E,0xF79E,0xF79E,0xF79E,0xEF7D,0xEF7D,
0xEF5D,0xE73C,0xE71C,0xDEFB,0xEF5D,0xE71B,0xFFB9,0xFFF9,0xFF37,0xFF57,0xFF57,0xFF57,
0xFF57,0xFF57,0xFF37,0xFF37,0xFF78,0xFFD9,0x3985,0x0020,0x18C2,0x0020,0xDCCF,0xF228,
0xF003,0xF004,0xD003,0xA043,0x7882,0x50A2,0x38A2,0x20A2,0x10C2,0x08C2,0x10C2,0x08C2,
0x18A2,0x18A2,0x1081,0x0841,0x0820,0x0000,0x0000,0x0000,0x0000,0x0000,0x0000,0x0000,
0x0000,0x0800,0x0820,0x0841,0x0841,0x1041,0x1061,0x1081,0x1882,0x20C2,0x28E4,0x3945,
0x4186,0x4186,0x4186,0x4186,0x41A6,0x41A6,0x49A7,0x41A6,0x49A6,0x49A7,0x49A7,0x49A7,
0x49A7,0x49A7,0x49A7,0x49A7,0x41A7,0x4186,0x41A6,0x4186,0x4186,0x4186,0x3966,0x3945,
0x3125,0x3104,0x20A3,0x18A3,0x1062,0x1061,0x1061,0x1041,0x0821,0x0820,0x0000,0x0000,
0x0000,0x0000,0x0000,0x0000,0x0000,0x0000,0x0000,0x0000,0x0821,0x1041,0x1062,0x1882,
0x18A3,0x10A3,0x10A3,0x0882,0x0082,0x0882,0x1882,0x2882,0x4883,0x8043,0xA024,0xC804,
0xD803,0xE004,0xF2AD,0x8A4A,0x0041,0x0021,0x1082,0x1083,0x1082,0x18A3,0x0000,0x2104,
0xC5FA,0xEF3F,0xD67C,0xCE7C,0xD69C,0xCEBC,0xCEBC,0xCEBC,0xCEBC,0xCEDC,0xCEDC,0xCEDC,
0xCEFD,0xCEFD,0xCEFD,0xC71D,0xC71D,0xC71D,0xC73D,0xC73D,0xC73D,0xC73D,0xC73D,0xC73D,
0xC73D,0xC73C,0xC73C,0xC73C,0xC73C,0xC73C,0xC73C,0xC73C,0xC73B,0xC73B,0xC73B,0xC73B,
0xC73B,0xC73A,0xC73A,0xC73A,0xC73A,0xC73A,0xC73A,0xC739,0xC739,0xC759,0x4288,0x3A48,
0xA615,0xDFFB,0xC759,0xC738,0xC738,0xC738,0xC738,0xC737,0xC737,0xDFFA,0xCF78,0x4267,
0x0000,0x0861,0x0000,0x52E9,0xDFF8,0xD797,0xC736,0xCF36,0xCF36,0xCF36,0xCF36,0xCF36,
0xCF36,0xCF36,0xCF57,0xE7F9,0xC657,0xD6BA,0xC618,0xCE59,0xD69A,0xD6BA,0xDEFB,0xE71C,
0xEF5D,0xEF5D,0xEF7D,0xEF7D,0xF79E,0xF79E,0xF79E,0xF79E,0xF79E,0xF79E,0xF79E,0xF79E,
0xF79E,0xF79E,0xF79E,0xF79E,0xF79E,0xF79E,0xF79E,0xF79E,0xF79E,0xF79E,0xF79E,0xF79E,
0xF79E,0xF79E,0xF79E,0xF79E,0xF79E,0xF79E,0xF79E,0xF79E,0xF79E,0xF79E,0xF79E,0xF79E,
0xF79E,0xF79E,0xF79E,0xF79E,0xF79E,0xF79E,0xF79E,0xF79E,0xF79E,0xF79E,0xF79E,0xF79E,
0xF79E,0xF79E,0xF79E,0xF79E,0xF79E,0xF79E,0xF79E,0xF79E,0xF79E,0xF79E,0xF79E,0xF79E,
0xF79E,0xF79E,0xF79E,0xF79E,0xF79E,0xF79E,0xF79E,0xF79E,0xF79E,0xF79E,0xF79E,0xF79E,
0xF79E,0xF79E,0xF79E,0xF79E,0xF79E,0xF79E,0xF79E,0xF79E,0xF79E,0xF79E,0xF79E,0xEF7D,
0xEF5D,0xEF5D,0xE73C,0xDEFB,0xE73C,0xE73C,0xFFD9,0xFFF9,0xFF37,0xFF57,0xFF57,0xFF57,
0xFF57,0xFF57,0xFF57,0xFF37,0xFF57,0xFFFB,0x732A,0x0000,0x20E2,0x0020,0x82E8,0xFCEF,
0xC003,0x8062,0x48A2,0x20A2,0x18C2,0x10C2,0x10C2,0x08A1,0x0861,0x0000,0x0000,0x0000,
0x0000,0x0000,0x0000,0x0840,0x20C2,0x3124,0x5207,0x6268,0x834B,0xA40E,0xA40E,0xB470,
0xD533,0xDD74,0xDD74,0xE595,0xF5D6,0xF5F6,0xFE17,0xFE38,0xFE38,0xFE38,0xFE58,0xFE59,
0xFE79,0xFE9A,0xFE9A,0xFE9A,0xFE9A,0xFE9B,0xFE9B,0xFEBB,0xFE9B,0xFE9B,0xFE9B,0xFE9B,
0xFE9B,0xFE9B,0xFE9B,0xFE9B,0xFE9B,0xFE9B,0xFE9C,0xFE9C,0xFE9C,0xFE9C,0xFE9C,0xFE7B,
0xFE7B,0xFE5B,0xFE5B,0xFE3B,0xFE1B,0xFE1A,0xFE1A,0xFDFA,0xF5DA,0xEDB9,0xE578,0xDD37,
0xD537,0xD517,0xCCD5,0xAC12,0x9BB1,0x8B2E,0x624A,0x51E8,0x4187,0x28E4,0x1882,0x0800,
0x0000,0x0000,0x0000,0x0000,0x0000,0x0841,0x1062,0x10A3,0x10A3,0x08A3,0x0882,0x0882,
0x2883,0x48A3,0x8023,0xB803,0xF24B,0xDB6F,0x4966,0x0000,0x0041,0x18A3,0x1082,0x18A3,
0x0020,0x0000,0x83F1,0xF73F,0xE6DE,0xD67C,0xD69C,0xD69C,0xCEBC,0xCEBC,0xCEBC,0xCEDC,
0xCEDC,0xCEDC,0xCEDC,0xCEFD,0xCEFD,0xCF1D,0xC71D,0xC71D,0xC71D,0xC73D,0xC73D,0xC73D,
0xC73D,0xC73D,0xC73D,0xC73D,0xC73C,0xC73C,0xC73C,0xC73C,0xC73C,0xC73C,0xC73B,0xC73B,
0xC73B,0xC73B,0xC73B,0xC73B,0xC73A,0xC73A,0xC73A,0xC73A,0xC73A,0xC73A,0xC75A,0xD7BB,
0xDFFC,0xD7DB,0xC739,0xC738,0xC738,0xC738,0xC738,0xC717,0xCF99,0xE7FB,0x9571,0x10A2,
0x0000,0x0020,0x0000,0x7C8E,0xDFF9,0xCF57,0xC716,0xC736,0xC736,0xC736,0xCF36,0xCF36,
0xCF36,0xCF36,0xCF36,0xE7FA,0xC6B7,0xD6BA,0xC618,0xC638,0xCE79,0xD6BA,0xDEDB,0xE71C,
0xE73C,0xEF5D,0xEF7D,0xEF7D,0xF79E,0xF79E,0xF79E,0xF79E,0xF79E,0xF79E,0xF79E,0xF79E,
0xF79E,0xF79E,0xF79E,0xF79E,0xF79E,0xF79E,0xF79E,0xF79E,0xF79E,0xF79E,0xF79E,0xF79E,
0xF79E,0xF79E,0xF79E,0xF79E,0xF79E,0xF79E,0xF79E,0xF79E,0xF79E,0xF79E,0xF79E,0xF79E,
0xF79E,0xF79E,0xF79E,0xF79E,0xF79E,0xF79E,0xF79E,0xF79E,0xF79E,0xF79E,0xF79E,0xF79E,
0xF79E,0xF79E,0xF79E,0xF79E,0xF79E,0xF79E,0xF79E,0xF79E,0xF79E,0xF79E,0xF79E,0xF79E,
0xF79E,0xF79E,0xF79E,0xF79E,0xF79E,0xF79E,0xF79E,0xF79E,0xF79E,0xF79E,0xF79E,0xF79E,
0xF79E,0xF79E,0xF79E,0xF79E,0xF79E,0xF79E,0xF79E,0xF79E,0xF79E,0xF79E,0xF79E,0xEF7D,
0xEF7D,0xEF5D,0xE73C,0xE71C,0xDEFB,0xF79E,0xFFB9,0xFFFA,0xFF37,0xFF57,0xFF57,0xFF57,
0xFF57,0xFF57,0xFF57,0xFF57,0xFF57,0xFFFA,0x942D,0x0000,0x18A2,0x10A1,0x3103,0x92E9,
0x4103,0x0881,0x10E2,0x08C2,0x0881,0x0020,0x0000,0x0000,0x0000,0x20C2,0x41E6,0x6AEA,
0x940D,0xA46F,0xB4F0,0xDDD4,0xEE76,0xFEF8,0xFF39,0xFF9A,0xFF9A,0xFF7A,0xFF5A,0xFF39,
0xFEF9,0xFED8,0xFE98,0xFE78,0xFE58,0xFE37,0xFE37,0xFE17,0xFE17,0xFE17,0xFE17,0xF5F7,
0xF5F7,0xF5F7,0xF5D7,0xF5D7,0xF5D7,0xF5D7,0xF5D7,0xF5D7,0xF5D7,0xF5D7,0xF5D7,0xF5D8,
0xF5D8,0xF5D8,0xF5D8,0xF5D8,0xF5D8,0xF5D8,0xF5D8,0xF5D8,0xF5D8,0xF5D8,0xF5D8,0xF5D8,
0xF5D9,0xF5D9,0xF5D9,0xF5D9,0xF5D9,0xF5FA,0xF5FA,0xF5FA,0xFDFA,0xFDFA,0xFE1A,0xFE1B,
0xFE3B,0xFE3B,0xFE3B,0xFE5C,0xFE5C,0xFE7D,0xFE9D,0xFE9E,0xFEBE,0xFE7D,0xFE3C,0xF5FA,
0xDD38,0xCCD6,0xA3D1,0x8B4F,0x6A8B,0x41A7,0x20C4,0x0020,0x0000,0x0000,0x0000,0x0841,
0x1082,0x08A3,0x08A3,0x08A3,0x1062,0x3841,0x8987,0xCB2E,0xA2ED,0x3105,0x0021,0x0841,
0x1082,0x18A3,0x0841,0x0000,0x4209,0xC5DA,0xF75F,0xDEBD,0xCE5C,0xD69C,0xD69C,0xCEBC,
0xCEBC,0xCEBC,0xCEDC,0xCEDC,0xCEDC,0xCEFD,0xCEFD,0xCEFD,0xCF1D,0xC71D,0xC71D,0xC71D,
0xC73D,0xC73D,0xC73D,0xC73D,0xC73D,0xC73D,0xC73C,0xC73C,0xC73C,0xC73C,0xC73C,0xC73C,
0xC73C,0xC73B,0xC73B,0xC73B,0xC73B,0xC73B,0xC73A,0xC73A,0xC73A,0xC73A,0xC73A,0xC73A,
0xC719,0xC719,0xC719,0xC739,0xC739,0xC739,0xC718,0xCF79,0xE7FC,0xBEF7,0x4AE9,0x0000,
0x0020,0x0000,0x2164,0xA613,0xDFFA,0xC737,0xC716,0xC736,0xC736,0xC736,0xC736,0xC736,
0xC736,0xCF36,0xC736,0xE7F9,0xCED7,0xD69A,0xC618,0xC638,0xCE79,0xD6BA,0xDEDB,0xDEFB,
0xE73C,0xEF5D,0xEF5D,0xEF7D,0xEF7D,0xF79E,0xF79E,0xF79E,0xF79E,0xF79E,0xF79E,0xF79E,
0xF79E,0xF79E,0xF79E,0xF79E,0xF79E,0xF79E,0xF79E,0xF79E,0xF79E,0xF79E,0xF79E,0xF79E,
0xF79E,0xF79E,0xF79E,0xF79E,0xF79E,0xF79E,0xF79E,0xF79E,0xF79E,0xF79E,0xF79E,0xF79E,
0xF79E,0xF79E,0xF79E,0xF79E,0xF79E,0xF79E,0xF79E,0xF79E,0xF79E,0xF79E,0xF79E,0xF79E,
0xF79E,0xF79E,0xF79E,0xF79E,0xF79E,0xF79E,0xF79E,0xF79E,0xF79E,0xF79E,0xF79E,0xF79E,
0xF79E,0xF79E,0xF79E,0xF79E,0xF79E,0xF79E,0xF79E,0xF79E,0xF79E,0xF79E,0xF79E,0xF79E,
0xF79E,0xF79E,0xF79E,0xF79E,0xF79E,0xF79E,0xF79E,0xF79E,0xF79E,0xF79E,0xF79E,0xEF7D,
0xEF7D,0xEF5D,0xEF5D,0xE73C,0xDEFB,0xF79E,0xF77A,0xFFFA,0xFF37,0xFF57,0xFF57,0xFF57,
0xFF57,0xFF57,0xFF57,0xFF57,0xFF37,0xFFFA,0xA4CF,0x0000,0x18A1,0x18A2,0x18C2,0x20E2,
0x0881,0x0040,0x0020,0x0000,0x0000,0x1081,0x39A5,0x732A,0xACCF,0xE654,0xFF38,0xFFD9,
0xFFFA,0xFFFA,0xFFDA,0xFF99,0xFF79,0xFF38,0xFEF7,0xFEB7,0xF6B7,0xF676,0xF676,0xF676,
0xF656,0xF656,0xF656,0xF656,0xF636,0xF636,0xF616,0xF5F6,0xF5F6,0xF5F6,0xF5F7,0xF5F7,
0xF5F7,0xF5F7,0xF5F7,0xF5F7,0xF5F7,0xF5F7,0xF5F7,0xF5F7,0xF5F7,0xF5F7,0xF5F8,0xF5F8,
0xF5F8,0xF5F8,0xF5F8,0xF5F8,0xF5F8,0xF5F8,0xF5F8,0xF5F8,0xF5D8,0xF5D8,0xF5D8,0xF5D9,
0xF5D9,0xF5D9,0xF5D9,0xF5D9,0xF5D9,0xF5D9,0xF5D9,0xF5D9,0xF5D9,0xF5D9,0xF5D9,0xF5D9,
0xF5B9,0xF5B9,0xEDB9,0xEDB9,0xEDB9,0xEDB9,0xEDB9,0xED99,0xED99,0xEDB9,0xEDBA,0xF5DA,
0xF5FB,0xFE1C,0xFE3C,0xFE7D,0xFE9D,0xFE9E,0xFE7D,0xFE1B,0xDD58,0xAC74,0x7B2E,0x41C8,
0x18C3,0x0821,0x0000,0x0000,0x0000,0x0862,0x08A3,0x0062,0x0841,0x5187,0x9ACD,0x6A4A,
0x28E4,0x0862,0x0882,0x1082,0x1082,0x0000,0x0021,0x7B90,0xDEBD,0xEF3F,0xDE9D,0xCE5C,
0xCE9C,0xD6BC,0xCEBC,0xCEBC,0xCEBC,0xCEDC,0xCEDC,0xCEDC,0xCEFD,0xCEFD,0xCEFD,0xC71D,
0xC71D,0xC71D,0xC71D,0xC73D,0xC73D,0xC73D,0xC73D,0xC73D,0xC73D,0xC73C,0xC73C,0xC73C,
0xC73C,0xC73C,0xC73C,0xC73C,0xC73B,0xC73B,0xC73B,0xC73B,0xC73B,0xC73A,0xC73A,0xC73A,
0xC73A,0xC73A,0xC73A,0xC739,0xC739,0xC719,0xCF7A,0xDFFC,0xCF59,0x742E,0x0881,0x0000,
0x0000,0x0000,0x638B,0xD7B9,0xDFFA,0xC717,0xC737,0xC737,0xC737,0xC736,0xC736,0xC736,
0xC736,0xC736,0xC736,0xE7F9,0xCEF7,0xCE79,0xC618,0xC618,0xCE59,0xD69A,0xD6BA,0xDEFB,
0xE71C,0xE73C,0xEF5D,0xEF7D,0xEF7D,0xF79E,0xF79E,0xF79E,0xF79E,0xF79E,0xF79E,0xF79E,
0xF79E,0xF79E,0xF79E,0xF79E,0xF79E,0xF79E,0xF79E,0xF79E,0xF79E,0xF79E,0xF79E,0xF79E,
0xF79E,0xF79E,0xF79E,0xF79E,0xF79E,0xF79E,0xF79E,0xF79E,0xF79E,0xF79E,0xF79E,0xF79E,
0xF79E,0xF79E,0xF79E,0xF79E,0xF79E,0xF79E,0xF79E,0xF79E,0xF79E,0xF79E,0xF79E,0xF79E,
0xF79E,0xF79E,0xF79E,0xF79E,0xF79E,0xF79E,0xF79E,0xF79E,0xF79E,0xF79E,0xF79E,0xF79E,
0xF79E,0xF79E,0xF79E,0xF79E,0xF79E,0xF79E,0xF79E,0xF79E,0xF79E,0xF79E,0xF79E,0xF79E,
0xF79E,0xF79E,0xF79E,0xF79E,0xF79E,0xF79E,0xF79E,0xF79E,0xF79E,0xF79E,0xF79E,0xF79E,
0xEF7D,0xEF7D,0xEF5D,0xE73C,0xE71B,0xEF5D,0xE71B,0xFFF9,0xFF57,0xFF57,0xFF57,0xFF57,
0xFF57,0xFF57,0xFF57,0xFF57,0xFF37,0xFFFA,0xC591,0x0000,0x18A2,0x20E2,0x18A1,0x0820,
0x0000,0x0000,0x1081,0x4A06,0x8C0C,0xD613,0xFF58,0xFFD9,0xFFFA,0xFFFA,0xFFB9,0xFF58,
0xFF17,0xF6F7,0xF6F6,0xF6D6,0xF6D7,0xF6D7,0xFED7,0xFED7,0xFED7,0xFED7,0xFEB7,0xFEB7,
0xFEB7,0xFEB7,0xFE97,0xFE97,0xFE77,0xFE77,0xF657,0xF637,0xF636,0xF616,0xF5F6,0xF5F6,
0xF5F6,0xF5F7,0xF5F7,0xF5F7,0xF5F7,0xF5F7,0xF5F7,0xF5F7,0xF5F7,0xF5F7,0xF5F7,0xF5F7,
0xF5F7,0xF5F8,0xF5F8,0xF5F8,0xF5F8,0xF5F8,0xF5F8,0xF5F8,0xF5F8,0xF5F8,0xF5D8,0xF5D8,
0xF5D8,0xF5D8,0xF5D9,0xF5D9,0xF5D9,0xF5D9,0xF5D9,0xF5D9,0xF5D9,0xF5D9,0xF5D9,0xF5D9,
0xF5D9,0xF5D9,0xF5D9,0xF5D9,0xF5D9,0xF5D9,0xF5DA,0xF5DA,0xF5DA,0xF5DA,0xF5DA,0xF5DA,
0xF5DA,0xF5DA,0xEDBA,0xEDB9,0xED99,0xED99,0xED99,0xEDBA,0xF5DB,0xFE1C,0xFE7D,0xFE9E,
0xFE9E,0xF65D,0xDDDA,0xA453,0x6ACD,0x3146,0x0841,0x0000,0x0000,0x0000,0x0000,0x0041,
0x2905,0x61E9,0x5187,0x20A3,0x1062,0x1082,0x18A3,0x0862,0x0000,0x1082,0x83F1,0xE6DE,
0xF75F,0xDEBD,0xCE7C,0xCE9C,0xCEBC,0xCEBC,0xCEBC,0xCEBC,0xCEDC,0xCEDC,0xCEDC,0xCEFD,
0xCEFD,0xCEFD,0xC71D,0xC71D,0xC71D,0xC73D,0xC73D,0xC73D,0xC73D,0xC73D,0xC73D,0xC73D,
0xC73C,0xC73C,0xC73C,0xC73C,0xC73C,0xC73C,0xC73B,0xC73B,0xC73B,0xC73B,0xC73B,0xC73B,
0xC73A,0xC73A,0xC73A,0xBF1A,0xC719,0xCF9B,0xDFFD,0xCF9B,0x742E,0x10C2,0x0000,0x0000,
0x0000,0x3206,0xB696,0xDFFB,0xCF78,0xC717,0xC737,0xC737,0xC737,0xC737,0xC737,0xC737,
0xC736,0xC716,0xC736,0xE7F9,0xCEF7,0xCE79,0xC618,0xC618,0xCE59,0xD69A,0xD6BA,0xDEFB,
0xE71C,0xE73C,0xEF5D,0xEF7D,0xEF7D,0xF79E,0xF79E,0xF79E,0xF79E,0xF79E,0xF79E,0xF79E,
0xF79E,0xF79E,0xF79E,0xF79E,0xF79E,0xF79E,0xF79E,0xF79E,0xF79E,0xF79E,0xF79E,0xF79E,
0xF79E,0xF79E,0xF79E,0xF79E,0xF79E,0xF79E,0xF79E,0xF79E,0xF79E,0xF79E,0xF79E,0xF79E,
0xF79E,0xF79E,0xF79E,0xF79E,0xF79E,0xF79E,0xF79E,0xF79E,0xF79E,0xF79E,0xF79E,0xF79E,
0xF79E,0xF79E,0xF79E,0xF79E,0xF79E,0xF79E,0xF79E,0xF79E,0xF79E,0xF79E,0xF79E,0xF79E,
0xF79E,0xF79E,0xF79E,0xF79E,0xF79E,0xF79E,0xF79E,0xF79E,0xF79E,0xF79E,0xF79E,0xF79E,
0xF79E,0xF79E,0xF79E,0xF79E,0xF79E,0xF79E,0xF79E,0xF79E,0xF79E,0xF79E,0xF79E,0xF79E,
0xF79E,0xEF7D,0xEF5D,0xEF5D,0xE71C,0xDEFB,0xF79E,0xFFBA,0xFFFA,0xFF37,0xFF57,0xFF57,
0xFF57,0xFF57,0xFF57,0xFF57,0xFF37,0xFFFB,0xC5D2,0x0840,0x0840,0x0820,0x0000,0x0000,
0x3984,0x8BCC,0xC5B2,0xFF37,0xFFFA,0xFFFA,0xFFF9,0xFF78,0xFF37,0xF716,0xF716,0xFF17,
0xFF37,0xFF37,0xFF17,0xFF37,0xFF17,0xFF17,0xFF17,0xFEF7,0xFEF7,0xFEF7,0xFED7,0xFED7,
0xFED7,0xFEB7,0xFEB7,0xFEB7,0xFE97,0xFE97,0xFE77,0xFE77,0xFE57,0xF657,0xF637,0xF636,
0xF616,0xF5F6,0xF5F6,0xF5F7,0xF5F7,0xF5F7,0xF5F7,0xF5F7,0xF5F7,0xF5F7,0xF5F7,0xF5F7,
0xF5F7,0xF5F7,0xF5F7,0xF5F8,0xF5F8,0xF5F8,0xF5F8,0xF5F8,0xF5F8,0xF5F8,0xF5F8,0xF5F8,
0xF5F8,0xF5D8,0xF5D8,0xF5D8,0xF5D8,0xF5D9,0xF5D9,0xF5D9,0xF5D9,0xF5D9,0xF5D9,0xF5D9,
0xF5D9,0xF5D9,0xF5D9,0xF5D9,0xF5D9,0xF5D9,0xF5D9,0xF5D9,0xF5D9,0xF5DA,0xF5DA,0xF5DA,
0xF5DA,0xF5DA,0xF5DA,0xF5DA,0xF5DA,0xF5DA,0xF5DA,0xF5DA,0xF5DA,0xF5DA,0xEDBA,0xED99,
0xED99,0xEDBA,0xEDFB,0xF63C,0xFE9E,0xFEDF,0xF69E,0xD5DA,0xA495,0x732E,0x39A7,0x1062,
0x0000,0x0000,0x0000,0x1062,0x20C3,0x18A3,0x10A3,0x1082,0x1082,0x10A3,0x0821,0x0000,
0x20E4,0x7BB0,0xD65C,0xF75F,0xE71F,0xD6BC,0xCE7B,0xCE9C,0xCEBC,0xCEBC,0xCEDC,0xCEDC,
0xCEDC,0xCEDC,0xCEFD,0xCEFD,0xCF1D,0xC71D,0xC71D,0xC71D,0xC73D,0xC73D,0xC73D,0xC73D,
0xC73D,0xC73D,0xC73D,0xC73C,0xC73C,0xC73C,0xC73C,0xC73C,0xC73C,0xC73B,0xC73B,0xC73B,
0xC73B,0xC71A,0xBF1A,0xC75B,0xD7DD,0xDFFE,0xBF19,0x6BEE,0x1903,0x0000,0x0000,0x0000,
0x29A5,0x9552,0xDFFB,0xD7DA,0xC718,0xC738,0xC738,0xC738,0xC738,0xC737,0xC737,0xC737,
0xC737,0xC716,0xC737,0xE7FA,0xC6D7,0xCE79,0xC618,0xC618,0xCE59,0xCE79,0xD6BA,0xDEDB,
0xE71C,0xE73C,0xEF5D,0xEF5D,0xEF7D,0xF79E,0xF79E,0xF79E,0xF79E,0xF79E,0xF79E,0xF79E,
0xF79E,0xF79E,0xF79E,0xF79E,0xF79E,0xF79E,0xF79E,0xF79E,0xF79E,0xF79E,0xF79E,0xF79E,
0xF79E,0xF79E,0xF79E,0xF79E,0xF79E,0xF79E,0xF79E,0xF79E,0xF79E,0xF79E,0xF79E,0xF79E,
0xF79E,0xF79E,0xF79E,0xF79E,0xF79E,0xF79E,0xF79E,0xF79E,0xF79E,0xF79E,0xF79E,0xF79E,
0xF79E,0xF79E,0xF79E,0xF79E,0xF79E,0xF79E,0xF79E,0xF79E,0xF79E,0xF79E,0xF79E,0xF79E,
0xF79E,0xF79E,0xF79E,0xF79E,0xF79E,0xF79E,0xF79E,0xF79E,0xF79E,0xF79E,0xF79E,0xF79E,
0xF79E,0xF79E,0xF79E,0xF79E,0xF79E,0xF79E,0xF79E,0xF79E,0xF79E,0xF79E,0xF79E,0xF79E,
0xF79E,0xEF7D,0xEF7D,0xEF5D,0xE73C,0xE71C,0xDEFB,0xE71C,0xFFF9,0xFF98,0xFF57,0xFF57,
0xFF57,0xFF57,0xFF57,0xFF57,0xFF77,0xFFFB,0xC591,0x0000,0x0000,0x1081,0x4A06,0x8C0C,
0xDE74,0xFFF9,0xFFFA,0xFFF9,0xFF98,0xFF37,0xF716,0xFF17,0xFF37,0xFF37,0xFF37,0xFF37,
0xFF37,0xFF37,0xFF37,0xFF37,0xFF17,0xFF17,0xFF17,0xFF17,0xFF17,0xFEF7,0xFEF7,0xFEF7,
0xFEF7,0xFED7,0xFED7,0xFED7,0xFEB7,0xFEB7,0xFEB7,0xFE97,0xFE97,0xFE77,0xFE77,0xFE57,
0xF657,0xF637,0xF636,0xF616,0xF5F6,0xF5F6,0xF5F7,0xF5F7,0xF5F7,0xF5F7,0xF5F7,0xF5F7,
0xF5F7,0xF5F7,0xF5F7,0xF5F7,0xF5F7,0xF5F7,0xF5F8,0xF5F8,0xF5F8,0xF5F8,0xF5F8,0xF5F8,
0xF5F8,0xF5F8,0xF5F8,0xF5F8,0xF5D8,0xF5D8,0xF5D8,0xF5D8,0xF5D9,0xF5D9,0xF5D9,0xF5D9,
0xF5D9,0xF5D9,0xF5D9,0xF5D9,0xF5D9,0xF5D9,0xF5D9,0xF5D9,0xF5D9,0xF5D9,0xF5D9,0xF5D9,
0xF5DA,0xF5DA,0xF5DA,0xF5DA,0xF5DA,0xF5DA,0xF5DA,0xF5DA,0xF5DA,0xF5DA,0xF5DA,0xF5DA,
0xF5DA,0xF5DA,0xF5DA,0xF5BA,0xEDDA,0xE5DA,0xDDDA,0xE5FB,0xEE3C,0xF69E,0xFEDF,0xF6BF,
0xDE1B,0xACB5,0x6ACD,0x39A7,0x10A3,0x0000,0x0000,0x0021,0x1082,0x18A3,0x18A3,0x18A3,
0x18A3,0x0821,0x0000,0x0841,0x62ED,0xB578,0xE6FE,0xEF5F,0xE71E,0xD6BC,0xCE9C,0xCE9C,
0xCEBC,0xCEDC,0xCEDC,0xCEDC,0xCEFD,0xCEFD,0xCF1D,0xCF1D,0xC71D,0xC71D,0xC71D,0xC73D,
0xC73D,0xC73D,0xC75D,0xC75D,0xC73D,0xC73C,0xC73C,0xC73C,0xC73C,0xC73C,0xBF3B,0xBF1B,
0xBF1B,0xC75C,0xD7BD,0xDFFF,0xCF9C,0xA5F6,0x532B,0x08A2,0x0000,0x0000,0x0000,0x29A5,
0x84D1,0xD7DB,0xDFFC,0xC739,0xC718,0xC738,0xC738,0xC738,0xC738,0xC738,0xC738,0xC737,
0xC737,0xC717,0xCF78,0xDFFA,0xBE97,0xD69A,0xC618,0xC618,0xCE59,0xCE79,0xD6BA,0xDEDB,
0xDEFB,0xE73C,0xEF5D,0xEF5D,0xEF7D,0xEF7D,0xF79E,0xF79E,0xF79E,0xF79E,0xF79E,0xF79E,
0xF79E,0xF79E,0xF79E,0xF79E,0xF79E,0xF79E,0xF79E,0xF79E,0xF79E,0xF79E,0xF79E,0xF79E,
0xF79E,0xF79E,0xF79E,0xF79E,0xF79E,0xF79E,0xF79E,0xF79E,0xF79E,0xF79E,0xF79E,0xF79E,
0xF79E,0xF79E,0xF79E,0xF79E,0xF79E,0xF79E,0xF79E,0xF79E,0xF79E,0xF79E,0xF79E,0xF79E,
0xF79E,0xF79E,0xF79E,0xF79E,0xF79E,0xF79E,0xF79E,0xF79E,0xF79E,0xF79E,0xF79E,0xF79E,
0xF79E,0xF79E,0xF79E,0xF79E,0xF79E,0xF79E,0xF79E,0xF79E,0xF79E,0xF79E,0xF79E,0xF79E,
0xF79E,0xF79E,0xF79E,0xF79E,0xF79E,0xF79E,0xF79E,0xF79E,0xF79E,0xF79E,0xF79E,0xF79E,
0xF79E,0xF79E,0xEF7D,0xEF7D,0xEF5D,0xE73C,0xDEFB,0xEF5D,0xE6FA,0xFFD9,0xFF57,0xFF57,
0xFF57,0xFF57,0xFF57,0xFF57,0xFF57,0xFFB8,0x9C6E,0x0000,0x41C5,0xA4CF,0xF716,0xFFFA,
0xFFFA,0xFFD9,0xFF57,0xF736,0xFF37,0xFF37,0xFF57,0xFF57,0xFF57,0xFF37,0xFF37,0xFF37,
0xFF37,0xFF37,0xFF37,0xFF37,0xFF37,0xFF37,0xFF37,0xFF17,0xFF17,0xFF17,0xFF17,0xFF17,
0xFEF7,0xFEF7,0xFEF7,0xFEF7,0xFED7,0xFED7,0xFED7,0xFEB7,0xFEB7,0xFE97,0xFE97,0xFE97,
0xFE77,0xFE77,0xF657,0xF657,0xF637,0xF616,0xF5F6,0xF5F6,0xF5D6,0xF5F6,0xF5D6,0xF5D6,
0xF5D7,0xF5D7,0xF5F7,0xF5F7,0xF5F7,0xF5F7,0xF5F7,0xF5F7,0xF5F7,0xF5D7,0xF5D7,0xF5F7,
0xF5F8,0xF5D8,0xF5D8,0xF5D8,0xF5D8,0xF5D8,0xF5D8,0xF5D8,0xF5D8,0xF5D8,0xF5D8,0xF5D8,
0xF5D8,0xF5D9,0xF5D9,0xF5D9,0xF5D9,0xF5D9,0xF5D9,0xF5D9,0xF5D9,0xF5D9,0xF5D9,0xF5D9,
0xF5D9,0xF5D9,0xF5D9,0xF5DA,0xF5DA,0xF5DA,0xF5DA,0xF5DA,0xF5DA,0xF5DA,0xF5DA,0xF5DA,
0xF5DA,0xF5DA,0xF5DA,0xF5DA,0xF5DA,0xF5DA,0xEDDA,0xEDDA,0xE5FB,0xE5DB,0xDDDA,0xDDDA,
0xDDFB,0xE65C,0xF6BE,0xF6DF,0xF6BE,0xDE1C,0xACB5,0x62CC,0x2925,0x0020,0x0000,0x0000,
0x0000,0x1062,0x18A3,0x18C4,0x1062,0x0000,0x0000,0x2925,0x73B0,0xBD98,0xE6FE,0xEF5F,
0xEF7F,0xE73F,0xD6FD,0xD6DC,0xCEBC,0xC6BC,0xC6BC,0xC6BC,0xC6DC,0xC6DC,0xC6FC,0xC6FC,
0xC6FC,0xC71C,0xBF1C,0xBF1C,0xBF1C,0xBF1C,0xBF1C,0xBF1C,0xBF3C,0xC73C,0xCF7D,0xD7DE,
0xDFFF,0xDFFF,0xCFBD,0xAE38,0x63CE,0x2145,0x0000,0x0000,0x0000,0x0040,0x3A48,0x9594,
0xD7FC,0xDFFD,0xC75A,0xC719,0xC739,0xC739,0xC739,0xC739,0xC738,0xC738,0xC738,0xC738,
0xC738,0xC717,0xD7B9,0xDFD9,0xBE57,0xD69A,0xBDF7,0xC618,0xCE59,0xCE79,0xD6BA,0xDEDB,
0xDEFB,0xE71C,0xE73C,0xEF5D,0xEF7D,0xEF7D,0xF79E,0xF79E,0xF79E,0xF79E,0xF79E,0xF79E,
0xF79E,0xF79E,0xF79E,0xF79E,0xF79E,0xF79E,0xF79E,0xF79E,0xF79E,0xF79E,0xF79E,0xF79E,
0xF79E,0xF79E,0xF79E,0xF79E,0xF79E,0xF79E,0xF79E,0xF79E,0xF79E,0xF79E,0xF79E,0xF79E,
0xF79E,0xF79E,0xF79E,0xF79E,0xF79E,0xF79E,0xF79E,0xF79E,0xF79E,0xF79E,0xF79E,0xF79E,
0xF79E,0xF79E,0xF79E,0xF79E,0xF79E,0xF79E,0xF79E,0xF79E,0xF79E,0xF79E,0xF79E,0xF79E,
0xF79E,0xF79E,0xF79E,0xF79E,0xF79E,0xF79E,0xF79E,0xF79E,0xF79E,0xF79E,0xF79E,0xF79E,
0xF79E,0xF79E,0xF79E,0xF79E,0xF79E,0xF79E,0xF79E,0xF79E,0xF79E,0xF79E,0xF79E,0xF79E,
0xF79E,0xF79E,0xF79E,0xEF7D,0xEF5D,0xEF5D,0xE71C,0xDEFB,0xEF5D,0xE6FA,0xFFF9,0xFF57,
0xFF57,0xFF57,0xFF57,0xFF57,0xFF57,0xFF77,0xF6F6,0xB510,0xEEB5,0xFFFA,0xFFFA,0xFFB8,
0xFF57,0xF736,0xFF37,0xFF57,0xFF57,0xFF57,0xFF57,0xFF57,0xFF57,0xFF57,0xFF57,0xFF57,
0xFF37,0xFF37,0xFF37,0xFF37,0xFF37,0xFF37,0xFF37,0xFF37,0xFF37,0xFF37,0xFF17,0xFF17,
0xFF17,0xFF17,0xFEF7,0xF6F7,0xF6D7,0xF6D7,0xF6D7,0xF6D7,0xF6B7,0xF6B7,0xF697,0xF697,
0xFE97,0xFE97,0xFE97,0xFE97,0xFE97,0xFE77,0xFE97,0xFE77,0xFE57,0xFE58,0xFE58,0xFE58,
0xFE58,0xFE58,0xFE58,0xFE79,0xFE79,0xFE79,0xFE79,0xFE79,0xFE79,0xFE79,0xFE79,0xFE59,
0xFE59,0xFE5A,0xFE7A,0xFE7A,0xFE5A,0xFE5A,0xFE5A,0xFE5A,0xFE3A,0xFE3A,0xFE3A,0xFE19,
0xFE19,0xFE19,0xF5F9,0xF5F9,0xF5F9,0xF5D9,0xF5B9,0xEDD8,0xEDB9,0xEDB9,0xEDB9,0xEDB9,
0xEDB9,0xF5D9,0xF5B9,0xF5D9,0xF5D9,0xF5DA,0xF5DA,0xF5DA,0xF5DA,0xF5DA,0xF5DA,0xF5DA,
0xF5DA,0xF5DA,0xF5DA,0xF5DA,0xF5DA,0xF5DA,0xF5DA,0xF5DA,0xF5DA,0xEDDA,0xEDDB,0xE5FB,
0xE5FB,0xE5FB,0xDDFB,0xDDFB,0xD5FB,0xDE1B,0xE65C,0xEEBE,0xF6FF,0xEE9E,0xCDBA,0xA495,
0x62ED,0x3166,0x0841,0x0000,0x0000,0x0000,0x0862,0x1082,0x0841,0x0000,0x0020,0x2125,
0x4229,0x7BF1,0xAD77,0xCE9C,0xE73F,0xE77F,0xEF9F,0xE79F,0xE79F,0xE79F,0xDFBF,0xDFBF,
0xDFBF,0xDFBF,0xDFBF,0xDFDF,0xDFFF,0xDFFF,0xDFFF,0xDFFF,0xDFFF,0xD7FF,0xD7DF,0xC75D,
0xA638,0x7451,0x4289,0x1924,0x0000,0x0000,0x0000,0x0000,0x2165,0x742F,0xB6B9,0xD7FD,
0xD7FD,0xC73A,0xC719,0xC73A,0xC73A,0xC739,0xC739,0xC739,0xC739,0xC739,0xC739,0xC738,
0xC738,0xC738,0xDFFB,0xD799,0xBE17,0xCE79,0xBDF7,0xC618,0xCE59,0xCE79,0xD6BA,0xDEDB,
0xDEFB,0xE71C,0xE73C,0xEF5D,0xEF7D,0xEF7D,0xEF7D,0xF79E,0xF79E,0xF79E,0xF79E,0xF79E,
0xF79E,0xF79E,0xF79E,0xF79E,0xF79E,0xF79E,0xF79E,0xF79E,0xF79E,0xF79E,0xF79E,0xF79E,
0xF79E,0xF79E,0xF79E,0xF79E,0xF79E,0xF79E,0xF79E,0xF79E,0xF79E,0xF79E,0xF79E,0xF79E,
0xF79E,0xF79E,0xF79E,0xF79E,0xF79E,0xF79E,0xF79E,0xF79E,0xF79E,0xF79E,0xF79E,0xF79E,
0xF79E,0xF79E,0xF79E,0xF79E,0xF79E,0xF79E,0xF79E,0xF79E,0xF79E,0xF79E,0xF79E,0xF79E,
0xF79E,0xF79E,0xF79E,0xF79E,0xF79E,0xF79E,0xF79E,0xF79E,0xF79E,0xF79E,0xF79E,0xF79E,
0xF79E,0xF79E,0xF79E,0xF79E,0xF79E,0xF79E,0xF79E,0xF79E,0xF79E,0xF79E,0xF79E,0xF79E,
0xF79E,0xF79E,0xF79E,0xF79E,0xEF7D,0xEF5D,0xE73C,0xE71C,0xDEFB,0xE71C,0xDEFA,0xFFF9,
0xFF77,0xFF57,0xFF57,0xFF57,0xFF57,0xFF57,0xFF77,0xFF77,0xFFF9,0xFFB8,0xFF57,0xF736,
0xFF57,0xFF57,0xFF57,0xFF57,0xFF57,0xFF57,0xFF57,0xFF57,0xFF57,0xFF57,0xFF57,0xFF57,
0xFF57,0xFF57,0xFF37,0xFF37,0xFF37,0xFF37,0xFF17,0xFF17,0xFF17,0xFF17,0xFF17,0xFF17,
0xFF17,0xFF37,0xFF57,0xFF58,0xFF78,0xFF79,0xFF99,0xFF99,0xFF99,0xFFBA,0xFF9A,0xFFBA,
0xFF79,0xFF39,0xFF18,0xFF18,0xFF18,0xFEF8,0xFED8,0xFEB8,0xFEB8,0xFEB8,0xFE78,0xFE78,
0xFE58,0xFE58,0xFE58,0xFE58,0xF638,0xF618,0xF618,0xF618,0xF618,0xF618,0xF618,0xF618,
0xF618,0xF618,0xF618,0xF618,0xF619,0xF619,0xF619,0xF619,0xFE39,0xFE39,0xFE39,0xFE3A,
0xFE3A,0xFE3A,0xFE5A,0xFE5A,0xFE3A,0xFE3A,0xFE5A,0xFE7B,0xFE9C,0xFE9C,0xFE9C,0xFE7B,
0xFE7C,0xFE5B,0xFE3B,0xFE1A,0xF5FA,0xF5D9,0xEDD9,0xEDB9,0xEDB9,0xEDD9,0xEDB9,0xF5DA,
0xF5DA,0xF5DA,0xF5DA,0xF5DA,0xF5DA,0xF5DA,0xF5DA,0xF5DA,0xF5DA,0xF5DA,0xF5DA,0xF5DA,
0xEDDA,0xEDDB,0xE5FB,0xE5FB,0xE5FB,0xDDFB,0xDE1B,0xDE1B,0xD5FB,0xD5FB,0xDE3C,0xE67D,
0xEEDE,0xF6DF,0xEEBE,0xD61B,0xA495,0x6B0E,0x4209,0x18C4,0x0020,0x0000,0x0000,0x0000,
0x0000,0x0000,0x0000,0x0000,0x1062,0x2946,0x4229,0x634E,0x7C11,0x94F5,0x9D15,0x9D35,
0x9D56,0x9D56,0x9D96,0xA5B7,0x9D76,0x9556,0x9556,0x8D14,0x7451,0x63AF,0x426A,0x2986,
0x0862,0x0000,0x0000,0x0000,0x0000,0x0041,0x31E7,0x5B8D,0x9DD6,0xD7BD,0xDFFE,0xCFBD,
0xC73B,0xC71A,0xC73A,0xC73A,0xC73A,0xC73A,0xC73A,0xC73A,0xC739,0xC739,0xC739,0xC739,
0xC718,0xCF79,0xDFFC,0xC6F8,0xC618,0xCE59,0xBDF7,0xC618,0xCE59,0xCE79,0xD6BA,0xDEDB,
0xDEFB,0xE71C,0xE73C,0xEF5D,0xEF5D,0xEF7D,0xF79E,0xF79E,0xF79E,0xF79E,0xF79E,0xF79E,
0xF79E,0xF79E,0xF79E,0xF79E,0xF79E,0xF79E,0xF79E,0xF79E,0xF79E,0xF79E,0xF79E,0xF79E,
0xF79E,0xF79E,0xF79E,0xF79E,0xF79E,0xF79E,0xF79E,0xF79E,0xF79E,0xF79E,0xF79E,0xF79E,
0xF79E,0xF79E,0xF79E,0xF79E,0xF79E,0xF79E,0xF79E,0xF79E,0xF79E,0xF79E,0xF79E,0xF79E,
0xF79E,0xF79E,0xF79E,0xF79E,0xF79E,0xF79E,0xF79E,0xF79E,0xF79E,0xF79E,0xF79E,0xF79E,
0xF79E,0xF79E,0xF79E,0xF79E,0xF79E,0xF79E,0xF79E,0xF79E,0xF79E,0xF79E,0xF79E,0xF79E,
0xF79E,0xF79E,0xF79E,0xF79E,0xF79E,0xF79E,0xF79E,0xF79E,0xF79E,0xF79E,0xF79E,0xF79E,
0xF79E,0xF79E,0xF79E,0xF79E,0xF79E,0xEF7D,0xEF5D,0xE73C,0xE71C,0xDEFB,0xD6BA,0xDEDB,
0xFFF9,0xFFB8,0xFF57,0xFF57,0xFF57,0xFF57,0xFF57,0xFF57,0xFF57,0xFF37,0xFF57,0xFF57,
0xFF57,0xFF57,0xFF57,0xFF57,0xFF57,0xFF57,0xFF57,0xFF57,0xFF57,0xFF57,0xFF57,0xFF57,
0xFF57,0xFF37,0xFF37,0xFF37,0xFF37,0xFF37,0xFF78,0xFFB9,0xFFF9,0xFFFA,0xFFFA,0xFFFA,
0xFFFA,0xFFB9,0xFFB8,0xFFB9,0xFF99,0xFF58,0xFF38,0xF6F8,0xEED7,0xE677,0xDE57,0xD616,
0xCDF6,0xC5F6,0xC5D6,0xC5D6,0xBDD6,0xBDD6,0xBDD7,0xBDD7,0xBDD7,0xBDD7,0xBDD7,0xBDF7,
0xBDF7,0xBDF7,0xBDF7,0xBDF7,0xC618,0xC638,0xC638,0xC638,0xC638,0xC638,0xC638,0xC638,
0xC638,0xC638,0xC638,0xC638,0xC638,0xC638,0xC638,0xC638,0xC638,0xC618,0xBDF7,0xBDF7,
0xBDD7,0xBDD7,0xBDD7,0xBDB6,0xBDD6,0xBDB6,0xBDB7,0xBDB7,0xC5B6,0xC5B7,0xCDB7,0xD5B7,
0xDDB8,0xE5F9,0xEE19,0xF61A,0xFE3B,0xFE3B,0xFE3B,0xFE7C,0xFE9C,0xFE7C,0xFE5B,0xFE1B,
0xF5DA,0xEDB9,0xEDB9,0xEDB9,0xEDB9,0xF5DA,0xF5DA,0xF5DA,0xF5DA,0xF5DA,0xF5DA,0xF5DA,
0xF5DA,0xF5DA,0xF5DA,0xEDDA,0xEDDB,0xE5FB,0xE5FB,0xE5FB,0xDE1B,0xDE1B,0xDE1B,0xDE1B,
0xD61B,0xD5FB,0xD61B,0xDE1B,0xE65D,0xEEBE,0xF6FF,0xF6FF,0xE67D,0xC599,0x9C53,0x6AED,
0x39A7,0x18C4,0x0862,0x0000,0x0000,0x0000,0x0000,0x0000,0x0000,0x0000,0x0000,0x0000,
0x0000,0x0000,0x0000,0x0000,0x0000,0x0000,0x0000,0x0000,0x0000,0x0000,0x0000,0x0000,
0x0000,0x0000,0x0882,0x2165,0x4AEB,0x84F3,0xB6DA,0xD7FF,0xDFFF,0xD7DE,0xC75C,0xBF1B,
0xC73B,0xC73B,0xC73B,0xC73B,0xC73A,0xC73A,0xC73A,0xC73A,0xC73A,0xC73A,0xC739,0xC739,
0xC739,0xDFFC,0xD7BB,0xBE57,0xCE79,0xC618,0xBDF7,0xC618,0xCE59,0xCE79,0xD6BA,0xDEDB,
0xDEFB,0xE71C,0xE73C,0xEF5D,0xEF5D,0xEF7D,0xEF7D,0xF79E,0xF79E,0xF79E,0xF79E,0xF79E,
0xF79E,0xF79E,0xF79E,0xF79E,0xF79E,0xF79E,0xF79E,0xF79E,0xF79E,0xF79E,0xF79E,0xF79E,
0xF79E,0xF79E,0xF79E,0xF79E,0xF79E,0xF79E,0xF79E,0xF79E,0xF79E,0xF79E,0xF79E,0xF79E,
0xF79E,0xF79E,0xF79E,0xF79E,0xF79E,0xF79E,0xF79E,0xF79E,0xF79E,0xF79E,0xF79E,0xF79E,
0xF79E,0xF79E,0xF79E,0xF79E,0xF79E,0xF79E,0xF79E,0xF79E,0xF79E,0xF79E,0xF79E,0xF79E,
0xF79E,0xF79E,0xF79E,0xF79E,0xF79E,0xF79E,0xF79E,0xF79E,0xF79E,0xF79E,0xF79E,0xF79E,
0xF79E,0xF79E,0xF79E,0xF79E,0xF79E,0xF79E,0xF79E,0xF79E,0xF79E,0xF79E,0xF79E,0xF79E,
0xF79E,0xF79E,0xF79E,0xF79E,0xF79E,0xF79E,0xEF7D,0xEF5D,0xE73C,0xE71C,0xDEDB,0xD6BA,
0xEF5D,0xF759,0xFFFA,0xFF37,0xFF57,0xFF57,0xFF57,0xFF57,0xFF57,0xFF57,0xFF57,0xFF57,
0xFF57,0xFF57,0xFF57,0xFF57,0xFF57,0xFF57,0xFF57,0xFF57,0xFF57,0xFF57,0xFF57,0xFF37,
0xFF37,0xFF37,0xFF77,0xFFD9,0xFFFA,0xFFFA,0xFFD9,0xFFB8,0xFF78,0xF717,0xE6B7,0xD656,
0xCE16,0xC5F6,0xC5F6,0xBDD6,0xBDD7,0xBDD7,0xBDF7,0xC618,0xCE59,0xCE59,0xCE59,0xCE59,
0xC638,0xC638,0xC638,0xC618,0xC618,0xBDF7,0xBDD7,0xBDD7,0xBDD7,0xB5B6,0xB5B6,0xB5B6,
0xB5B6,0xB5B6,0xB5B6,0xB5B6,0xB5B6,0xB5B6,0xB5B6,0xB5B6,0xB5B6,0xB5B6,0xB5B6,0xBDD6,
0xBDD7,0xBDD6,0xBDD7,0xBDD7,0xBDB7,0xBDB7,0xB5B6,0xB5B6,0xB5B6,0xB5B6,0xB5B6,0xB5B6,
0xB5B6,0xB5B6,0xB5B6,0xB5B6,0xBDD7,0xBDD7,0xBDF7,0xBDF7,0xC618,0xC618,0xC638,0xC638,
0xCE59,0xCE59,0xCE59,0xCE59,0xC618,0xBDD7,0xBDB6,0xBDB6,0xC5B7,0xD5B7,0xDDD9,0xF5FA,
0xFE3B,0xFE3B,0xFE7C,0xFE7D,0xFE5C,0xFE1B,0xF5DA,0xEDB9,0xEDDA,0xEDDA,0xEDBA,0xF5DA,
0xF5DA,0xF5DA,0xF5DA,0xF5DA,0xF5DA,0xEDDA,0xEDDB,0xE5FB,0xE5FB,0xE5FB,0xE5FB,0xDE1B,
0xDE1B,0xDE1B,0xDE1B,0xDE1B,0xDE1C,0xDE1C,0xD61B,0xD5FB,0xD61B,0xDE3C,0xE67D,0xEEDE,
0xF6FF,0xF6DF,0xE67D,0xD61B,0xB537,0x9474,0x736F,0x5AAC,0x39C8,0x2966,0x2105,0x0862,
0x0862,0x0862,0x0861,0x0861,0x0861,0x0861,0x0862,0x0882,0x10C3,0x2966,0x31E8,0x52EC,
0x6BCF,0x8D35,0xAE39,0xBF1D,0xCFBF,0xDFFF,0xD7FF,0xCF9E,0xC75C,0xBF1B,0xBF1B,0xC73C,
0xC73C,0xC73C,0xC73B,0xC73B,0xC73B,0xC73B,0xC73B,0xC73A,0xC73A,0xC73A,0xC71A,0xC71A,
0xD7BC,0xDFFC,0xC6F9,0xBDF7,0xCE79,0xBDF7,0xBDF7,0xC638,0xCE59,0xD69A,0xD6BA,0xDEDB,
0xDEFB,0xE71C,0xE73C,0xEF5D,0xEF5D,0xEF7D,0xEF7D,0xF79E,0xF79E,0xF79E,0xF79E,0xF79E,
0xF79E,0xF79E,0xF79E,0xF79E,0xF79E,0xF79E,0xF79E,0xF79E,0xF79E,0xF79E,0xF79E,0xF79E,
0xF79E,0xF79E,0xF79E,0xF79E,0xF79E,0xF79E,0xF79E,0xF79E,0xF79E,0xF79E,0xF79E,0xF79E,
0xF79E,0xF79E,0xF79E,0xF79E,0xF79E,0xF79E,0xF79E,0xF79E,0xF79E,0xF79E,0xF79E,0xF79E,
0xF79E,0xF79E,0xF79E,0xF79E,0xF79E,0xF79E,0xF79E,0xF79E,0xF79E,0xF79E,0xF79E,0xF79E,
0xF79E,0xF79E,0xF79E,0xF79E,0xF79E,0xF79E,0xF79E,0xF79E,0xF79E,0xF79E,0xF79E,0xF79E,
0xF79E,0xF79E,0xF79E,0xF79E,0xF79E,0xF79E,0xF79E,0xF79E,0xF79E,0xF79E,0xF79E,0xF79E,
0xF79E,0xF79E,0xF79E,0xF79E,0xF79E,0xF79E,0xF79E,0xEF7D,0xEF5D,0xE73C,0xE71C,0xDEDB,
0xD6BA,0xD6BA,0xD699,0xFFF9,0xFF98,0xFF57,0xFF57,0xFF57,0xFF57,0xFF57,0xFF57,0xFF57,
0xFF57,0xFF57,0xFF57,0xFF57,0xFF57,0xFF57,0xFF57,0xFF57,0xFF57,0xFF37,0xFF37,0xFF57,
0xFFD8,0xFFFA,0xFFFA,0xFFD9,0xFF78,0xE6D7,0xCE56,0xC5F6,0xBDD6,0xC618,0xCE59,0xCE59,
0xC638,0xC638,0xC618,0xC618,0xBDF7,0xBDD7,0xBDD7,0xB5B6,0xB5B6,0xB5B6,0xBDB6,0xBDD7,
0xBDD7,0xBDD7,0xBDD7,0xBDD7,0xBDD7,0xBDF7,0xBDF7,0xBDF7,0xBDF7,0xBDF7,0xBDF7,0xBDF7,
0xBDF7,0xBDF7,0xBDF7,0xBDF7,0xBDF7,0xBDF7,0xBDF7,0xBDF7,0xC618,0xC618,0xC618,0xC618,
0xC618,0xC618,0xC618,0xC618,0xC618,0xC618,0xC618,0xC618,0xC618,0xC618,0xBDF7,0xBDF7,
0xBDF7,0xBDF7,0xBDF7,0xBDF7,0xBDF7,0xBDF7,0xBDF7,0xBDF7,0xBDF7,0xBDD7,0xBDD7,0xBDD7,
0xBDD7,0xBDD7,0xBDD7,0xBDB6,0xBDB7,0xB5B6,0xB5B6,0xBDD7,0xBDF7,0xC638,0xC638,0xCE59,
0xC638,0xBDD7,0xBDB7,0xC5B7,0xD5B8,0xE5F9,0xF61B,0xFE1B,0xFE5C,0xFE7D,0xFE5C,0xFE1B,
0xF5DA,0xEDBA,0xEDBA,0xEDBA,0xF5DA,0xF5DA,0xF5DA,0xF5DA,0xEDDA,0xEDDB,0xE5FB,0xE5FB,
0xE5FB,0xE5FB,0xDE1B,0xDE1B,0xDE1B,0xDE1B,0xDE1B,0xDE1C,0xDE1C,0xDE1C,0xDE1C,0xD61B,
0xD5FB,0xD5FB,0xD61B,0xDE3C,0xE67D,0xEEBE,0xF6FF,0xF71F,0xF73F,0xEEFF,0xE71E,0xDEDD,
0xCE5B,0xCE5B,0xCE7B,0xC67B,0xC67B,0xC67B,0xC69B,0xC69B,0xC6BC,0xCEDC,0xD77E,0xDFBF,
0xDFFF,0xDFFF,0xDFFF,0xD7BF,0xCF7E,0xC73D,0xBF1C,0xBF1C,0xBF3D,0xC73D,0xC73C,0xC73C,
0xC73C,0xC73C,0xC73C,0xC73C,0xC73B,0xC73B,0xC73B,0xC73B,0xC73B,0xC73A,0xC71A,0xCF9B,
0xDFFE,0xCF5B,0xBE17,0xCE79,0xC618,0xBDD7,0xC618,0xC638,0xCE79,0xD69A,0xD6BA,0xDEDB,
0xDEFB,0xE71C,0xE73C,0xEF5D,0xEF5D,0xEF7D,0xEF7D,0xF79E,0xF79E,0xF79E,0xF79E,0xF79E,
0xF79E,0xF79E,0xF79E,0xF79E,0xF79E,0xF79E,0xF79E,0xF79E,0xF79E,0xF79E,0xF79E,0xF79E,
0xF79E,0xF79E,0xF79E,0xF79E,0xF79E,0xF79E,0xF79E,0xF79E,0xF79E,0xF79E,0xF79E,0xF79E,
0xF79E,0xF79E,0xF79E,0xF79E,0xF79E,0xF79E,0xF79E,0xF79E,0xF79E,0xF79E,0xF79E,0xF79E,
0xF79E,0xF79E,0xF79E,0xF79E,0xF79E,0xF79E,0xF79E,0xF79E,0xF79E,0xF79E,0xF79E,0xF79E,
0xF79E,0xF79E,0xF79E,0xF79E,0xF79E,0xF79E,0xF79E,0xF79E,0xF79E,0xF79E,0xF79E,0xF79E,
0xF79E,0xF79E,0xF79E,0xF79E,0xF79E,0xF79E,0xF79E,0xF79E,0xF79E,0xF79E,0xF79E,0xF79E,
0xF79E,0xF79E,0xF79E,0xF79E,0xF79E,0xF79E,0xF79E,0xF79E,0xEF7D,0xEF5D,0xEF5D,0xE71C,
0xDEFB,0xD6BA,0xCE79,0xE71C,0xE6F9,0xFFFA,0xFF57,0xFF57,0xFF57,0xFF57,0xFF57,0xFF57,
0xFF57,0xFF57,0xFF57,0xFF57,0xFF57,0xFF57,0xFF57,0xFF37,0xFF37,0xFF98,0xFFF9,0xFFFA,
0xFFF9,0xFF98,0xE6D7,0xCE36,0xBDD6,0xC618,0xCE59,0xC638,0xBDF7,0xBDD7,0xB5B6,0xB5B6,
0xBDD6,0xBDD7,0xBDD7,0xBDD7,0xBDD7,0xBDF7,0xBDF7,0xBDF7,0xBDF7,0xBDF7,0xC618,0xC618,
0xC618,0xC618,0xC618,0xC618,0xC618,0xC638,0xC638,0xC638,0xC638,0xC638,0xC638,0xC638,
0xC638,0xC638,0xC638,0xC638,0xC638,0xC638,0xC638,0xC638,0xC638,0xCE59,0xCE59,0xCE59,
0xCE59,0xCE59,0xCE59,0xCE59,0xCE59,0xCE59,0xCE59,0xCE59,0xCE59,0xCE59,0xCE59,0xC638,
0xC638,0xC638,0xC638,0xC638,0xC638,0xC638,0xC638,0xC638,0xC638,0xC638,0xC638,0xC618,
0xC618,0xC618,0xC618,0xC618,0xC618,0xBDF7,0xBDF7,0xBDF7,0xBDF7,0xBDD7,0xBDD7,0xBDD7,
0xBDB6,0xB5B6,0xB5B6,0xBDF7,0xC618,0xCE59,0xCE59,0xBDF7,0xBDD7,0xC5B7,0xD5B8,0xEDFA,
0xFDFB,0xFE3C,0xFE7D,0xFE7D,0xFE1B,0xF5DA,0xEDBA,0xEDBA,0xEDBA,0xF5BA,0xF5DA,0xEDDA,
0xEDDB,0xE5FB,0xE5FB,0xE5FB,0xDDFB,0xDE1B,0xDE1B,0xDE1B,0xDE1B,0xDE1C,0xDE1C,0xDE1C,
0xDE1C,0xDE1C,0xDE1C,0xDE1C,0xDE1C,0xD61B,0xD5FB,0xD5FB,0xD61B,0xD61B,0xD63C,0xD65C,
0xDE9D,0xDEBD,0xDEDD,0xDEDD,0xDEFD,0xDEFE,0xDEFE,0xD71E,0xD71D,0xD71D,0xD71D,0xCEFD,
0xCEFD,0xC6DC,0xC6DC,0xC6FC,0xC6FC,0xC71D,0xC73D,0xC73D,0xC73D,0xC73D,0xC73D,0xC73D,
0xC73D,0xC73C,0xC73C,0xC73C,0xC73C,0xC73C,0xC73C,0xC73B,0xC73B,0xC71B,0xCF9C,0xDFFE,
0xCF7C,0xBE58,0xC618,0xCE59,0xBDD7,0xBDF7,0xC618,0xCE59,0xCE79,0xD69A,0xD6BA,0xDEDB,
0xDEFB,0xE73C,0xE73C,0xEF5D,0xEF7D,0xEF7D,0xEF7D,0xF79E,0xF79E,0xF79E,0xF79E,0xF79E,
0xF79E,0xF79E,0xF79E,0xF79E,0xF79E,0xF79E,0xF79E,0xF79E,0xF79E,0xF79E,0xF79E,0xF79E,
0xF79E,0xF79E,0xF79E,0xF79E,0xF79E,0xF79E,0xF79E,0xF79E,0xF79E,0xF79E,0xF79E,0xF79E,
0xF79E,0xF79E,0xF79E,0xF79E,0xF79E,0xF79E,0xF79E,0xF79E,0xF79E,0xF79E,0xF79E,0xF79E,
0xF79E,0xF79E,0xF79E,0xF79E,0xF79E,0xF79E,0xF79E,0xF79E,0xF79E,0xF79E,0xF79E,0xF79E,
0xF79E,0xF79E,0xF79E,0xF79E,0xF79E,0xF79E,0xF79E,0xF79E,0xF79E,0xF79E,0xF79E,0xF79E,
0xF79E,0xF79E,0xF79E,0xF79E,0xF79E,0xF79E,0xF79E,0xF79E,0xF79E,0xF79E,0xF79E,0xF79E,
0xF79E,0xF79E,0xF79E,0xF79E,0xF79E,0xF79E,0xF79E,0xF79E,0xF79E,0xEF7D,0xEF5D,0xEF5D,
0xE73C,0xDEFB,0xD6BA,0xD69A,0xCE59,0xDEFB,0xEF38,0xFFFB,0xFF57,0xFF37,0xFF57,0xFF57,
0xFF57,0xFF57,0xFF57,0xFF57,0xFF57,0xFF37,0xFF57,0xFFB8,0xFFFA,0xFFFA,0xFFD8,0xF738,
0xD677,0xBDD6,0xBDF7,0xCE59,0xC638,0xBDF7,0xB5B6,0xBDD6,0xBDD7,0xBDD7,0xBDF7,0xBDF7,
0xC618,0xC618,0xC618,0xC618,0xC618,0xC638,0xC638,0xC638,0xC638,0xC638,0xCE59,0xCE59,
0xCE59,0xCE59,0xCE59,0xCE59,0xCE59,0xCE79,0xCE79,0xCE79,0xCE79,0xCE79,0xCE79,0xCE79,
0xCE79,0xCE79,0xCE79,0xCE79,0xCE79,0xCE79,0xCE79,0xD69A,0xD69A,0xD69A,0xD69A,0xD69A,
0xD69A,0xD69A,0xD69A,0xD69A,0xD69A,0xD69A,0xD69A,0xD69A,0xD69A,0xD69A,0xD69A,0xD69A,
0xD69A,0xD69A,0xD69A,0xD69A,0xCE79,0xCE79,0xCE79,0xCE79,0xCE79,0xCE79,0xCE79,0xCE79,
0xCE79,0xCE79,0xCE59,0xCE59,0xCE59,0xCE59,0xCE59,0xC638,0xC638,0xC638,0xC638,0xC618,
0xC618,0xC618,0xBDF7,0xBDF7,0xBDF7,0xBDD7,0xBDD7,0xBDB6,0xB5B6,0xBDF7,0xC638,0xCE59,
0xC638,0xBDD7,0xBDB7,0xCDB7,0xE5D9,0xF61B,0xFE3C,0xFE7D,0xFE7D,0xFE3C,0xF5FB,0xEDBA,
0xEDBA,0xEDBA,0xEDDA,0xE5FB,0xE5FB,0xE5FB,0xE5FB,0xDE1B,0xDE1B,0xDE1B,0xDE1B,0xDE1B,
0xDE1C,0xDE1C,0xDE1C,0xDE1C,0xDE1C,0xDE1C,0xDE1C,0xDE1C,0xDE1C,0xDE1C,0xDE3C,0xD63C,
0xD63C,0xD65C,0xD65C,0xD65C,0xD67C,0xD67C,0xCE9C,0xCE9C,0xCE9C,0xCE9C,0xCEBC,0xCEDC,
0xCEDC,0xCEDC,0xCEFD,0xCEFD,0xCF1D,0xC71D,0xC71D,0xC71D,0xC71D,0xC73D,0xC73D,0xC73D,
0xC73D,0xC73D,0xC73D,0xC73C,0xC73C,0xC73C,0xC73C,0xC73C,0xBF3B,0xD7BD,0xDFFF,0xCF7C,
0xBE79,0xBDF7,0xCE59,0xBDD7,0xBDF7,0xC618,0xC638,0xCE59,0xD69A,0xD6BA,0xDEDB,0xDEFB,
0xE71C,0xE73C,0xEF5D,0xEF5D,0xEF7D,0xEF7D,0xEF7D,0xF79E,0xF79E,0xF79E,0xF79E,0xF79E,
0xF79E,0xF79E,0xF79E,0xF79E,0xF79E,0xF79E,0xF79E,0xF79E,0xF79E,0xF79E,0xF79E,0xF79E,
0xF79E,0xF79E,0xF79E,0xF79E,0xF79E,0xF79E,0xF79E,0xF79E,0xF79E,0xF79E,0xF79E,0xF79E,
0xF79E,0xF79E,0xF79E,0xF79E,0xF79E,0xF79E,0xF79E,0xF79E,0xF79E,0xF79E,0xF79E,0xF79E,
0xF79E,0xF79E,0xF79E,0xF79E,0xF79E,0xF79E,0xF79E,0xF79E,0xF79E,0xF79E,0xF79E,0xF79E,
0xF79E,0xF79E,0xF79E,0xF79E,0xF79E,0xF79E,0xF79E,0xF79E,0xF79E,0xF79E,0xF79E,0xF79E,
0xF79E,0xF79E,0xF79E,0xF79E,0xF79E,0xF79E,0xF79E,0xF79E,0xF79E,0xF79E,0xF79E,0xF79E,
0xF79E,0xF79E,0xF79E,0xF79E,0xF79E,0xF79E,0xF79E,0xF79E,0xF79E,0xF79E,0xEF7D,0xEF7D,
0xEF5D,0xE73C,0xE71C,0xDEDB,0xD6BA,0xCE59,0xCE59,0xD6BA,0xE6F8,0xFFF9,0xFFF9,0xFF77,
0xFF37,0xFF37,0xFF37,0xFF57,0xFF77,0xFFB8,0xFFFA,0xFFFA,0xFFB8,0xEF18,0xCE37,0xBDB6,
0xC638,0xCE59,0xBDF7,0xB5B6,0xBDD6,0xBDD7,0xBDF7,0xBDF7,0xC618,0xC618,0xC618,0xC638,
0xC638,0xC638,0xCE59,0xCE59,0xCE59,0xCE79,0xCE79,0xCE79,0xCE79,0xCE79,0xD69A,0xD69A,
0xD69A,0xD69A,0xD69A,0xD69A,0xD69A,0xD6BA,0xD6BA,0xD6BA,0xD6BA,0xD6BA,0xD6BA,0xD6BA,
0xD6BA,0xD6BA,0xD6BA,0xD6BA,0xD6BA,0xD6BA,0xD6BA,0xD6BA,0xD6BA,0xD6BA,0xDEDB,0xDEDB,
0xDEDB,0xDEDB,0xDEDB,0xDEDB,0xDEDB,0xDEDB,0xDEDB,0xDEDB,0xDEDB,0xDEDB,0xDEDB,0xDEDB,
0xDEDB,0xDEDB,0xD6BA,0xD6BA,0xD6BA,0xD6BA,0xD6BA,0xD6BA,0xD6BA,0xD6BA,0xD6BA,0xD6BA,
0xD6BA,0xD6BA,0xD6BA,0xD69A,0xD69A,0xD69A,0xD69A,0xD69A,0xD69A,0xCE79,0xCE79,0xCE79,
0xCE59,0xCE59,0xCE59,0xC638,0xC638,0xC638,0xC618,0xC618,0xC618,0xBDF7,0xBDD7,0xBDD7,
0xBDD7,0xB5B7,0xBDD7,0xC618,0xC638,0xCE59,0xC618,0xBDB7,0xC5B7,0xDDD8,0xF61B,0xFE3C,
0xFE7D,0xFE7D,0xFE3C,0xF5FB,0xEDBA,0xE5DA,0xE5DB,0xE5DB,0xE5FB,0xE5FB,0xDE1B,0xDE1B,
0xDE1B,0xDE1B,0xDE1B,0xDE1C,0xDE1C,0xDE1C,0xDE1C,0xDE1C,0xDE1C,0xDE1C,0xDE1C,0xDE1C,
0xDE1C,0xDE3C,0xD63C,0xD65C,0xD65C,0xD65C,0xD67C,0xD67C,0xD69C,0xD69C,0xCEBC,0xCEBC,
0xCEBC,0xCEBC,0xCEDC,0xCEDC,0xCEDC,0xCEFD,0xCEFD,0xCEFD,0xC71D,0xC71D,0xC71D,0xC73D,
0xC73D,0xC73D,0xC73D,0xC73D,0xC73D,0xC73C,0xC71C,0xC75D,0xD7FF,0xD7FF,0xC77C,0xBE59,
0xBDF7,0xCE79,0xBDD7,0xBDD7,0xC618,0xC638,0xCE59,0xCE79,0xD69A,0xD6BA,0xDEDB,0xDEFB,
0xE71C,0xE73C,0xEF5D,0xEF5D,0xEF7D,0xEF7D,0xEF7D,0xF79E,0xF79E,0xF79E,0xF79E,0xF79E,
0xF79E,0xF79E,0xF79E,0xF79E,0xF79E,0xF79E,0xF79E,0xF79E,0xF79E,0xF79E,0xF79E,0xF79E,
0xF79E,0xF79E,0xF79E,0xF79E,0xF79E,0xF79E,0xF79E,0xF79E,0xF79E,0xF79E,0xF79E,0xF79E,
0xF79E,0xF79E,0xF79E,0xF79E,0xF79E,0xF79E,0xF79E,0xF79E,0xF79E,0xF79E,0xF79E,0xF79E,
0xF79E,0xF79E,0xF79E,0xF79E,0xF79E,0xF79E,0xF79E,0xF79E,0xF79E,0xF79E,0xF79E,0xF79E,
0xF79E,0xF79E,0xF79E,0xF79E,0xF79E,0xF79E,0xF79E,0xF79E,0xF79E,0xF79E,0xF79E,0xF79E,
0xF79E,0xF79E,0xF79E,0xF79E,0xF79E,0xF79E,0xF79E,0xF79E,0xF79E,0xF79E,0xF79E,0xF79E,
0xF79E,0xF79E,0xF79E,0xF79E,0xF79E,0xF79E,0xF79E,0xF79E,0xF79E,0xF79E,0xF79E,0xF79E,
0xEF7D,0xEF5D,0xEF5D,0xE71C,0xDEFB,0xD6BA,0xD69A,0xCE59,0xCE38,0xDEDB,0xCE58,0xFF58,
0xFFF9,0xFFFA,0xFFFA,0xFFFA,0xFFFA,0xFFD9,0xFFB8,0xEEF7,0xCE36,0xBDD7,0xCE59,0xC638,
0xBDF7,0xB5B6,0xBDD7,0xBDD7,0xBDF7,0xC618,0xC618,0xC638,0xC638,0xCE59,0xCE59,0xCE79,
0xCE79,0xCE79,0xD69A,0xD69A,0xD69A,0xD6BA,0xD6BA,0xD6BA,0xD6BA,0xD6BA,0xD6BA,0xD6BA,
0xDEDB,0xDEDB,0xDEDB,0xDEDB,0xDEDB,0xDEDB,0xDEDB,0xDEFB,0xDEFB,0xDEFB,0xDEFB,0xDEFB,
0xDEFB,0xDEFB,0xDEFB,0xDEFB,0xDEFB,0xDEFB,0xDEFB,0xDEFB,0xDEFB,0xDEFB,0xDEFB,0xDEFB,
0xDEFB,0xDEFB,0xE71C,0xE71C,0xE71C,0xE71C,0xE71C,0xE71C,0xE71C,0xE71C,0xE71C,0xE71C,
0xE71C,0xDEFB,0xDEFB,0xDEFB,0xDEFB,0xDEFB,0xDEFB,0xDEFB,0xDEFB,0xDEFB,0xDEFB,0xDEFB,
0xDEFB,0xDEFB,0xDEFB,0xDEDB,0xDEDB,0xDEDB,0xDEDB,0xDEDB,0xDEDB,0xD6BA,0xD6BA,0xD6BA,
0xD6BA,0xD6BA,0xD69A,0xD69A,0xD69A,0xCE79,0xCE79,0xCE79,0xCE59,0xCE59,0xC638,0xC638,
0xC618,0xC618,0xC618,0xBDF7,0xBDD7,0xBDD7,0xBDD7,0xB5B6,0xBDF7,0xC638,0xCE59,0xC618,
0xBDB7,0xC5B7,0xDDD8,0xEDFA,0xFE1C,0xFE5D,0xFE7D,0xFE5D,0xF61C,0xE5FB,0xE5FB,0xDDFB,
0xDDFB,0xDE1B,0xDE1B,0xDE1B,0xDE1B,0xDE1B,0xDE1C,0xDE1C,0xDE1C,0xDE1C,0xDE1C,0xDE1C,
0xDE1C,0xDE1C,0xDE1C,0xDE1C,0xDE3C,0xD63C,0xD65C,0xD65C,0xD67C,0xD67C,0xD67C,0xD69C,
0xD69C,0xCEBC,0xCEBC,0xCEBC,0xCEDC,0xCEDC,0xCEDC,0xCEDC,0xCEFD,0xCEFD,0xCF1D,0xC71D,
0xC71D,0xC71D,0xC71D,0xC71C,0xC71C,0xC75D,0xD7DF,0xDFFF,0xCFBF,0xC71C,0xBE18,0xC638,
0xCE59,0xBDD7,0xBDF7,0xC618,0xC618,0xC638,0xCE79,0xD69A,0xD6BA,0xDEDB,0xDEFB,0xE71C,
0xE73C,0xE73C,0xEF5D,0xEF5D,0xEF7D,0xEF7D,0xF79E,0xF79E,0xF79E,0xF79E,0xF79E,0xF79E,
0xF79E,0xF79E,0xF79E,0xF79E,0xF79E,0xF79E,0xF79E,0xF79E,0xF79E,0xF79E,0xF79E,0xF79E,
0xF79E,0xF79E,0xF79E,0xF79E,0xF79E,0xF79E,0xF79E,0xF79E,0xF79E,0xF79E,0xF79E,0xF79E,
0xF79E,0xF79E,0xF79E,0xF79E,0xF79E,0xF79E,0xF79E,0xF79E,0xF79E,0xF79E,0xF79E,0xF79E,
0xF79E,0xF79E,0xF79E,0xF79E,0xF79E,0xF79E,0xF79E,0xF79E,0xF79E,0xF79E,0xF79E,0xF79E,
0xF79E,0xF79E,0xF79E,0xF79E,0xF79E,0xF79E,0xF79E,0xF79E,0xF79E,0xF79E,0xF79E,0xF79E,
0xF79E,0xF79E,0xF79E,0xF79E,0xF79E,0xF79E,0xF79E,0xF79E,0xF79E,0xF79E,0xF79E,0xF79E,
0xF79E,0xF79E,0xF79E,0xF79E,0xF79E,0xF79E,0xF79E,0xF79E,0xF79E,0xF79E,0xF79E,0xF79E,
0xF79E,0xEF7D,0xEF7D,0xEF5D,0xE73C,0xE71C,0xDEDB,0xD6BA,0xD69A,0xCE59,0xC618,0xCE79,
0xD6BA,0xC617,0xD657,0xDE97,0xDE97,0xD657,0xC617,0xC618,0xCE79,0xC638,0xBDD7,0xBDD7,
0xBDD7,0xBDF7,0xC618,0xC618,0xC618,0xC638,0xCE59,0xCE59,0xCE79,0xCE79,0xD69A,0xD69A,
0xD6BA,0xD6BA,0xD6BA,0xD6BA,0xDEDB,0xDEDB,0xDEDB,0xDEDB,0xDEFB,0xDEFB,0xDEFB,0xDEFB,
0xDEFB,0xDEFB,0xDEFB,0xE71C,0xE71C,0xE71C,0xE71C,0xE71C,0xE71C,0xE71C,0xE71C,0xE71C,
0xE71C,0xE71C,0xE73C,0xE73C,0xE73C,0xE73C,0xE73C,0xE73C,0xE73C,0xE73C,0xE73C,0xE73C,
0xE73C,0xE73C,0xE73C,0xE73C,0xE73C,0xE73C,0xE73C,0xE73C,0xE73C,0xE73C,0xE73C,0xE73C,
0xE73C,0xE73C,0xE73C,0xE73C,0xE73C,0xE73C,0xE73C,0xE73C,0xE73C,0xE73C,0xE71C,0xE71C,
0xE71C,0xE71C,0xE71C,0xE71C,0xE71C,0xE71C,0xE71C,0xE71C,0xE71C,0xDEFB,0xDEFB,0xDEFB,
0xDEFB,0xDEFB,0xDEDB,0xDEDB,0xDEDB,0xD6BA,0xD6BA,0xD6BA,0xD6BA,0xD69A,0xD69A,0xD69A,
0xCE79,0xCE79,0xCE59,0xCE59,0xC638,0xC638,0xC618,0xC618,0xBDF7,0xBDF7,0xBDD7,0xBDB6,
0xB5B6,0xBDD7,0xC638,0xCE59,0xC638,0xBDB7,0xC5B7,0xD5D8,0xEDFA,0xFDFB,0xFE3C,0xFE9E,
0xFE9E,0xF67D,0xE63C,0xDE1B,0xDE1B,0xDDFB,0xDE1B,0xD61B,0xDE1C,0xDE1C,0xDE1C,0xDE1C,
0xDE1C,0xDE1C,0xDE1C,0xDE1C,0xDE1C,0xDE1C,0xDE3C,0xD63C,0xD63C,0xD65C,0xD65C,0xD67C,
0xD67C,0xD67C,0xD69C,0xD69C,0xCEBC,0xCEBC,0xCEBC,0xCEDC,0xCEDC,0xCEDC,0xCEFC,0xC6DC,
0xC6FC,0xC6FC,0xC71C,0xCF5E,0xDFDF,0xDFFF,0xCFBF,0xCF5D,0xBE7A,0xB5D7,0xCE59,0xC638,
0xBDD7,0xBDD7,0xBDF7,0xC618,0xC638,0xCE59,0xCE79,0xD6BA,0xD6BA,0xDEDB,0xDEFB,0xE71C,
0xE73C,0xEF5D,0xEF5D,0xEF5D,0xEF7D,0xEF7D,0xF79E,0xF79E,0xF79E,0xF79E,0xF79E,0xF79E,
0xF79E,0xF79E,0xF79E,0xF79E,0xF79E,0xF79E,0xF79E,0xF79E,0xF79E,0xF79E,0xF79E,0xF79E,
0xF79E,0xF79E,0xF79E,0xF79E,0xF79E,0xF79E,0xF79E,0xF79E,0xF79E,0xF79E,0xF79E,0xF79E,
0xF79E,0xF79E,0xF79E,0xF79E,0xF79E,0xF79E,0xF79E,0xF79E,0xF79E,0xF79E,0xF79E,0xF79E,
0xF79E,0xF79E,0xF79E,0xF79E,0xF79E,0xF79E,0xF79E,0xF79E,0xF79E,0xF79E,0xF79E,0xF79E,
0xF79E,0xF79E,0xF79E,0xF79E,0xF79E,0xF79E,0xF79E,0xF79E,0xF79E,0xF79E,0xF79E,0xF79E,
0xF79E,0xF79E,0xF79E,0xF79E,0xF79E,0xF79E,0xF79E,0xF79E,0xF79E,0xF79E,0xF79E,0xF79E,
0xF79E,0xF79E,0xF79E,0xF79E,0xF79E,0xF79E,0xF79E,0xF79E,0xF79E,0xF79E,0xF79E,0xF79E,
0xF79E,0xF79E,0xEF7D,0xEF7D,0xEF5D,0xEF5D,0xE71C,0xDEFB,0xDEDB,0xD6BA,0xCE79,0xCE59,
0xC638,0xC618,0xC638,0xCE79,0xD69A,0xD69A,0xCE79,0xC618,0xBDF7,0xBDD7,0xBDF7,0xBDF7,
0xC618,0xC618,0xC638,0xC638,0xCE59,0xCE79,0xCE79,0xD69A,0xD69A,0xD6BA,0xD6BA,0xDEDB,
0xDEDB,0xDEDB,0xDEFB,0xDEFB,0xDEFB,0xDEFB,0xE71C,0xE71C,0xE71C,0xE71C,0xE71C,0xE71C,
0xE73C,0xE73C,0xE73C,0xE73C,0xE73C,0xE73C,0xE73C,0xE73C,0xE73C,0xEF5D,0xEF5D,0xEF5D,
0xEF5D,0xEF5D,0xEF5D,0xEF5D,0xEF5D,0xEF5D,0xEF5D,0xEF5D,0xEF5D,0xEF5D,0xEF5D,0xEF5D,
0xEF5D,0xEF5D,0xEF5D,0xEF5D,0xEF5D,0xEF5D,0xEF5D,0xEF5D,0xEF5D,0xEF5D,0xEF5D,0xEF5D,
0xEF5D,0xEF5D,0xEF5D,0xEF5D,0xEF5D,0xEF5D,0xEF5D,0xEF5D,0xEF5D,0xEF5D,0xEF5D,0xEF5D,
0xEF5D,0xEF5D,0xEF5D,0xEF5D,0xEF5D,0xE73C,0xE73C,0xE73C,0xE73C,0xE73C,0xE73C,0xE73C,
0xE73C,0xE71C,0xE71C,0xE71C,0xE71C,0xE71C,0xDEFB,0xDEFB,0xDEFB,0xDEDB,0xDEDB,0xDEDB,
0xD6BA,0xD6BA,0xD6BA,0xD69A,0xD69A,0xCE79,0xCE79,0xCE59,0xCE59,0xC638,0xC638,0xC618,
0xC618,0xBDF7,0xBDF7,0xBDD7,0xBDD7,0xB5B6,0xBDD7,0xC618,0xCE59,0xCE59,0xBDD7,0xBDB7,
0xCDB8,0xDDFA,0xEE1B,0xF63C,0xF67D,0xFEBE,0xF6BE,0xF69E,0xE67D,0xE63C,0xDE1C,0xD61B,
0xD61B,0xD61B,0xD61B,0xD61B,0xD61B,0xD61B,0xD61B,0xDE1B,0xDE1B,0xDE1B,0xD63C,0xD63C,
0xD65C,0xD65C,0xD67C,0xD67C,0xD67C,0xCE9C,0xCE9C,0xCE9C,0xCE9C,0xCEBC,0xCEDC,0xCEFD,
0xD73E,0xDF9F,0xE7DF,0xDF9F,0xD75E,0xCEFC,0xBE59,0xB5D7,0xC638,0xCE59,0xBDF7,0xB5D7,
0xBDF7,0xC618,0xC618,0xC638,0xCE59,0xCE79,0xD69A,0xD6BA,0xDEDB,0xDEFB,0xE71C,0xE73C,
0xE73C,0xEF5D,0xEF5D,0xEF7D,0xEF7D,0xEF7D,0xF79E,0xF79E,0xF79E,0xF79E,0xF79E,0xF79E,
0xF79E,0xF79E,0xF79E,0xF79E,0xF79E,0xF79E,0xF79E,0xF79E,0xF79E,0xF79E,0xF79E,0xF79E,
0xF79E,0xF79E,0xF79E,0xF79E,0xF79E,0xF79E,0xF79E,0xF79E,0xF79E,0xF79E,0xF79E,0xF79E,
0xF79E,0xF79E,0xF79E,0xF79E,0xF79E,0xF79E,0xF79E,0xF79E,0xF79E,0xF79E,0xF79E,0xF79E,
0xF79E,0xF79E,0xF79E,0xF79E,0xF79E,0xF79E,0xF79E,0xF79E,0xF79E,0xF79E,0xF79E,0xF79E,
0xF79E,0xF79E,0xF79E,0xF79E,0xF79E,0xF79E,0xF79E,0xF79E,0xF79E,0xF79E,0xF79E,0xF79E,
0xF79E,0xF79E,0xF79E,0xF79E,0xF79E,0xF79E,0xF79E,0xF79E,0xF79E,0xF79E,0xF79E,0xF79E,
0xF79E,0xF79E,0xF79E,0xF79E,0xF79E,0xF79E,0xF79E,0xF79E,0xF79E,0xF79E,0xF79E,0xF79E,
0xF79E,0xF79E,0xF79E,0xF79E,0xEF7D,0xEF7D,0xEF5D,0xE73C,0xE71C,0xDEFB,0xDEDB,0xD6BA,
0xD69A,0xCE79,0xCE59,0xC638,0xC638,0xC618,0xC618,0xC618,0xC618,0xC618,0xC618,0xC638,
0xC638,0xCE59,0xCE59,0xCE79,0xD69A,0xD69A,0xD6BA,0xD6BA,0xDEDB,0xDEDB,0xDEFB,0xDEFB,
0xDEFB,0xE71C,0xE71C,0xE71C,0xE73C,0xE73C,0xE73C,0xE73C,0xE73C,0xE73C,0xEF5D,0xEF5D,
0xEF5D,0xEF5D,0xEF5D,0xEF5D,0xEF5D,0xEF5D,0xEF5D,0xEF5D,0xEF5D,0xEF5D,0xEF5D,0xEF5D,
0xEF5D,0xEF7D,0xEF7D,0xEF7D,0xEF7D,0xEF7D,0xEF7D,0xEF7D,0xEF7D,0xEF7D,0xEF7D,0xEF7D,
0xEF7D,0xEF7D,0xEF7D,0xEF7D,0xEF7D,0xEF7D,0xEF7D,0xEF7D,0xEF7D,0xEF7D,0xEF7D,0xEF7D,
0xEF7D,0xEF7D,0xEF7D,0xEF7D,0xEF7D,0xEF7D,0xEF7D,0xEF7D,0xEF7D,0xEF7D,0xEF7D,0xEF7D,
0xEF7D,0xEF7D,0xEF7D,0xEF7D,0xEF5D,0xEF5D,0xEF5D,0xEF5D,0xEF5D,0xEF5D,0xEF5D,0xEF5D,
0xEF5D,0xEF5D,0xEF5D,0xEF5D,0xE73C,0xE73C,0xE73C,0xE73C,0xE73C,0xE71C,0xE71C,0xE71C,
0xDEFB,0xDEFB,0xDEFB,0xDEDB,0xDEDB,0xDEDB,0xD6BA,0xD6BA,0xD69A,0xD69A,0xD69A,0xCE79,
0xCE79,0xCE59,0xCE59,0xC638,0xC638,0xC618,0xC618,0xBDF7,0xBDD7,0xBDD7,0xB5B6,0xBDD7,
0xC618,0xC638,0xCE59,0xC638,0xBDB7,0xBDB7,0xC5D8,0xD5F9,0xDE3B,0xE65C,0xEE7D,0xEE7D,
0xF6BE,0xF6DF,0xF6BF,0xEEBE,0xEE9E,0xE69D,0xE67D,0xE65D,0xDE5C,0xDE3C,0xDE3C,0xDE3C,
0xDE5C,0xDE5C,0xDE7C,0xDE7D,0xDEBD,0xE6DE,0xE6FE,0xE73F,0xE73F,0xE75F,0xEF7F,0xDF3F,
0xDF3E,0xD71D,0xCEBB,0xBE59,0xBDF8,0xBDD7,0xCE59,0xCE59,0xBDF7,0xB5D7,0xBDF7,0xBDF7,
0xC618,0xC638,0xCE59,0xCE59,0xCE79,0xD69A,0xD6BA,0xDEDB,0xDEFB,0xE71C,0xE71C,0xE73C,
0xEF5D,0xEF5D,0xEF5D,0xEF7D,0xEF7D,0xF79E,0xF79E,0xF79E,0xF79E,0xF79E,0xF79E,0xF79E,
0xF79E,0xF79E,0xF79E,0xF79E,0xF79E,0xF79E,0xF79E,0xF79E,0xF79E,0xF79E,0xF79E,0xF79E,
0xF79E,0xF79E,0xF79E,0xF79E,0xF79E,0xF79E,0xF79E,0xF79E,0xF79E,0xF79E,0xF79E,0xF79E,
0xF79E,0xF79E,0xF79E,0xF79E,0xF79E,0xF79E,0xF79E,0xF79E,0xF79E,0xF79E,0xF79E,0xF79E,
0xF79E,0xF79E,0xF79E,0xF79E,0xF79E,0xF79E,0xF79E,0xF79E,0xF79E,0xF79E,0xF79E,0xF79E,
0xF79E,0xF79E,0xF79E,0xF79E,0xF79E,0xF79E,0xF79E,0xF79E,0xF79E,0xF79E,0xF79E,0xF79E,
0xF79E,0xF79E,0xF79E,0xF79E,0xF79E,0xF79E,0xF79E,0xF79E,0xF79E,0xF79E,0xF79E,0xF79E,
0xF79E,0xF79E,0xF79E,0xF79E,0xF79E,0xF79E,0xF79E,0xF79E,0xF79E,0xF79E,0xF79E,0xF79E,
0xF79E,0xF79E,0xF79E,0xF79E,0xF79E,0xF79E,0xEF7D,0xEF5D,0xEF5D,0xE73C,0xE71C,0xDEFB,
0xDEDB,0xD6BA,0xD6BA,0xD69A,0xCE79,0xCE79,0xCE59,0xCE59,0xCE59,0xCE59,0xCE59,0xCE79,
0xCE79,0xCE79,0xD69A,0xD6BA,0xD6BA,0xD6BA,0xDEDB,0xDEDB,0xDEFB,0xDEFB,0xE71C,0xE71C,
0xE73C,0xE73C,0xE73C,0xE73C,0xEF5D,0xEF5D,0xEF5D,0xEF5D,0xEF5D,0xEF5D,0xEF5D,0xEF5D,
0xEF5D,0xEF7D,0xEF7D,0xEF7D,0xEF7D,0xEF7D,0xEF7D,0xEF7D,0xEF7D,0xEF7D,0xEF7D,0xEF7D,
0xEF7D,0xEF7D,0xEF7D,0xEF7D,0xEF7D,0xEF7D,0xEF7D,0xEF7D,0xEF7D,0xEF7D,0xEF7D,0xEF7D,
0xEF7D,0xEF7D,0xEF7D,0xEF7D,0xEF7D,0xEF7D,0xEF7D,0xEF7D,0xF79E,0xF79E,0xF79E,0xF79E,
0xF79E,0xF79E,0xEF7D,0xEF7D,0xEF7D,0xEF7D,0xEF7D,0xEF7D,0xEF7D,0xEF7D,0xEF7D,0xEF7D,
0xEF7D,0xEF7D,0xEF7D,0xEF7D,0xEF7D,0xEF7D,0xEF7D,0xEF7D,0xEF7D,0xEF7D,0xEF7D,0xEF7D,
0xEF7D,0xEF7D,0xEF7D,0xEF5D,0xEF5D,0xEF5D,0xEF5D,0xEF5D,0xEF5D,0xEF5D,0xEF5D,0xE73C,
0xE73C,0xE73C,0xE73C,0xE71C,0xE71C,0xE71C,0xDEFB,0xDEFB,0xDEFB,0xDEDB,0xDEDB,0xD6BA,
0xD6BA,0xD6BA,0xD69A,0xD69A,0xCE79,0xCE79,0xCE59,0xC638,0xC638,0xC638,0xC618,0xC618,
0xBDF7,0xBDF7,0xBDD7,0xBDD7,0xBDD7,0xBDD7,0xC618,0xC638,0xCE59,0xCE59,0xBDF7,0xBDB7,
0xBDD7,0xC5D8,0xC5D8,0xCDF9,0xD61A,0xDE5B,0xDE5C,0xE67D,0xE67D,0xE67D,0xEE9E,0xEE9E,
0xEE9E,0xEE9E,0xEE9E,0xEEBE,0xE6BE,0xE69D,0xDE9D,0xDE9D,0xD67C,0xCE5B,0xC639,0xBDF8,
0xBDD7,0xBDD7,0xC618,0xCE59,0xCE59,0xC618,0xBDD7,0xBDD7,0xBDF7,0xBDF7,0xC618,0xC618,
0xC638,0xCE59,0xCE79,0xD69A,0xD69A,0xD6BA,0xDEDB,0xDEFB,0xDEFB,0xE71C,0xE73C,0xE73C,
0xEF5D,0xEF5D,0xEF7D,0xEF7D,0xEF7D,0xF79E,0xF79E,0xF79E,0xF79E,0xF79E,0xF79E,0xF79E,
0xF79E,0xF79E,0xF79E,0xF79E,0xF79E,0xF79E,0xF79E,0xF79E,0xF79E,0xF79E,0xF79E,0xF79E,
0xF79E,0xF79E,0xF79E,0xF79E,0xF79E,0xF79E,0xF79E,0xF79E,0xF79E,0xF79E,0xF79E,0xF79E,
0xF79E,0xF79E,0xF79E,0xF79E,0xF79E,0xF79E,0xF79E,0xF79E,0xF79E,0xF79E,0xF79E,0xF79E,
0xF79E,0xF79E,0xF79E,0xF79E,0xF79E,0xF79E,0xF79E,0xF79E,0xF79E,0xF79E,0xF79E,0xF79E,
0xF79E,0xF79E,0xF79E,0xF79E,0xF79E,0xF79E,0xF79E,0xF79E,0xF79E,0xF79E,0xF79E,0xF79E,
0xF79E,0xF79E,0xF79E,0xF79E,0xF79E,0xF79E,0xF79E,0xF79E,0xF79E,0xF79E,0xF79E,0xF79E,
0xF79E,0xF79E,0xF79E,0xF79E,0xF79E,0xF79E,0xF79E,0xF79E,0xF79E,0xF79E,0xF79E,0xF79E,
0xF79E,0xF79E,0xF79E,0xF79E,0xF79E,0xF79E,0xF79E,0xEF7D,0xEF7D,0xEF5D,0xEF5D,0xE73C,
0xE71C,0xE71C,0xDEFB,0xDEDB,0xD6BA,0xD6BA,0xD6BA,0xD69A,0xD69A,0xD69A,0xD69A,0xD69A,
0xD6BA,0xD6BA,0xD6BA,0xDEDB,0xDEDB,0xDEFB,0xDEFB,0xE71C,0xE71C,0xE73C,0xE73C,0xE73C,
0xEF5D,0xEF5D,0xEF5D,0xEF5D,0xEF5D,0xEF5D,0xEF5D,0xEF7D,0xEF7D,0xEF7D,0xEF7D,0xEF7D,
0xEF7D,0xEF7D,0xEF7D,0xEF7D,0xEF7D,0xEF7D,0xEF7D,0xEF7D,0xEF7D,0xF79E,0xF79E,0xF79E,
0xF79E,0xF79E,0xF79E,0xF79E,0xF79E,0xF79E,0xF79E,0xF79E,0xF79E,0xF79E,0xF79E,0xF79E,
0xF79E,0xF79E,0xF79E,0xF79E,0xF79E,0xF79E,0xF79E,0xF79E,0xF79E,0xF79E,0xF79E,0xF79E,
0xF79E,0xF79E,0xF79E,0xF79E,0xF79E,0xF79E,0xF79E,0xF79E,0xF79E,0xF79E,0xF79E,0xF79E,
0xF79E,0xF79E,0xF79E,0xF79E,0xF79E,0xF79E,0xF79E,0xF79E,0xF79E,0xF79E,0xF79E,0xEF7D,
0xEF7D,0xEF7D,0xEF7D,0xEF7D,0xEF7D,0xEF7D,0xEF7D,0xEF7D,0xEF7D,0xEF7D,0xEF5D,0xEF5D,
0xEF5D,0xEF5D,0xEF5D,0xEF5D,0xEF5D,0xE73C,0xE73C,0xE73C,0xE71C,0xE71C,0xE71C,0xDEFB,
0xDEFB,0xDEFB,0xDEDB,0xDEDB,0xD6BA,0xD6BA,0xD6BA,0xD69A,0xD69A,0xCE79,0xCE79,0xCE59,
0xCE59,0xC638,0xC638,0xC618,0xC618,0xC618,0xBDF7,0xBDD7,0xBDD7,0xBDD7,0xBDD7,0xB5B6,
0xBDF7,0xC618,0xC638,0xCE59,0xCE59,0xCE59,0xCE59,0xC618,0xBDF7,0xBDD7,0xBDD7,0xBDD7,
0xBDD7,0xBDD7,0xBDD7,0xBDD7,0xBDD7,0xBDD7,0xBDD7,0xBDF7,0xC618,0xCE59,0xCE59,0xCE59,
0xC638,0xC618,0xBDF7,0xB5B6,0xBDD7,0xBDD7,0xBDF7,0xBDF7,0xC618,0xC638,0xC638,0xCE59,
0xCE59,0xCE79,0xD69A,0xD6BA,0xD6BA,0xDEDB,0xDEFB,0xDEFB,0xE71C,0xE73C,0xE73C,0xEF5D,
0xEF5D,0xEF7D,0xEF7D,0xEF7D,0xEF7D,0xF79E,0xF79E,0xF79E,0xF79E,0xF79E,0xF79E,0xF79E,
0xF79E,0xF79E,0xF79E,0xF79E,0xF79E,0xF79E,0xF79E,0xF79E,0xF79E,0xF79E,0xF79E,0xF79E,
0xF79E,0xF79E,0xF79E,0xF79E,0xF79E,0xF79E,0xF79E,0xF79E,0xF79E,0xF79E,0xF79E,0xF79E,
0xF79E,0xF79E,0xF79E,0xF79E,0xF79E,0xF79E,0xF79E,0xF79E,0xF79E,0xF79E,0xF79E,0xF79E,
0xF79E,0xF79E,0xF79E,0xF79E,0xF79E,0xF79E,0xF79E,0xF79E,0xF79E,0xF79E,0xF79E,0xF79E,
0xF79E,0xF79E,0xF79E,0xF79E,0xF79E,0xF79E,0xF79E,0xF79E,0xF79E,0xF79E,0xF79E,0xF79E,
0xF79E,0xF79E,0xF79E,0xF79E,0xF79E,0xF79E,0xF79E,0xF79E,0xF79E,0xF79E,0xF79E,0xF79E,
0xF79E,0xF79E,0xF79E,0xF79E,0xF79E,0xF79E,0xF79E,0xF79E,0xF79E,0xF79E,0xF79E,0xF79E,
0xF79E,0xF79E,0xF79E,0xF79E,0xF79E,0xF79E,0xF79E,0xF79E,0xF79E,0xEF7D,0xEF7D,0xEF5D,
0xEF5D,0xE73C,0xE73C,0xE71C,0xE71C,0xDEFB,0xDEFB,0xDEDB,0xDEDB,0xDEDB,0xDEDB,0xDEDB,
0xDEDB,0xDEDB,0xDEFB,0xDEFB,0xDEFB,0xE71C,0xE71C,0xE73C,0xE73C,0xE73C,0xEF5D,0xEF5D,
0xEF5D,0xEF5D,0xEF5D,0xEF7D,0xEF7D,0xEF7D,0xEF7D,0xEF7D,0xEF7D,0xEF7D,0xEF7D,0xF79E,
0xF79E,0xF79E,0xF79E,0xF79E,0xF79E,0xF79E,0xF79E,0xF79E,0xF79E,0xF79E,0xF79E,0xF79E,
0xF79E,0xF79E,0xF79E,0xF79E,0xF79E,0xF79E,0xF79E,0xF79E,0xF79E,0xF79E,0xF79E,0xF79E,
0xF79E,0xF79E,0xF79E,0xF79E,0xF79E,0xF79E,0xF79E,0xF79E,0xF79E,0xF79E,0xF79E,0xF79E,
0xF79E,0xF79E,0xF79E,0xF79E,0xF79E,0xF79E,0xF79E,0xF79E,0xF79E,0xF79E,0xF79E,0xF79E,
0xF79E,0xF79E,0xF79E,0xF79E,0xF79E,0xF79E,0xF79E,0xF79E,0xF79E,0xF79E,0xF79E,0xF79E,
0xF79E,0xF79E,0xF79E,0xF79E,0xF79E,0xF79E,0xF79E,0xF79E,0xEF7D,0xEF7D,0xEF7D,0xEF7D,
0xEF7D,0xEF7D,0xEF7D,0xEF7D,0xEF7D,0xEF5D,0xEF5D,0xEF5D,0xEF5D,0xEF5D,0xE73C,0xE73C,
0xE73C,0xE73C,0xE71C,0xE71C,0xE71C,0xDEFB,0xDEFB,0xDEDB,0xDEDB,0xD6BA,0xD6BA,0xD6BA,
0xD69A,0xD69A,0xD69A,0xCE79,0xCE79,0xCE59,0xCE59,0xC638,0xC638,0xC618,0xC618,0xC618,
0xC618,0xBDF7,0xBDF7,0xBDD7,0xBDD7,0xBDD7,0xBDD7,0xBDD7,0xB5B6,0xB5B6,0xBDD7,0xBDD7,
0xBDD7,0xBDD7,0xBDD7,0xBDD7,0xBDD7,0xBDD7,0xBDD7,0xBDD7,0xB5B6,0xB5B6,0xBDD7,0xBDD7,
0xBDD7,0xBDD7,0xBDF7,0xBDF7,0xC618,0xC618,0xC618,0xC638,0xC638,0xCE59,0xCE79,0xCE79,
0xD69A,0xD6BA,0xD6BA,0xDEDB,0xDEDB,0xDEFB,0xE71C,0xE71C,0xE73C,0xE73C,0xEF5D,0xEF5D,
0xEF7D,0xEF7D,0xEF7D,0xEF7D,0xF79E,0xF79E,0xF79E,0xF79E,0xF79E,0xF79E,0xF79E,0xF79E,
0xF79E,0xF79E,0xF79E,0xF79E,0xF79E,0xF79E,0xF79E,0xF79E,0xF79E,0xF79E,0xF79E,0xF79E,
0xF79E,0xF79E,0xF79E,0xF79E,0xF79E,0xF79E,0xF79E,0xF79E,0xF79E,0xF79E,0xF79E,0xF79E,
0xF79E,0xF79E,0xF79E,0xF79E,0xF79E,0xF79E,0xF79E,0xF79E,0xF79E,0xF79E,0xF79E,0xF79E,
0xF79E,0xF79E,0xF79E,0xF79E,0xF79E,0xF79E,0xF79E,0xF79E,0xF79E,0xF79E,0xF79E,0xF79E,
0xF79E,0xF79E,0xF79E,0xF79E,0xF79E,0xF79E,0xF79E,0xF79E,0xF79E,0xF79E,0xF79E,0xF79E,
0xF79E,0xF79E,0xF79E,0xF79E,0xF79E,0xF79E,0xF79E,0xF79E,0xF79E,0xF79E,0xF79E,0xF79E,
0xF79E,0xF79E,0xF79E,0xF79E,0xF79E,0xF79E,0xF79E,0xF79E,0xF79E,0xF79E,0xF79E,0xF79E,
0xF79E,0xF79E,0xF79E,0xF79E,0xF79E,0xF79E,0xF79E,0xF79E,0xF79E,0xF79E,0xF79E,0xEF7D,
0xEF7D,0xEF5D,0xEF5D,0xEF5D,0xE73C,0xE73C,0xE73C,0xE71C,0xE71C,0xE71C,0xDEFB,0xDEFB,
0xE71C,0xE71C,0xE71C,0xE71C,0xE71C,0xE73C,0xE73C,0xE73C,0xEF5D,0xEF5D,0xEF5D,0xEF5D,
0xEF7D,0xEF7D,0xEF7D,0xEF7D,0xEF7D,0xEF7D,0xF79E,0xF79E,0xF79E,0xF79E,0xF79E,0xF79E,
0xF79E,0xF79E,0xF79E,0xF79E,0xF79E,0xF79E,0xF79E,0xF79E,0xF79E,0xF79E,0xF79E,0xF79E,
0xF79E,0xF79E,0xF79E,0xF79E,0xF79E,0xF79E,0xF79E,0xF79E,0xF79E,0xF79E,0xF79E,0xF79E,
0xF79E,0xF79E,0xF79E,0xF79E,0xF79E,0xF79E,0xF79E,0xF79E,0xF79E,0xF79E,0xF79E,0xF79E,
0xF79E,0xF79E,0xF79E,0xF79E,0xF79E,0xF79E,0xF79E,0xF79E,0xF79E,0xF79E,0xF79E,0xF79E,
0xF79E,0xF79E,0xF79E,0xF79E,0xF79E,0xF79E,0xF79E,0xF79E,0xF79E,0xF79E,0xF79E,0xF79E,
0xF79E,0xF79E,0xF79E,0xF79E,0xF79E,0xF79E,0xF79E,0xF79E,0xF79E,0xF79E,0xF79E,0xF79E,
0xF79E,0xF79E,0xF79E,0xEF7D,0xEF7D,0xEF7D,0xEF7D,0xEF7D,0xEF7D,0xEF7D,0xEF5D,0xEF5D,
0xEF5D,0xEF5D,0xEF5D,0xEF5D,0xE73C,0xE73C,0xE73C,0xE71C,0xE71C,0xE71C,0xDEFB,0xDEFB,
0xDEDB,0xDEDB,0xDEDB,0xD6BA,0xD6BA,0xD6BA,0xD69A,0xD69A,0xD69A,0xCE79,0xCE79,0xCE59,
0xCE59,0xCE59,0xC638,0xC638,0xC638,0xC618,0xC618,0xC618,0xC618,0xC618,0xC618,0xBDF7,
0xBDF7,0xBDF7,0xBDF7,0xBDF7,0xBDF7,0xBDF7,0xBDF7,0xBDF7,0xBDF7,0xC618,0xC618,0xC618,
0xC618,0xC618,0xC638,0xC638,0xC638,0xCE59,0xCE59,0xCE79,0xCE79,0xD69A,0xD69A,0xD6BA,
0xD6BA,0xDEDB,0xDEDB,0xDEFB,0xDEFB,0xE71C,0xE71C,0xE73C,0xE73C,0xEF5D,0xEF5D,0xEF7D,
0xEF7D,0xEF7D,0xEF7D,0xF79E,0xF79E,0xF79E,0xF79E,0xF79E,0xF79E,0xF79E,0xF79E,0xF79E,
0xF79E,0xF79E,0xF79E,0xF79E,0xF79E,0xF79E,0xF79E,0xF79E,0xF79E,0xF79E,0xF79E,0xF79E,
0xF79E,0xF79E,0xF79E,0xF79E,0xF79E,0xF79E,0xF79E,0xF79E,0xF79E,0xF79E,0xF79E,0xF79E,
0xF79E,0xF79E,0xF79E,0xF79E,0xF79E,0xF79E,0xF79E,0xF79E,0xF79E,0xF79E,0xF79E,0xF79E,
0xF79E,0xF79E,0xF79E,0xF79E,0xF79E,0xF79E,0xF79E,0xF79E,0xF79E,0xF79E,0xF79E,0xF79E,
0xF79E,0xF79E,0xF79E,0xF79E,0xF79E,0xF79E,0xF79E,0xF79E,0xF79E,0xF79E,0xF79E,0xF79E,
0xF79E,0xF79E,0xF79E,0xF79E,0xF79E,0xF79E,0xF79E,0xF79E,0xF79E,0xF79E,0xF79E,0xF79E,
0xF79E,0xF79E,0xF79E,0xF79E,0xF79E,0xF79E,0xF79E,0xF79E,0xF79E,0xF79E,0xF79E,0xF79E,
0xF79E,0xF79E,0xF79E,0xF79E,0xF79E,0xF79E,0xF79E,0xF79E,0xF79E,0xF79E,0xF79E,0xF79E,
0xF79E,0xEF7D,0xEF7D,0xEF7D,0xEF5D,0xEF5D,0xEF5D,0xEF5D,0xE73C,0xE73C,0xE73C,0xE73C,
0xE73C,0xE73C,0xE73C,0xE73C,0xEF5D,0xEF5D,0xEF5D,0xEF5D,0xEF5D,0xEF7D,0xEF7D,0xEF7D,
0xEF7D,0xEF7D,0xEF7D,0xF79E,0xF79E,0xF79E,0xF79E,0xF79E,0xF79E,0xF79E,0xF79E,0xF79E,
0xF79E,0xF79E,0xF79E,0xF79E,0xF79E,0xF79E,0xF79E,0xF79E,0xF79E,0xF79E,0xF79E,0xF79E,
0xF79E,0xF79E,0xF79E,0xF79E,0xF79E,0xF79E,0xF79E,0xF79E,0xF79E,0xF79E,0xF79E,0xF79E,
0xF79E,0xF79E,0xF79E,0xF79E,0xF79E,0xF79E,0xF79E,0xF79E,0xF79E,0xF79E,0xF79E,0xF79E,
0xF79E,0xF79E,0xF79E,0xF79E,0xF79E,0xF79E,0xF79E,0xF79E,0xF79E,0xF79E,0xF79E,0xF79E,
0xF79E,0xF79E,0xF79E,0xF79E,0xF79E,0xF79E,0xF79E,0xF79E,0xF79E,0xF79E,0xF79E,0xF79E,
0xF79E,0xF79E,0xF79E,0xF79E,0xF79E,0xF79E,0xF79E,0xF79E,0xF79E,0xF79E,0xF79E,0xF79E,
0xF79E,0xF79E,0xF79E,0xF79E,0xF79E,0xF79E,0xF79E,0xF79E,0xF79E,0xEF7D,0xEF7D,0xEF7D,
0xEF7D,0xEF7D,0xEF7D,0xEF5D,0xEF5D,0xEF5D,0xEF5D,0xEF5D,0xEF5D,0xE73C,0xE73C,0xE73C,
0xE71C,0xE71C,0xE71C,0xDEFB,0xDEFB,0xDEFB,0xDEDB,0xDEDB,0xDEDB,0xD6BA,0xD6BA,0xD6BA,
0xD69A,0xD69A,0xD69A,0xCE79,0xCE79,0xCE79,0xCE79,0xCE59,0xCE59,0xCE59,0xCE59,0xCE59,
0xC638,0xC638,0xC638,0xC638,0xC638,0xC638,0xC638,0xC638,0xC638,0xC638,0xCE59,0xCE59,
0xCE59,0xCE59,0xCE79,0xCE79,0xCE79,0xCE79,0xD69A,0xD69A,0xD6BA,0xD6BA,0xD6BA,0xDEDB,
0xDEDB,0xDEFB,0xDEFB,0xE71C,0xE71C,0xE73C,0xE73C,0xEF5D,0xEF5D,0xEF5D,0xEF7D,0xEF7D,
0xEF7D,0xEF7D,0xF79E,0xF79E,0xF79E,0xF79E,0xF79E,0xF79E,0xF79E,0xF79E,0xF79E,0xF79E,
0xF79E,0xF79E,0xF79E,0xF79E,0xF79E,0xF79E,0xF79E,0xF79E,0xF79E,0xF79E,0xF79E,0xF79E,
0xF79E,0xF79E,0xF79E,0xF79E,0xF79E,0xF79E,0xF79E,0xF79E,0xF79E,0xF79E,0xF79E,0xF79E,
0xF79E,0xF79E,0xF79E,0xF79E,0xF79E,0xF79E,0xF79E,0xF79E,0xF79E,0xF79E,0xF79E,0xF79E,
0xF79E,0xF79E,0xF79E,0xF79E,0xF79E,0xF79E,0xF79E,0xF79E,0xF79E,0xF79E,0xF79E,0xF79E,
0xF79E,0xF79E,0xF79E,0xF79E,0xF79E,0xF79E,0xF79E,0xF79E,0xF79E,0xF79E,0xF79E,0xF79E,
0xF79E,0xF79E,0xF79E,0xF79E,0xF79E,0xF79E,0xF79E,0xF79E,0xF79E,0xF79E,0xF79E,0xF79E,
0xF79E,0xF79E,0xF79E,0xF79E,0xF79E,0xF79E,0xF79E,0xF79E,0xF79E,0xF79E,0xF79E,0xF79E,
0xF79E,0xF79E,0xF79E,0xF79E,0xF79E,0xF79E,0xF79E,0xF79E,0xF79E,0xF79E,0xF79E,0xF79E,
0xF79E,0xF79E,0xF79E,0xEF7D,0xEF7D,0xEF7D,0xEF7D,0xEF7D,0xEF5D,0xEF5D,0xEF5D,0xEF5D,
0xEF5D,0xEF5D,0xEF5D,0xEF5D,0xEF5D,0xEF5D,0xEF5D,0xEF7D,0xEF7D,0xEF7D,0xEF7D,0xEF7D,
0xEF7D,0xF79E,0xF79E,0xF79E,0xF79E,0xF79E,0xF79E,0xF79E,0xF79E,0xF79E,0xF79E,0xF79E,
0xF79E,0xF79E,0xF79E,0xF79E,0xF79E,0xF79E,0xF79E,0xF79E,0xF79E,0xF79E,0xF79E,0xF79E,
0xF79E,0xF79E,0xF79E,0xF79E,0xF79E,0xF79E,0xF79E,0xF79E,0xF79E,0xF79E,0xF79E,0xF79E,
0xF79E,0xF79E,0xF79E,0xF79E,0xF79E,0xF79E,0xF79E,0xF79E,0xF79E,0xF79E,0xF79E,0xF79E,
0xF79E,0xF79E,0xF79E,0xF79E,0xF79E,0xF79E,0xF79E,0xF79E,0xF79E,0xF79E,0xF79E,0xF79E,
0xF79E,0xF79E,0xF79E,0xF79E,0xF79E,0xF79E,0xF79E,0xF79E,0xF79E,0xF79E,0xF79E,0xF79E,
0xF79E,0xF79E,0xF79E,0xF79E,0xF79E,0xF79E,0xF79E,0xF79E,0xF79E,0xF79E,0xF79E,0xF79E,
0xF79E,0xF79E,0xF79E,0xF79E,0xF79E,0xF79E,0xF79E,0xF79E,0xF79E,0xF79E,0xF79E,0xF79E,
0xF79E,0xF79E,0xEF7D,0xEF7D,0xEF7D,0xEF7D,0xEF7D,0xEF7D,0xEF7D,0xEF5D,0xEF5D,0xEF5D,
0xEF5D,0xEF5D,0xE73C,0xE73C,0xE73C,0xE73C,0xE71C,0xE71C,0xE71C,0xDEFB,0xDEFB,0xDEFB,
0xDEDB,0xDEDB,0xDEDB,0xD6BA,0xD6BA,0xD6BA,0xD6BA,0xD6BA,0xD69A,0xD69A,0xD69A,0xD69A,
0xD69A,0xD69A,0xCE79,0xCE79,0xCE79,0xCE79,0xCE79,0xCE79,0xCE79,0xCE79,0xD69A,0xD69A,
0xD69A,0xD69A,0xD69A,0xD6BA,0xD6BA,0xD6BA,0xD6BA,0xDEDB,0xDEDB,0xDEDB,0xDEFB,0xDEFB,
0xDEFB,0xE71C,0xE71C,0xE73C,0xE73C,0xEF5D,0xEF5D,0xEF5D,0xEF5D,0xEF7D,0xEF7D,0xEF7D,
0xEF7D,0xF79E,0xF79E,0xF79E,0xF79E,0xF79E,0xF79E,0xF79E,0xF79E,0xF79E,0xF79E,0xF79E,
0xF79E,0xF79E,0xF79E,0xF79E,0xF79E,0xF79E,0xF79E,0xF79E,0xF79E,0xF79E,0xF79E,0xF79E,
0xF79E,0xF79E,0xF79E,0xF79E,0xF79E,0xF79E,0xF79E,0xF79E,0xF79E,0xF79E,0xF79E,0xF79E,
0xF79E,0xF79E,0xF79E,0xF79E,0xF79E,0xF79E,0xF79E,0xF79E,0xF79E,0xF79E,0xF79E,0xF79E,
0xF79E,0xF79E,0xF79E,0xF79E,0xF79E,0xF79E,0xF79E,0xF79E,0xF79E,0xF79E,0xF79E,0xF79E,
0xF79E,0xF79E,0xF79E,0xF79E,0xF79E,0xF79E,0xF79E,0xF79E,0xF79E,0xF79E,0xF79E,0xF79E,
0xF79E,0xF79E,0xF79E,0xF79E,0xF79E,0xF79E,0xF79E,0xF79E,0xF79E,0xF79E,0xF79E,0xF79E,
0xF79E,0xF79E,0xF79E,0xF79E,0xF79E,0xF79E,0xF79E,0xF79E,0xF79E,0xF79E,0xF79E,0xF79E,
0xF79E,0xF79E,0xF79E,0xF79E,0xF79E,0xF79E,0xF79E,0xF79E,0xF79E,0xF79E,0xF79E,0xF79E,
0xF79E,0xF79E,0xF79E,0xF79E,0xF79E,0xF79E,0xEF7D,0xEF7D,0xEF7D,0xEF7D,0xEF7D,0xEF7D,
0xEF7D,0xEF7D,0xEF7D,0xEF7D,0xEF7D,0xEF7D,0xEF7D,0xEF7D,0xEF7D,0xEF7D,0xF79E,0xF79E,
0xF79E,0xF79E,0xF79E,0xF79E,0xF79E,0xF79E,0xF79E,0xF79E,0xF79E,0xF79E,0xF79E,0xF79E,
0xF79E,0xF79E,0xF79E,0xF79E,0xF79E,0xF79E,0xF79E,0xF79E,0xF79E,0xF79E,0xF79E,0xF79E,
0xF79E,0xF79E,0xF79E,0xF79E,0xF79E,0xF79E,0xF79E,0xF79E,0xF79E,0xF79E,0xF79E,0xF79E,
0xF79E,0xF79E,0xF79E,0xF79E,0xF79E,0xF79E,0xF79E,0xF79E,0xF79E,0xF79E,0xF79E,0xF79E,
0xF79E,0xF79E,0xF79E,0xF79E,0xF79E,0xF79E,0xF79E,0xF79E,0xF79E,0xF79E,0xF79E,0xF79E,
0xF79E,0xF79E,0xF79E,0xF79E,0xF79E,0xF79E,0xF79E,0xF79E,0xF79E,0xF79E,0xF79E,0xF79E,
0xF79E,0xF79E,0xF79E,0xF79E,0xF79E,0xF79E,0xF79E,0xF79E,0xF79E,0xF79E,0xF79E,0xF79E,
0xF79E,0xF79E,0xF79E,0xF79E,0xF79E,0xF79E,0xF79E,0xF79E,0xF79E,0xF79E,0xF79E,0xF79E,
0xF79E,0xF79E,0xF79E,0xF79E,0xF79E,0xF79E,0xF79E,0xEF7D,0xEF7D,0xEF7D,0xEF7D,0xEF7D,
0xEF7D,0xEF7D,0xEF7D,0xEF5D,0xEF5D,0xEF5D,0xEF5D,0xEF5D,0xE73C,0xE73C,0xE73C,0xE73C,
0xE71C,0xE71C,0xE71C,0xE71C,0xDEFB,0xDEFB,0xDEFB,0xDEFB,0xDEDB,0xDEDB,0xDEDB,0xDEDB,
0xDEDB,0xDEDB,0xDEDB,0xD6BA,0xD6BA,0xD6BA,0xD6BA,0xD6BA,0xD6BA,0xD6BA,0xD6BA,0xDEDB,
0xDEDB,0xDEDB,0xDEDB,0xDEDB,0xDEDB,0xDEFB,0xDEFB,0xDEFB,0xDEFB,0xE71C,0xE71C,0xE71C,
0xE73C,0xE73C,0xE73C,0xEF5D,0xEF5D,0xEF5D,0xEF5D,0xEF7D,0xEF7D,0xEF7D,0xEF7D,0xEF7D,
0xF79E,0xF79E,0xF79E,0xF79E,0xF79E,0xF79E,0xF79E,0xF79E,0xF79E,0xF79E,0xF79E,0xF79E,
0xF79E,0xF79E,0xF79E,0xF79E,0xF79E,0xF79E,0xF79E,0xF79E,0xF79E,0xF79E,0xF79E,0xF79E,
0xF79E,0xF79E,0xF79E,0xF79E,0xF79E,0xF79E,0xF79E,0xF79E,0xF79E,0xF79E,0xF79E,0xF79E,
0xF79E,0xF79E,0xF79E,0xF79E,0xF79E,0xF79E,0xF79E,0xF79E,0xF79E,0xF79E,0xF79E,0xF79E,
0xF79E,0xF79E,0xF79E,0xF79E,0xF79E,0xF79E,0xF79E,0xF79E,0xF79E,0xF79E,0xF79E,0xF79E,
0xF79E,0xF79E,0xF79E,0xF79E,0xF79E,0xF79E,0xF79E,0xF79E,0xF79E,0xF79E,0xF79E,0xF79E,
0xF79E,0xF79E,0xF79E,0xF79E,0xF79E,0xF79E,0xF79E,0xF79E,0xF79E,0xF79E,0xF79E,0xF79E,
0xF79E,0xF79E,0xF79E,0xF79E,0xF79E,0xF79E,0xF79E,0xF79E,0xF79E,0xF79E,0xF79E,0xF79E,
0xF79E,0xF79E,0xF79E,0xF79E,0xF79E,0xF79E,0xF79E,0xF79E,0xF79E,0xF79E,0xF79E,0xF79E,
0xF79E,0xF79E,0xF79E,0xF79E,0xF79E,0xF79E,0xF79E,0xF79E,0xF79E,0xF79E,0xF79E,0xEF7D,
0xEF7D,0xEF7D,0xEF7D,0xEF7D,0xEF7D,0xEF7D,0xEF7D,0xF79E,0xF79E,0xF79E,0xF79E,0xF79E,
0xF79E,0xF79E,0xF79E,0xF79E,0xF79E,0xF79E,0xF79E,0xF79E,0xF79E,0xF79E,0xF79E,0xF79E,
0xF79E,0xF79E,0xF79E,0xF79E,0xF79E,0xF79E,0xF79E,0xF79E,0xF79E,0xF79E,0xF79E,0xF79E,
0xF79E,0xF79E,0xF79E,0xF79E,0xF79E,0xF79E,0xF79E,0xF79E,0xF79E,0xF79E,0xF79E,0xF79E,
0xF79E,0xF79E,0xF79E,0xF79E,0xF79E,0xF79E,0xF79E,0xF79E,0xF79E,0xF79E,0xF79E,0xF79E,
0xF79E,0xF79E,0xF79E,0xF79E,0xF79E,0xF79E,0xF79E,0xF79E,0xF79E,0xF79E,0xF79E,0xF79E,
0xF79E,0xF79E,0xF79E,0xF79E,0xF79E,0xF79E,0xF79E,0xF79E,0xF79E,0xF79E,0xF79E,0xF79E,
0xF79E,0xF79E,0xF79E,0xF79E,0xF79E,0xF79E,0xF79E,0xF79E,0xF79E,0xF79E,0xF79E,0xF79E,
0xF79E,0xF79E,0xF79E,0xF79E,0xF79E,0xF79E,0xF79E,0xF79E,0xF79E,0xF79E,0xF79E,0xF79E,
0xF79E,0xF79E,0xF79E,0xF79E,0xF79E,0xF79E,0xF79E,0xF79E,0xF79E,0xF79E,0xF79E,0xF79E,
0xEF7D,0xEF7D,0xEF7D,0xEF7D,0xEF7D,0xEF7D,0xEF7D,0xEF7D,0xEF5D,0xEF5D,0xEF5D,0xEF5D,
0xEF5D,0xEF5D,0xE73C,0xE73C,0xE73C,0xE73C,0xE73C,0xE71C,0xE71C,0xE71C,0xE71C,0xE71C,
0xE71C,0xE71C,0xDEFB,0xDEFB,0xDEFB,0xDEFB,0xDEFB,0xDEFB,0xDEFB,0xDEFB,0xDEFB,0xDEFB,
0xDEFB,0xDEFB,0xE71C,0xE71C,0xE71C,0xE71C,0xE71C,0xE71C,0xE73C,0xE73C,0xE73C,0xE73C,
0xEF5D,0xEF5D,0xEF5D,0xEF5D,0xEF5D,0xEF7D,0xEF7D,0xEF7D,0xEF7D,0xEF7D,0xEF7D,0xF79E,
0xF79E,0xF79E,0xF79E,0xF79E,0xF79E,0xF79E,0xF79E,0xF79E,0xF79E,0xF79E,0xF79E,0xF79E,
0xF79E,0xF79E,0xF79E,0xF79E,0xF79E,0xF79E,0xF79E,0xF79E,0xF79E,0xF79E,0xF79E,0xF79E,
0xF79E,0xF79E,0xF79E,0xF79E,0xF79E,0xF79E,0xF79E,0xF79E,0xF79E,0xF79E,0xF79E,0xF79E,
0xF79E,
};
